2026-07-12 19:27:18,632 [INFO] ============================================================
2026-07-12 19:27:18,632 [INFO] ENTRENAMIENTO/FINETUNE — ResShift
2026-07-12 19:27:18,632 [INFO] ============================================================
2026-07-12 19:27:18,633 [INFO]   hr_dir: data\sr_kfold\fold_1\train\hr
2026-07-12 19:27:18,633 [INFO]   lr_dir: data\sr_kfold\fold_1\train\lr
2026-07-12 19:27:18,633 [INFO]   val_hr_dir: data\sr_kfold\fold_1\val\hr
2026-07-12 19:27:18,633 [INFO]   val_lr_dir: data\sr_kfold\fold_1\val\lr
2026-07-12 19:27:18,633 [INFO]   scale: 4
2026-07-12 19:27:18,633 [INFO]   config: ResShift\configs\realsr_swinunet_realesrgan256.yaml
2026-07-12 19:27:18,633 [INFO]   pretrained_ckpt: None
2026-07-12 19:27:18,633 [INFO]   iterations: 20000
2026-07-12 19:27:18,633 [INFO]   batch_size: 2
2026-07-12 19:27:18,633 [INFO]   lr: 5e-05
2026-07-12 19:27:18,633 [INFO]   save_freq: 2000
2026-07-12 19:27:18,633 [INFO]   val_freq: 2000
2026-07-12 19:27:18,633 [INFO]   resume_from: None
2026-07-12 19:27:18,634 [INFO]   tune_decoder: False
2026-07-12 19:27:18,634 [INFO]   lora_tune_decoder: False
2026-07-12 19:27:18,634 [INFO]   ema_rate: None
2026-07-12 19:27:18,634 [INFO]   augment: True
2026-07-12 19:27:18,634 [INFO]   num_workers: 2
2026-07-12 19:27:18,634 [INFO]   grad_accum_steps: 2
2026-07-12 19:27:18,634 [INFO]   output_dir: models\resshift_finetuned
2026-07-12 19:27:18,634 [INFO]   seed: 42
2026-07-12 19:27:18,634 [INFO]   exp_name: resshift_fold_1_s15_lr5e5
2026-07-12 19:27:18,634 [INFO]   log_level: INFO
2026-07-12 19:27:18,634 [INFO] ============================================================
2026-07-12 19:27:18,738 [INFO] Config base: ResShift\configs\realsr_swinunet_realesrgan256.yaml
2026-07-12 19:27:18,791 [INFO] YAML de finetune generado en: models\resshift_finetuned\resshift_fold_1_s15_lr5e5\finetune_config.yaml
2026-07-12 19:27:18,792 [INFO] Cargando configuración desde: models\resshift_finetuned\resshift_fold_1_s15_lr5e5\finetune_config.yaml
2026-07-12 19:27:18,834 [INFO] Inicializando trainer...
2026-07-12 19:27:22,172 [INFO] Iniciando entrenamiento por 20000 iteraciones...
trainer:
  target: custom_trainer.TrainerDifIRFixedVal
model:
  target: models.unet.UNetModelSwin
  ckpt_path: null
  params:
    image_size: 64
    in_channels: 3
    model_channels: 160
    out_channels: 3
    attention_resolutions:
    - 64
    - 32
    - 16
    - 8
    dropout: 0
    channel_mult:
    - 1
    - 2
    - 2
    - 4
    num_res_blocks:
    - 2
    - 2
    - 2
    - 2
    conv_resample: true
    dims: 2
    use_fp16: false
    num_head_channels: 32
    use_scale_shift_norm: true
    resblock_updown: false
    swin_depth: 2
    swin_embed_dim: 192
    window_size: 8
    mlp_ratio: 4
    cond_lq: true
    lq_size: 64
diffusion:
  target: models.script_util.create_gaussian_diffusion
  params:
    sf: 4
    schedule_name: exponential
    schedule_kwargs:
      power: 0.3
    etas_end: 0.99
    steps: 15
    min_noise_level: 0.04
    kappa: 2.0
    weighted_mse: false
    predict_type: xstart
    timestep_respacing: null
    scale_factor: 1.0
    normalize_input: true
    latent_flag: true
autoencoder:
  target: ldm.models.autoencoder.VQModelTorch
  ckpt_path: C:\TFM\ResShift\weights\autoencoder_vq_f4.pth
  use_fp16: true
  params:
    embed_dim: 3
    n_embed: 8192
    ddconfig:
      double_z: false
      z_channels: 3
      resolution: 256
      in_channels: 3
      out_ch: 3
      ch: 128
      ch_mult:
      - 1
      - 2
      - 4
      num_res_blocks: 2
      attn_resolutions: []
      dropout: 0.0
      padding_mode: zeros
    lora_tune_decoder: false
  tune_decoder: false
degradation:
  sf: 4
  resize_prob:
  - 0.2
  - 0.7
  - 0.1
  resize_range:
  - 0.15
  - 1.5
  gaussian_noise_prob: 0.5
  noise_range:
  - 1
  - 30
  poisson_scale_range:
  - 0.05
  - 3.0
  gray_noise_prob: 0.4
  jpeg_range:
  - 30
  - 95
  second_order_prob: 0.5
  second_blur_prob: 0.8
  resize_prob2:
  - 0.3
  - 0.4
  - 0.3
  resize_range2:
  - 0.3
  - 1.2
  gaussian_noise_prob2: 0.5
  noise_range2:
  - 1
  - 25
  poisson_scale_range2:
  - 0.05
  - 2.5
  gray_noise_prob2: 0.4
  jpeg_range2:
  - 30
  - 95
  gt_size: 256
  resize_back: false
  use_sharp: false
data:
  train:
    type: realesrgan
    params:
      dir_paths:
      - C:\TFM\data\sr_kfold\fold_1\train\hr
      txt_file_path: []
      im_exts:
      - JPG
      - jpg
      - png
      - PNG
      - jpeg
      io_backend:
        type: disk
      blur_kernel_size: 21
      kernel_list:
      - iso
      - aniso
      - generalized_iso
      - generalized_aniso
      - plateau_iso
      - plateau_aniso
      kernel_prob:
      - 0.45
      - 0.25
      - 0.12
      - 0.03
      - 0.12
      - 0.03
      sinc_prob: 0.1
      blur_sigma:
      - 0.2
      - 3.0
      betag_range:
      - 0.5
      - 4.0
      betap_range:
      - 1
      - 2.0
      blur_kernel_size2: 15
      kernel_list2:
      - iso
      - aniso
      - generalized_iso
      - generalized_aniso
      - plateau_iso
      - plateau_aniso
      kernel_prob2:
      - 0.45
      - 0.25
      - 0.12
      - 0.03
      - 0.12
      - 0.03
      sinc_prob2: 0.1
      blur_sigma2:
      - 0.2
      - 1.5
      betag_range2:
      - 0.5
      - 4.0
      betap_range2:
      - 1
      - 2.0
      final_sinc_prob: 0.8
      gt_size: 256
      crop_pad_size: 300
      use_hflip: true
      use_rot: true
      rescale_gt: true
  val:
    type: base
    params:
      dir_path: C:\TFM\data\sr_kfold\fold_1\val\hr
      im_exts: png
      transform_type: default
      transform_kwargs:
        mean: 0.5
        std: 0.5
      extra_dir_path: C:\TFM\data\sr_kfold\fold_1\val\lr
      extra_transform_type: default
      extra_transform_kwargs:
        mean: 0.5
        std: 0.5
      recursive: false
train:
  lr: 5.0e-05
  lr_min: 2.0e-05
  lr_schedule: null
  warmup_iterations: 5000
  batch:
  - 4
  - 1
  microbatch: 2
  num_workers: 2
  prefetch_factor: 2
  weight_decay: 0
  ema_rate: 0.999
  iterations: 20000
  save_freq: 2000
  log_freq:
  - 200
  - 400
  - 1
  local_logging: true
  tf_logging: false
  use_ema_val: true
  val_freq: 2000
  val_y_channel: true
  val_resolution: ${model.params.lq_size}
  val_padding_mode: constant
  use_amp: true
  seed: 42
  global_seeding: false
  compile:
    flag: false
    mode: reduce-overhead
save_dir: C:\TFM\models\resshift_finetuned\resshift_fold_1_s15_lr5e5
resume: ''

E:\Anaconda\envs\resshift\lib\site-packages\timm\models\layers\__init__.py:49: FutureWarning: Importing from timm.models.layers is deprecated, please import via timm.layers
  warnings.warn(f"Importing from {__name__} is deprecated, please import via timm.layers", FutureWarning)
2026-07-12 19:27:23,737 [WARNING] A matching Triton is not available, some optimizations will not be enabled
Traceback (most recent call last):
  File "E:\Anaconda\envs\resshift\lib\site-packages\xformers\__init__.py", line 57, in _is_triton_available
    import triton  # noqa
ModuleNotFoundError: No module named 'triton'
E:\Anaconda\envs\resshift\lib\site-packages\torch\functional.py:554: UserWarning: torch.meshgrid: in an upcoming release, it will be required to pass the indexing argument. (Triggered internally at C:\actions-runner\_work\pytorch\pytorch\pytorch\aten\src\ATen\native\TensorShape.cpp:4316.)
  return _VF.meshgrid(tensors, **kwargs)  # type: ignore[attr-defined]
Number of parameters: 118.59M
Restoring autoencoder from C:\TFM\ResShift\weights\autoencoder_vq_f4.pth
building MemoryEfficientAttnBlock with 512 in_channels...
Working with z of shape (1, 3, 64, 64) = 12288 dimensions.
building MemoryEfficientAttnBlock with 512 in_channels...
Loading autoencoder from C:\TFM\ResShift\weights\autoencoder_vq_f4.pth...
Loaded Done
Loading LIIPS Metric: vgg...
E:\Anaconda\envs\resshift\lib\site-packages\torchvision\models\_utils.py:208: UserWarning: The parameter 'pretrained' is deprecated since 0.13 and may be removed in the future, please use 'weights' instead.
  warnings.warn(
E:\Anaconda\envs\resshift\lib\site-packages\torchvision\models\_utils.py:223: UserWarning: Arguments other than a weight enum or `None` for 'weights' are deprecated since 0.13 and may be removed in the future. The current behavior is equivalent to passing `weights=VGG16_Weights.IMAGENET1K_V1`. You can also use `weights=VGG16_Weights.DEFAULT` to get the most up-to-date weights.
  warnings.warn(msg)
C:\TFM\ResShift\trainer.py:200: FutureWarning: `torch.cuda.amp.GradScaler(args...)` is deprecated. Please use `torch.amp.GradScaler('cuda', args...)` instead.
  self.amp_scaler = amp.GradScaler() if self.configs.train.use_amp else None
Setting up [LPIPS] perceptual loss: trunk [vgg], v[0.1], spatial [off]
Loading model from: E:\Anaconda\envs\resshift\lib\site-packages\lpips\weights\v0.1\vgg.pth
Number of images in train data set: 3856
Number of images in val data set: 482
C:\TFM\ResShift\trainer.py:731: FutureWarning: `torch.cuda.amp.autocast(args...)` is deprecated. Please use `torch.amp.autocast('cuda', args...)` instead.
  with context():
Train: 000200/020000, Loss/MSE: t(1):6.2e-01/6.2e-01, t(8):7.0e-01/7.0e-01, t(15):8.3e-01/8.3e-01, lr:1.99e-06
Train: 000400/020000, Loss/MSE: t(1):2.4e-01/2.4e-01, t(8):4.0e-01/4.0e-01, t(15):6.1e-01/6.1e-01, lr:3.99e-06
Train: 000600/020000, Loss/MSE: t(1):9.3e-02/9.3e-02, t(8):3.1e-01/3.1e-01, t(15):5.7e-01/5.7e-01, lr:5.99e-06
Train: 000800/020000, Loss/MSE: t(1):6.2e-02/6.2e-02, t(8):2.9e-01/2.9e-01, t(15):4.8e-01/4.8e-01, lr:7.99e-06
Train: 001000/020000, Loss/MSE: t(1):3.7e-02/3.7e-02, t(8):2.8e-01/2.8e-01, t(15):4.5e-01/4.5e-01, lr:9.99e-06
Train: 001200/020000, Loss/MSE: t(1):3.3e-02/3.3e-02, t(8):2.7e-01/2.7e-01, t(15):4.4e-01/4.4e-01, lr:1.20e-05
Train: 001400/020000, Loss/MSE: t(1):2.7e-02/2.7e-02, t(8):2.7e-01/2.7e-01, t(15):4.0e-01/4.0e-01, lr:1.40e-05
Train: 001600/020000, Loss/MSE: t(1):2.2e-02/2.2e-02, t(8):2.7e-01/2.7e-01, t(15):3.9e-01/3.9e-01, lr:1.60e-05
Train: 001800/020000, Loss/MSE: t(1):1.9e-02/1.9e-02, t(8):2.6e-01/2.6e-01, t(15):3.9e-01/3.9e-01, lr:1.80e-05
Train: 002000/020000, Loss/MSE: t(1):1.8e-02/1.8e-02, t(8):2.6e-01/2.6e-01, t(15):4.2e-01/4.2e-01, lr:2.00e-05
Elapsed time: 1242.81s
====================================================================================================
Validation: 01/482...
Validation: 02/482...
Validation: 03/482...
Validation: 04/482...
Validation: 05/482...
Validation: 06/482...
Validation: 07/482...
Validation: 08/482...
Validation: 09/482...
Validation: 10/482...
Validation: 11/482...
Validation: 12/482...
Validation: 13/482...
Validation: 14/482...
Validation: 15/482...
Validation: 16/482...
Validation: 17/482...
Validation: 18/482...
Validation: 19/482...
Validation: 20/482...
Validation: 21/482...
Validation: 22/482...
Validation: 23/482...
Validation: 24/482...
Validation: 25/482...
Validation: 26/482...
Validation: 27/482...
Validation: 28/482...
Validation: 29/482...
Validation: 30/482...
Validation: 31/482...
Validation: 32/482...
Validation: 33/482...
Validation: 34/482...
Validation: 35/482...
Validation: 36/482...
Validation: 37/482...
Validation: 38/482...
Validation: 39/482...
Validation: 40/482...
Validation: 41/482...
Validation: 42/482...
Validation: 43/482...
Validation: 44/482...
Validation: 45/482...
Validation: 46/482...
Validation: 47/482...
Validation: 48/482...
Validation: 49/482...
Validation: 50/482...
Validation: 51/482...
Validation: 52/482...
Validation: 53/482...
Validation: 54/482...
Validation: 55/482...
Validation: 56/482...
Validation: 57/482...
Validation: 58/482...
Validation: 59/482...
Validation: 60/482...
Validation: 61/482...
Validation: 62/482...
Validation: 63/482...
Validation: 64/482...
Validation: 65/482...
Validation: 66/482...
Validation: 67/482...
Validation: 68/482...
Validation: 69/482...
Validation: 70/482...
Validation: 71/482...
Validation: 72/482...
Validation: 73/482...
Validation: 74/482...
Validation: 75/482...
Validation: 76/482...
Validation: 77/482...
Validation: 78/482...
Validation: 79/482...
Validation: 80/482...
Validation: 81/482...
Validation: 82/482...
Validation: 83/482...
Validation: 84/482...
Validation: 85/482...
Validation: 86/482...
Validation: 87/482...
Validation: 88/482...
Validation: 89/482...
Validation: 90/482...
Validation: 91/482...
Validation: 92/482...
Validation: 93/482...
Validation: 94/482...
Validation: 95/482...
Validation: 96/482...
Validation: 97/482...
Validation: 98/482...
Validation: 99/482...
Validation: 100/482...
Validation: 101/482...
Validation: 102/482...
Validation: 103/482...
Validation: 104/482...
Validation: 105/482...
Validation: 106/482...
Validation: 107/482...
Validation: 108/482...
Validation: 109/482...
Validation: 110/482...
Validation: 111/482...
Validation: 112/482...
Validation: 113/482...
Validation: 114/482...
Validation: 115/482...
Validation: 116/482...
Validation: 117/482...
Validation: 118/482...
Validation: 119/482...
Validation: 120/482...
Validation: 121/482...
Validation: 122/482...
Validation: 123/482...
Validation: 124/482...
Validation: 125/482...
Validation: 126/482...
Validation: 127/482...
Validation: 128/482...
Validation: 129/482...
Validation: 130/482...
Validation: 131/482...
Validation: 132/482...
Validation: 133/482...
Validation: 134/482...
Validation: 135/482...
Validation: 136/482...
Validation: 137/482...
Validation: 138/482...
Validation: 139/482...
Validation: 140/482...
Validation: 141/482...
Validation: 142/482...
Validation: 143/482...
Validation: 144/482...
Validation: 145/482...
Validation: 146/482...
Validation: 147/482...
Validation: 148/482...
Validation: 149/482...
Validation: 150/482...
Validation: 151/482...
Validation: 152/482...
Validation: 153/482...
Validation: 154/482...
Validation: 155/482...
Validation: 156/482...
Validation: 157/482...
Validation: 158/482...
Validation: 159/482...
Validation: 160/482...
Validation: 161/482...
Validation: 162/482...
Validation: 163/482...
Validation: 164/482...
Validation: 165/482...
Validation: 166/482...
Validation: 167/482...
Validation: 168/482...
Validation: 169/482...
Validation: 170/482...
Validation: 171/482...
Validation: 172/482...
Validation: 173/482...
Validation: 174/482...
Validation: 175/482...
Validation: 176/482...
Validation: 177/482...
Validation: 178/482...
Validation: 179/482...
Validation: 180/482...
Validation: 181/482...
Validation: 182/482...
Validation: 183/482...
Validation: 184/482...
Validation: 185/482...
Validation: 186/482...
Validation: 187/482...
Validation: 188/482...
Validation: 189/482...
Validation: 190/482...
Validation: 191/482...
Validation: 192/482...
Validation: 193/482...
Validation: 194/482...
Validation: 195/482...
Validation: 196/482...
Validation: 197/482...
Validation: 198/482...
Validation: 199/482...
Validation: 200/482...
Validation: 201/482...
Validation: 202/482...
Validation: 203/482...
Validation: 204/482...
Validation: 205/482...
Validation: 206/482...
Validation: 207/482...
Validation: 208/482...
Validation: 209/482...
Validation: 210/482...
Validation: 211/482...
Validation: 212/482...
Validation: 213/482...
Validation: 214/482...
Validation: 215/482...
Validation: 216/482...
Validation: 217/482...
Validation: 218/482...
Validation: 219/482...
Validation: 220/482...
Validation: 221/482...
Validation: 222/482...
Validation: 223/482...
Validation: 224/482...
Validation: 225/482...
Validation: 226/482...
Validation: 227/482...
Validation: 228/482...
Validation: 229/482...
Validation: 230/482...
Validation: 231/482...
Validation: 232/482...
Validation: 233/482...
Validation: 234/482...
Validation: 235/482...
Validation: 236/482...
Validation: 237/482...
Validation: 238/482...
Validation: 239/482...
Validation: 240/482...
Validation: 241/482...
Validation: 242/482...
Validation: 243/482...
Validation: 244/482...
Validation: 245/482...
Validation: 246/482...
Validation: 247/482...
Validation: 248/482...
Validation: 249/482...
Validation: 250/482...
Validation: 251/482...
Validation: 252/482...
Validation: 253/482...
Validation: 254/482...
Validation: 255/482...
Validation: 256/482...
Validation: 257/482...
Validation: 258/482...
Validation: 259/482...
Validation: 260/482...
Validation: 261/482...
Validation: 262/482...
Validation: 263/482...
Validation: 264/482...
Validation: 265/482...
Validation: 266/482...
Validation: 267/482...
Validation: 268/482...
Validation: 269/482...
Validation: 270/482...
Validation: 271/482...
Validation: 272/482...
Validation: 273/482...
Validation: 274/482...
Validation: 275/482...
Validation: 276/482...
Validation: 277/482...
Validation: 278/482...
Validation: 279/482...
Validation: 280/482...
Validation: 281/482...
Validation: 282/482...
Validation: 283/482...
Validation: 284/482...
Validation: 285/482...
Validation: 286/482...
Validation: 287/482...
Validation: 288/482...
Validation: 289/482...
Validation: 290/482...
Validation: 291/482...
Validation: 292/482...
Validation: 293/482...
Validation: 294/482...
Validation: 295/482...
Validation: 296/482...
Validation: 297/482...
Validation: 298/482...
Validation: 299/482...
Validation: 300/482...
Validation: 301/482...
Validation: 302/482...
Validation: 303/482...
Validation: 304/482...
Validation: 305/482...
Validation: 306/482...
Validation: 307/482...
Validation: 308/482...
Validation: 309/482...
Validation: 310/482...
Validation: 311/482...
Validation: 312/482...
Validation: 313/482...
Validation: 314/482...
Validation: 315/482...
Validation: 316/482...
Validation: 317/482...
Validation: 318/482...
Validation: 319/482...
Validation: 320/482...
Validation: 321/482...
Validation: 322/482...
Validation: 323/482...
Validation: 324/482...
Validation: 325/482...
Validation: 326/482...
Validation: 327/482...
Validation: 328/482...
Validation: 329/482...
Validation: 330/482...
Validation: 331/482...
Validation: 332/482...
Validation: 333/482...
Validation: 334/482...
Validation: 335/482...
Validation: 336/482...
Validation: 337/482...
Validation: 338/482...
Validation: 339/482...
Validation: 340/482...
Validation: 341/482...
Validation: 342/482...
Validation: 343/482...
Validation: 344/482...
Validation: 345/482...
Validation: 346/482...
Validation: 347/482...
Validation: 348/482...
Validation: 349/482...
Validation: 350/482...
Validation: 351/482...
Validation: 352/482...
Validation: 353/482...
Validation: 354/482...
Validation: 355/482...
Validation: 356/482...
Validation: 357/482...
Validation: 358/482...
Validation: 359/482...
Validation: 360/482...
Validation: 361/482...
Validation: 362/482...
Validation: 363/482...
Validation: 364/482...
Validation: 365/482...
Validation: 366/482...
Validation: 367/482...
Validation: 368/482...
Validation: 369/482...
Validation: 370/482...
Validation: 371/482...
Validation: 372/482...
Validation: 373/482...
Validation: 374/482...
Validation: 375/482...
Validation: 376/482...
Validation: 377/482...
Validation: 378/482...
Validation: 379/482...
Validation: 380/482...
Validation: 381/482...
Validation: 382/482...
Validation: 383/482...
Validation: 384/482...
Validation: 385/482...
Validation: 386/482...
Validation: 387/482...
Validation: 388/482...
Validation: 389/482...
Validation: 390/482...
Validation: 391/482...
Validation: 392/482...
Validation: 393/482...
Validation: 394/482...
Validation: 395/482...
Validation: 396/482...
Validation: 397/482...
Validation: 398/482...
Validation: 399/482...
Validation: 400/482...
Validation: 401/482...
Validation: 402/482...
Validation: 403/482...
Validation: 404/482...
Validation: 405/482...
Validation: 406/482...
Validation: 407/482...
Validation: 408/482...
Validation: 409/482...
Validation: 410/482...
Validation: 411/482...
Validation: 412/482...
Validation: 413/482...
Validation: 414/482...
Validation: 415/482...
Validation: 416/482...
Validation: 417/482...
Validation: 418/482...
Validation: 419/482...
Validation: 420/482...
Validation: 421/482...
Validation: 422/482...
Validation: 423/482...
Validation: 424/482...
Validation: 425/482...
Validation: 426/482...
Validation: 427/482...
Validation: 428/482...
Validation: 429/482...
Validation: 430/482...
Validation: 431/482...
Validation: 432/482...
Validation: 433/482...
Validation: 434/482...
Validation: 435/482...
Validation: 436/482...
Validation: 437/482...
Validation: 438/482...
Validation: 439/482...
Validation: 440/482...
Validation: 441/482...
Validation: 442/482...
Validation: 443/482...
Validation: 444/482...
Validation: 445/482...
Validation: 446/482...
Validation: 447/482...
Validation: 448/482...
Validation: 449/482...
Validation: 450/482...
Validation: 451/482...
Validation: 452/482...
Validation: 453/482...
Validation: 454/482...
Validation: 455/482...
Validation: 456/482...
Validation: 457/482...
Validation: 458/482...
Validation: 459/482...
Validation: 460/482...
Validation: 461/482...
Validation: 462/482...
Validation: 463/482...
Validation: 464/482...
Validation: 465/482...
Validation: 466/482...
Validation: 467/482...
Validation: 468/482...
Validation: 469/482...
Validation: 470/482...
Validation: 471/482...
Validation: 472/482...
Validation: 473/482...
Validation: 474/482...
Validation: 475/482...
Validation: 476/482...
Validation: 477/482...
Validation: 478/482...
Validation: 479/482...
Validation: 480/482...
Validation: 481/482...
Validation: 482/482...
Validation Metric: PSNR=11.88, LPIPS=0.7534...
====================================================================================================
Train: 002200/020000, Loss/MSE: t(1):1.6e-02/1.6e-02, t(8):2.5e-01/2.5e-01, t(15):4.1e-01/4.1e-01, lr:2.20e-05
Train: 002400/020000, Loss/MSE: t(1):1.5e-02/1.5e-02, t(8):2.5e-01/2.5e-01, t(15):3.6e-01/3.6e-01, lr:2.40e-05
Train: 002600/020000, Loss/MSE: t(1):1.3e-02/1.3e-02, t(8):2.5e-01/2.5e-01, t(15):4.0e-01/4.0e-01, lr:2.60e-05
Train: 002800/020000, Loss/MSE: t(1):1.4e-02/1.4e-02, t(8):2.5e-01/2.5e-01, t(15):4.0e-01/4.0e-01, lr:2.80e-05
Train: 003000/020000, Loss/MSE: t(1):1.3e-02/1.3e-02, t(8):2.4e-01/2.4e-01, t(15):3.5e-01/3.5e-01, lr:3.00e-05
Train: 003200/020000, Loss/MSE: t(1):1.1e-02/1.1e-02, t(8):2.4e-01/2.4e-01, t(15):3.8e-01/3.8e-01, lr:3.20e-05
Train: 003400/020000, Loss/MSE: t(1):1.2e-02/1.2e-02, t(8):2.4e-01/2.4e-01, t(15):4.1e-01/4.1e-01, lr:3.40e-05
Train: 003600/020000, Loss/MSE: t(1):1.1e-02/1.1e-02, t(8):2.4e-01/2.4e-01, t(15):3.6e-01/3.6e-01, lr:3.60e-05
Train: 003800/020000, Loss/MSE: t(1):1.2e-02/1.2e-02, t(8):2.4e-01/2.4e-01, t(15):3.8e-01/3.8e-01, lr:3.80e-05
Train: 004000/020000, Loss/MSE: t(1):1.1e-02/1.1e-02, t(8):2.4e-01/2.4e-01, t(15):4.1e-01/4.1e-01, lr:4.00e-05
Elapsed time: 1242.78s
====================================================================================================
Validation: 01/482...
Validation: 02/482...
Validation: 03/482...
Validation: 04/482...
Validation: 05/482...
Validation: 06/482...
Validation: 07/482...
Validation: 08/482...
Validation: 09/482...
Validation: 10/482...
Validation: 11/482...
Validation: 12/482...
Validation: 13/482...
Validation: 14/482...
Validation: 15/482...
Validation: 16/482...
Validation: 17/482...
Validation: 18/482...
Validation: 19/482...
Validation: 20/482...
Validation: 21/482...
Validation: 22/482...
Validation: 23/482...
Validation: 24/482...
Validation: 25/482...
Validation: 26/482...
Validation: 27/482...
Validation: 28/482...
Validation: 29/482...
Validation: 30/482...
Validation: 31/482...
Validation: 32/482...
Validation: 33/482...
Validation: 34/482...
Validation: 35/482...
Validation: 36/482...
Validation: 37/482...
Validation: 38/482...
Validation: 39/482...
Validation: 40/482...
Validation: 41/482...
Validation: 42/482...
Validation: 43/482...
Validation: 44/482...
Validation: 45/482...
Validation: 46/482...
Validation: 47/482...
Validation: 48/482...
Validation: 49/482...
Validation: 50/482...
Validation: 51/482...
Validation: 52/482...
Validation: 53/482...
Validation: 54/482...
Validation: 55/482...
Validation: 56/482...
Validation: 57/482...
Validation: 58/482...
Validation: 59/482...
Validation: 60/482...
Validation: 61/482...
Validation: 62/482...
Validation: 63/482...
Validation: 64/482...
Validation: 65/482...
Validation: 66/482...
Validation: 67/482...
Validation: 68/482...
Validation: 69/482...
Validation: 70/482...
Validation: 71/482...
Validation: 72/482...
Validation: 73/482...
Validation: 74/482...
Validation: 75/482...
Validation: 76/482...
Validation: 77/482...
Validation: 78/482...
Validation: 79/482...
Validation: 80/482...
Validation: 81/482...
Validation: 82/482...
Validation: 83/482...
Validation: 84/482...
Validation: 85/482...
Validation: 86/482...
Validation: 87/482...
Validation: 88/482...
Validation: 89/482...
Validation: 90/482...
Validation: 91/482...
Validation: 92/482...
Validation: 93/482...
Validation: 94/482...
Validation: 95/482...
Validation: 96/482...
Validation: 97/482...
Validation: 98/482...
Validation: 99/482...
Validation: 100/482...
Validation: 101/482...
Validation: 102/482...
Validation: 103/482...
Validation: 104/482...
Validation: 105/482...
Validation: 106/482...
Validation: 107/482...
Validation: 108/482...
Validation: 109/482...
Validation: 110/482...
Validation: 111/482...
Validation: 112/482...
Validation: 113/482...
Validation: 114/482...
Validation: 115/482...
Validation: 116/482...
Validation: 117/482...
Validation: 118/482...
Validation: 119/482...
Validation: 120/482...
Validation: 121/482...
Validation: 122/482...
Validation: 123/482...
Validation: 124/482...
Validation: 125/482...
Validation: 126/482...
Validation: 127/482...
Validation: 128/482...
Validation: 129/482...
Validation: 130/482...
Validation: 131/482...
Validation: 132/482...
Validation: 133/482...
Validation: 134/482...
Validation: 135/482...
Validation: 136/482...
Validation: 137/482...
Validation: 138/482...
Validation: 139/482...
Validation: 140/482...
Validation: 141/482...
Validation: 142/482...
Validation: 143/482...
Validation: 144/482...
Validation: 145/482...
Validation: 146/482...
Validation: 147/482...
Validation: 148/482...
Validation: 149/482...
Validation: 150/482...
Validation: 151/482...
Validation: 152/482...
Validation: 153/482...
Validation: 154/482...
Validation: 155/482...
Validation: 156/482...
Validation: 157/482...
Validation: 158/482...
Validation: 159/482...
Validation: 160/482...
Validation: 161/482...
Validation: 162/482...
Validation: 163/482...
Validation: 164/482...
Validation: 165/482...
Validation: 166/482...
Validation: 167/482...
Validation: 168/482...
Validation: 169/482...
Validation: 170/482...
Validation: 171/482...
Validation: 172/482...
Validation: 173/482...
Validation: 174/482...
Validation: 175/482...
Validation: 176/482...
Validation: 177/482...
Validation: 178/482...
Validation: 179/482...
Validation: 180/482...
Validation: 181/482...
Validation: 182/482...
Validation: 183/482...
Validation: 184/482...
Validation: 185/482...
Validation: 186/482...
Validation: 187/482...
Validation: 188/482...
Validation: 189/482...
Validation: 190/482...
Validation: 191/482...
Validation: 192/482...
Validation: 193/482...
Validation: 194/482...
Validation: 195/482...
Validation: 196/482...
Validation: 197/482...
Validation: 198/482...
Validation: 199/482...
Validation: 200/482...
Validation: 201/482...
Validation: 202/482...
Validation: 203/482...
Validation: 204/482...
Validation: 205/482...
Validation: 206/482...
Validation: 207/482...
Validation: 208/482...
Validation: 209/482...
Validation: 210/482...
Validation: 211/482...
Validation: 212/482...
Validation: 213/482...
Validation: 214/482...
Validation: 215/482...
Validation: 216/482...
Validation: 217/482...
Validation: 218/482...
Validation: 219/482...
Validation: 220/482...
Validation: 221/482...
Validation: 222/482...
Validation: 223/482...
Validation: 224/482...
Validation: 225/482...
Validation: 226/482...
Validation: 227/482...
Validation: 228/482...
Validation: 229/482...
Validation: 230/482...
Validation: 231/482...
Validation: 232/482...
Validation: 233/482...
Validation: 234/482...
Validation: 235/482...
Validation: 236/482...
Validation: 237/482...
Validation: 238/482...
Validation: 239/482...
Validation: 240/482...
Validation: 241/482...
Validation: 242/482...
Validation: 243/482...
Validation: 244/482...
Validation: 245/482...
Validation: 246/482...
Validation: 247/482...
Validation: 248/482...
Validation: 249/482...
Validation: 250/482...
Validation: 251/482...
Validation: 252/482...
Validation: 253/482...
Validation: 254/482...
Validation: 255/482...
Validation: 256/482...
Validation: 257/482...
Validation: 258/482...
Validation: 259/482...
Validation: 260/482...
Validation: 261/482...
Validation: 262/482...
Validation: 263/482...
Validation: 264/482...
Validation: 265/482...
Validation: 266/482...
Validation: 267/482...
Validation: 268/482...
Validation: 269/482...
Validation: 270/482...
Validation: 271/482...
Validation: 272/482...
Validation: 273/482...
Validation: 274/482...
Validation: 275/482...
Validation: 276/482...
Validation: 277/482...
Validation: 278/482...
Validation: 279/482...
Validation: 280/482...
Validation: 281/482...
Validation: 282/482...
Validation: 283/482...
Validation: 284/482...
Validation: 285/482...
Validation: 286/482...
Validation: 287/482...
Validation: 288/482...
Validation: 289/482...
Validation: 290/482...
Validation: 291/482...
Validation: 292/482...
Validation: 293/482...
Validation: 294/482...
Validation: 295/482...
Validation: 296/482...
Validation: 297/482...
Validation: 298/482...
Validation: 299/482...
Validation: 300/482...
Validation: 301/482...
Validation: 302/482...
Validation: 303/482...
Validation: 304/482...
Validation: 305/482...
Validation: 306/482...
Validation: 307/482...
Validation: 308/482...
Validation: 309/482...
Validation: 310/482...
Validation: 311/482...
Validation: 312/482...
Validation: 313/482...
Validation: 314/482...
Validation: 315/482...
Validation: 316/482...
Validation: 317/482...
Validation: 318/482...
Validation: 319/482...
Validation: 320/482...
Validation: 321/482...
Validation: 322/482...
Validation: 323/482...
Validation: 324/482...
Validation: 325/482...
Validation: 326/482...
Validation: 327/482...
Validation: 328/482...
Validation: 329/482...
Validation: 330/482...
Validation: 331/482...
Validation: 332/482...
Validation: 333/482...
Validation: 334/482...
Validation: 335/482...
Validation: 336/482...
Validation: 337/482...
Validation: 338/482...
Validation: 339/482...
Validation: 340/482...
Validation: 341/482...
Validation: 342/482...
Validation: 343/482...
Validation: 344/482...
Validation: 345/482...
Validation: 346/482...
Validation: 347/482...
Validation: 348/482...
Validation: 349/482...
Validation: 350/482...
Validation: 351/482...
Validation: 352/482...
Validation: 353/482...
Validation: 354/482...
Validation: 355/482...
Validation: 356/482...
Validation: 357/482...
Validation: 358/482...
Validation: 359/482...
Validation: 360/482...
Validation: 361/482...
Validation: 362/482...
Validation: 363/482...
Validation: 364/482...
Validation: 365/482...
Validation: 366/482...
Validation: 367/482...
Validation: 368/482...
Validation: 369/482...
Validation: 370/482...
Validation: 371/482...
Validation: 372/482...
Validation: 373/482...
Validation: 374/482...
Validation: 375/482...
Validation: 376/482...
Validation: 377/482...
Validation: 378/482...
Validation: 379/482...
Validation: 380/482...
Validation: 381/482...
Validation: 382/482...
Validation: 383/482...
Validation: 384/482...
Validation: 385/482...
Validation: 386/482...
Validation: 387/482...
Validation: 388/482...
Validation: 389/482...
Validation: 390/482...
Validation: 391/482...
Validation: 392/482...
Validation: 393/482...
Validation: 394/482...
Validation: 395/482...
Validation: 396/482...
Validation: 397/482...
Validation: 398/482...
Validation: 399/482...
Validation: 400/482...
Validation: 401/482...
Validation: 402/482...
Validation: 403/482...
Validation: 404/482...
Validation: 405/482...
Validation: 406/482...
Validation: 407/482...
Validation: 408/482...
Validation: 409/482...
Validation: 410/482...
Validation: 411/482...
Validation: 412/482...
Validation: 413/482...
Validation: 414/482...
Validation: 415/482...
Validation: 416/482...
Validation: 417/482...
Validation: 418/482...
Validation: 419/482...
Validation: 420/482...
Validation: 421/482...
Validation: 422/482...
Validation: 423/482...
Validation: 424/482...
Validation: 425/482...
Validation: 426/482...
Validation: 427/482...
Validation: 428/482...
Validation: 429/482...
Validation: 430/482...
Validation: 431/482...
Validation: 432/482...
Validation: 433/482...
Validation: 434/482...
Validation: 435/482...
Validation: 436/482...
Validation: 437/482...
Validation: 438/482...
Validation: 439/482...
Validation: 440/482...
Validation: 441/482...
Validation: 442/482...
Validation: 443/482...
Validation: 444/482...
Validation: 445/482...
Validation: 446/482...
Validation: 447/482...
Validation: 448/482...
Validation: 449/482...
Validation: 450/482...
Validation: 451/482...
Validation: 452/482...
Validation: 453/482...
Validation: 454/482...
Validation: 455/482...
Validation: 456/482...
Validation: 457/482...
Validation: 458/482...
Validation: 459/482...
Validation: 460/482...
Validation: 461/482...
Validation: 462/482...
Validation: 463/482...
Validation: 464/482...
Validation: 465/482...
Validation: 466/482...
Validation: 467/482...
Validation: 468/482...
Validation: 469/482...
Validation: 470/482...
Validation: 471/482...
Validation: 472/482...
Validation: 473/482...
Validation: 474/482...
Validation: 475/482...
Validation: 476/482...
Validation: 477/482...
Validation: 478/482...
Validation: 479/482...
Validation: 480/482...
Validation: 481/482...
Validation: 482/482...
Validation Metric: PSNR=12.10, LPIPS=0.7880...
====================================================================================================
Train: 004200/020000, Loss/MSE: t(1):9.5e-03/9.5e-03, t(8):2.4e-01/2.4e-01, t(15):4.0e-01/4.0e-01, lr:4.20e-05
Train: 004400/020000, Loss/MSE: t(1):9.7e-03/9.7e-03, t(8):2.3e-01/2.3e-01, t(15):4.1e-01/4.1e-01, lr:4.40e-05
Train: 004600/020000, Loss/MSE: t(1):9.1e-03/9.1e-03, t(8):2.3e-01/2.3e-01, t(15):3.5e-01/3.5e-01, lr:4.60e-05
Train: 004800/020000, Loss/MSE: t(1):9.9e-03/9.9e-03, t(8):2.3e-01/2.3e-01, t(15):3.6e-01/3.6e-01, lr:4.80e-05
Train: 005000/020000, Loss/MSE: t(1):8.5e-03/8.5e-03, t(8):2.3e-01/2.3e-01, t(15):4.1e-01/4.1e-01, lr:5.00e-05
Train: 005200/020000, Loss/MSE: t(1):7.8e-03/7.8e-03, t(8):2.2e-01/2.2e-01, t(15):3.6e-01/3.6e-01, lr:5.00e-05
Train: 005400/020000, Loss/MSE: t(1):8.2e-03/8.2e-03, t(8):2.2e-01/2.2e-01, t(15):3.7e-01/3.7e-01, lr:5.00e-05
Train: 005600/020000, Loss/MSE: t(1):8.3e-03/8.3e-03, t(8):2.3e-01/2.3e-01, t(15):3.8e-01/3.8e-01, lr:5.00e-05
Train: 005800/020000, Loss/MSE: t(1):7.3e-03/7.3e-03, t(8):2.3e-01/2.3e-01, t(15):3.5e-01/3.5e-01, lr:5.00e-05
Train: 006000/020000, Loss/MSE: t(1):8.1e-03/8.1e-03, t(8):2.2e-01/2.2e-01, t(15):4.2e-01/4.2e-01, lr:5.00e-05
Elapsed time: 1257.27s
====================================================================================================
Validation: 01/482...
Validation: 02/482...
Validation: 03/482...
Validation: 04/482...
Validation: 05/482...
Validation: 06/482...
Validation: 07/482...
Validation: 08/482...
Validation: 09/482...
Validation: 10/482...
Validation: 11/482...
Validation: 12/482...
Validation: 13/482...
Validation: 14/482...
Validation: 15/482...
Validation: 16/482...
Validation: 17/482...
Validation: 18/482...
Validation: 19/482...
Validation: 20/482...
Validation: 21/482...
Validation: 22/482...
Validation: 23/482...
Validation: 24/482...
Validation: 25/482...
Validation: 26/482...
Validation: 27/482...
Validation: 28/482...
Validation: 29/482...
Validation: 30/482...
Validation: 31/482...
Validation: 32/482...
Validation: 33/482...
Validation: 34/482...
Validation: 35/482...
Validation: 36/482...
Validation: 37/482...
Validation: 38/482...
Validation: 39/482...
Validation: 40/482...
Validation: 41/482...
Validation: 42/482...
Validation: 43/482...
Validation: 44/482...
Validation: 45/482...
Validation: 46/482...
Validation: 47/482...
Validation: 48/482...
Validation: 49/482...
Validation: 50/482...
Validation: 51/482...
Validation: 52/482...
Validation: 53/482...
Validation: 54/482...
Validation: 55/482...
Validation: 56/482...
Validation: 57/482...
Validation: 58/482...
Validation: 59/482...
Validation: 60/482...
Validation: 61/482...
Validation: 62/482...
Validation: 63/482...
Validation: 64/482...
Validation: 65/482...
Validation: 66/482...
Validation: 67/482...
Validation: 68/482...
Validation: 69/482...
Validation: 70/482...
Validation: 71/482...
Validation: 72/482...
Validation: 73/482...
Validation: 74/482...
Validation: 75/482...
Validation: 76/482...
Validation: 77/482...
Validation: 78/482...
Validation: 79/482...
Validation: 80/482...
Validation: 81/482...
Validation: 82/482...
Validation: 83/482...
Validation: 84/482...
Validation: 85/482...
Validation: 86/482...
Validation: 87/482...
Validation: 88/482...
Validation: 89/482...
Validation: 90/482...
Validation: 91/482...
Validation: 92/482...
Validation: 93/482...
Validation: 94/482...
Validation: 95/482...
Validation: 96/482...
Validation: 97/482...
Validation: 98/482...
Validation: 99/482...
Validation: 100/482...
Validation: 101/482...
Validation: 102/482...
Validation: 103/482...
Validation: 104/482...
Validation: 105/482...
Validation: 106/482...
Validation: 107/482...
Validation: 108/482...
Validation: 109/482...
Validation: 110/482...
Validation: 111/482...
Validation: 112/482...
Validation: 113/482...
Validation: 114/482...
Validation: 115/482...
Validation: 116/482...
Validation: 117/482...
Validation: 118/482...
Validation: 119/482...
Validation: 120/482...
Validation: 121/482...
Validation: 122/482...
Validation: 123/482...
Validation: 124/482...
Validation: 125/482...
Validation: 126/482...
Validation: 127/482...
Validation: 128/482...
Validation: 129/482...
Validation: 130/482...
Validation: 131/482...
Validation: 132/482...
Validation: 133/482...
Validation: 134/482...
Validation: 135/482...
Validation: 136/482...
Validation: 137/482...
Validation: 138/482...
Validation: 139/482...
Validation: 140/482...
Validation: 141/482...
Validation: 142/482...
Validation: 143/482...
Validation: 144/482...
Validation: 145/482...
Validation: 146/482...
Validation: 147/482...
Validation: 148/482...
Validation: 149/482...
Validation: 150/482...
Validation: 151/482...
Validation: 152/482...
Validation: 153/482...
Validation: 154/482...
Validation: 155/482...
Validation: 156/482...
Validation: 157/482...
Validation: 158/482...
Validation: 159/482...
Validation: 160/482...
Validation: 161/482...
Validation: 162/482...
Validation: 163/482...
Validation: 164/482...
Validation: 165/482...
Validation: 166/482...
Validation: 167/482...
Validation: 168/482...
Validation: 169/482...
Validation: 170/482...
Validation: 171/482...
Validation: 172/482...
Validation: 173/482...
Validation: 174/482...
Validation: 175/482...
Validation: 176/482...
Validation: 177/482...
Validation: 178/482...
Validation: 179/482...
Validation: 180/482...
Validation: 181/482...
Validation: 182/482...
Validation: 183/482...
Validation: 184/482...
Validation: 185/482...
Validation: 186/482...
Validation: 187/482...
Validation: 188/482...
Validation: 189/482...
Validation: 190/482...
Validation: 191/482...
Validation: 192/482...
Validation: 193/482...
Validation: 194/482...
Validation: 195/482...
Validation: 196/482...
Validation: 197/482...
Validation: 198/482...
Validation: 199/482...
Validation: 200/482...
Validation: 201/482...
Validation: 202/482...
Validation: 203/482...
Validation: 204/482...
Validation: 205/482...
Validation: 206/482...
Validation: 207/482...
Validation: 208/482...
Validation: 209/482...
Validation: 210/482...
Validation: 211/482...
Validation: 212/482...
Validation: 213/482...
Validation: 214/482...
Validation: 215/482...
Validation: 216/482...
Validation: 217/482...
Validation: 218/482...
Validation: 219/482...
Validation: 220/482...
Validation: 221/482...
Validation: 222/482...
Validation: 223/482...
Validation: 224/482...
Validation: 225/482...
Validation: 226/482...
Validation: 227/482...
Validation: 228/482...
Validation: 229/482...
Validation: 230/482...
Validation: 231/482...
Validation: 232/482...
Validation: 233/482...
Validation: 234/482...
Validation: 235/482...
Validation: 236/482...
Validation: 237/482...
Validation: 238/482...
Validation: 239/482...
Validation: 240/482...
Validation: 241/482...
Validation: 242/482...
Validation: 243/482...
Validation: 244/482...
Validation: 245/482...
Validation: 246/482...
Validation: 247/482...
Validation: 248/482...
Validation: 249/482...
Validation: 250/482...
Validation: 251/482...
Validation: 252/482...
Validation: 253/482...
Validation: 254/482...
Validation: 255/482...
Validation: 256/482...
Validation: 257/482...
Validation: 258/482...
Validation: 259/482...
Validation: 260/482...
Validation: 261/482...
Validation: 262/482...
Validation: 263/482...
Validation: 264/482...
Validation: 265/482...
Validation: 266/482...
Validation: 267/482...
Validation: 268/482...
Validation: 269/482...
Validation: 270/482...
Validation: 271/482...
Validation: 272/482...
Validation: 273/482...
Validation: 274/482...
Validation: 275/482...
Validation: 276/482...
Validation: 277/482...
Validation: 278/482...
Validation: 279/482...
Validation: 280/482...
Validation: 281/482...
Validation: 282/482...
Validation: 283/482...
Validation: 284/482...
Validation: 285/482...
Validation: 286/482...
Validation: 287/482...
Validation: 288/482...
Validation: 289/482...
Validation: 290/482...
Validation: 291/482...
Validation: 292/482...
Validation: 293/482...
Validation: 294/482...
Validation: 295/482...
Validation: 296/482...
Validation: 297/482...
Validation: 298/482...
Validation: 299/482...
Validation: 300/482...
Validation: 301/482...
Validation: 302/482...
Validation: 303/482...
Validation: 304/482...
Validation: 305/482...
Validation: 306/482...
Validation: 307/482...
Validation: 308/482...
Validation: 309/482...
Validation: 310/482...
Validation: 311/482...
Validation: 312/482...
Validation: 313/482...
Validation: 314/482...
Validation: 315/482...
Validation: 316/482...
Validation: 317/482...
Validation: 318/482...
Validation: 319/482...
Validation: 320/482...
Validation: 321/482...
Validation: 322/482...
Validation: 323/482...
Validation: 324/482...
Validation: 325/482...
Validation: 326/482...
Validation: 327/482...
Validation: 328/482...
Validation: 329/482...
Validation: 330/482...
Validation: 331/482...
Validation: 332/482...
Validation: 333/482...
Validation: 334/482...
Validation: 335/482...
Validation: 336/482...
Validation: 337/482...
Validation: 338/482...
Validation: 339/482...
Validation: 340/482...
Validation: 341/482...
Validation: 342/482...
Validation: 343/482...
Validation: 344/482...
Validation: 345/482...
Validation: 346/482...
Validation: 347/482...
Validation: 348/482...
Validation: 349/482...
Validation: 350/482...
Validation: 351/482...
Validation: 352/482...
Validation: 353/482...
Validation: 354/482...
Validation: 355/482...
Validation: 356/482...
Validation: 357/482...
Validation: 358/482...
Validation: 359/482...
Validation: 360/482...
Validation: 361/482...
Validation: 362/482...
Validation: 363/482...
Validation: 364/482...
Validation: 365/482...
Validation: 366/482...
Validation: 367/482...
Validation: 368/482...
Validation: 369/482...
Validation: 370/482...
Validation: 371/482...
Validation: 372/482...
Validation: 373/482...
Validation: 374/482...
Validation: 375/482...
Validation: 376/482...
Validation: 377/482...
Validation: 378/482...
Validation: 379/482...
Validation: 380/482...
Validation: 381/482...
Validation: 382/482...
Validation: 383/482...
Validation: 384/482...
Validation: 385/482...
Validation: 386/482...
Validation: 387/482...
Validation: 388/482...
Validation: 389/482...
Validation: 390/482...
Validation: 391/482...
Validation: 392/482...
Validation: 393/482...
Validation: 394/482...
Validation: 395/482...
Validation: 396/482...
Validation: 397/482...
Validation: 398/482...
Validation: 399/482...
Validation: 400/482...
Validation: 401/482...
Validation: 402/482...
Validation: 403/482...
Validation: 404/482...
Validation: 405/482...
Validation: 406/482...
Validation: 407/482...
Validation: 408/482...
Validation: 409/482...
Validation: 410/482...
Validation: 411/482...
Validation: 412/482...
Validation: 413/482...
Validation: 414/482...
Validation: 415/482...
Validation: 416/482...
Validation: 417/482...
Validation: 418/482...
Validation: 419/482...
Validation: 420/482...
Validation: 421/482...
Validation: 422/482...
Validation: 423/482...
Validation: 424/482...
Validation: 425/482...
Validation: 426/482...
Validation: 427/482...
Validation: 428/482...
Validation: 429/482...
Validation: 430/482...
Validation: 431/482...
Validation: 432/482...
Validation: 433/482...
Validation: 434/482...
Validation: 435/482...
Validation: 436/482...
Validation: 437/482...
Validation: 438/482...
Validation: 439/482...
Validation: 440/482...
Validation: 441/482...
Validation: 442/482...
Validation: 443/482...
Validation: 444/482...
Validation: 445/482...
Validation: 446/482...
Validation: 447/482...
Validation: 448/482...
Validation: 449/482...
Validation: 450/482...
Validation: 451/482...
Validation: 452/482...
Validation: 453/482...
Validation: 454/482...
Validation: 455/482...
Validation: 456/482...
Validation: 457/482...
Validation: 458/482...
Validation: 459/482...
Validation: 460/482...
Validation: 461/482...
Validation: 462/482...
Validation: 463/482...
Validation: 464/482...
Validation: 465/482...
Validation: 466/482...
Validation: 467/482...
Validation: 468/482...
Validation: 469/482...
Validation: 470/482...
Validation: 471/482...
Validation: 472/482...
Validation: 473/482...
Validation: 474/482...
Validation: 475/482...
Validation: 476/482...
Validation: 477/482...
Validation: 478/482...
Validation: 479/482...
Validation: 480/482...
Validation: 481/482...
Validation: 482/482...
Validation Metric: PSNR=12.28, LPIPS=0.7835...
====================================================================================================
Train: 006200/020000, Loss/MSE: t(1):8.3e-03/8.3e-03, t(8):2.1e-01/2.1e-01, t(15):3.5e-01/3.5e-01, lr:5.00e-05
Train: 006400/020000, Loss/MSE: t(1):7.2e-03/7.2e-03, t(8):2.3e-01/2.3e-01, t(15):3.5e-01/3.5e-01, lr:5.00e-05
Train: 006600/020000, Loss/MSE: t(1):6.8e-03/6.8e-03, t(8):2.2e-01/2.2e-01, t(15):3.6e-01/3.6e-01, lr:5.00e-05
Train: 006800/020000, Loss/MSE: t(1):7.2e-03/7.2e-03, t(8):2.2e-01/2.2e-01, t(15):3.5e-01/3.5e-01, lr:5.00e-05
Train: 007000/020000, Loss/MSE: t(1):7.8e-03/7.8e-03, t(8):2.2e-01/2.2e-01, t(15):3.8e-01/3.8e-01, lr:5.00e-05
Train: 007200/020000, Loss/MSE: t(1):6.4e-03/6.4e-03, t(8):2.1e-01/2.1e-01, t(15):3.4e-01/3.4e-01, lr:5.00e-05
Train: 007400/020000, Loss/MSE: t(1):7.5e-03/7.5e-03, t(8):2.1e-01/2.1e-01, t(15):3.8e-01/3.8e-01, lr:5.00e-05
Train: 007600/020000, Loss/MSE: t(1):6.7e-03/6.7e-03, t(8):2.1e-01/2.1e-01, t(15):3.8e-01/3.8e-01, lr:5.00e-05
Train: 007800/020000, Loss/MSE: t(1):6.5e-03/6.5e-03, t(8):2.1e-01/2.1e-01, t(15):3.5e-01/3.5e-01, lr:5.00e-05
Train: 008000/020000, Loss/MSE: t(1):6.4e-03/6.4e-03, t(8):2.1e-01/2.1e-01, t(15):3.5e-01/3.5e-01, lr:5.00e-05
Elapsed time: 1251.82s
====================================================================================================
Validation: 01/482...
Validation: 02/482...
Validation: 03/482...
Validation: 04/482...
Validation: 05/482...
Validation: 06/482...
Validation: 07/482...
Validation: 08/482...
Validation: 09/482...
Validation: 10/482...
Validation: 11/482...
Validation: 12/482...
Validation: 13/482...
Validation: 14/482...
Validation: 15/482...
Validation: 16/482...
Validation: 17/482...
Validation: 18/482...
Validation: 19/482...
Validation: 20/482...
Validation: 21/482...
Validation: 22/482...
Validation: 23/482...
Validation: 24/482...
Validation: 25/482...
Validation: 26/482...
Validation: 27/482...
Validation: 28/482...
Validation: 29/482...
Validation: 30/482...
Validation: 31/482...
Validation: 32/482...
Validation: 33/482...
Validation: 34/482...
Validation: 35/482...
Validation: 36/482...
Validation: 37/482...
Validation: 38/482...
Validation: 39/482...
Validation: 40/482...
Validation: 41/482...
Validation: 42/482...
Validation: 43/482...
Validation: 44/482...
Validation: 45/482...
Validation: 46/482...
Validation: 47/482...
Validation: 48/482...
Validation: 49/482...
Validation: 50/482...
Validation: 51/482...
Validation: 52/482...
Validation: 53/482...
Validation: 54/482...
Validation: 55/482...
Validation: 56/482...
Validation: 57/482...
Validation: 58/482...
Validation: 59/482...
Validation: 60/482...
Validation: 61/482...
Validation: 62/482...
Validation: 63/482...
Validation: 64/482...
Validation: 65/482...
Validation: 66/482...
Validation: 67/482...
Validation: 68/482...
Validation: 69/482...
Validation: 70/482...
Validation: 71/482...
Validation: 72/482...
Validation: 73/482...
Validation: 74/482...
Validation: 75/482...
Validation: 76/482...
Validation: 77/482...
Validation: 78/482...
Validation: 79/482...
Validation: 80/482...
Validation: 81/482...
Validation: 82/482...
Validation: 83/482...
Validation: 84/482...
Validation: 85/482...
Validation: 86/482...
Validation: 87/482...
Validation: 88/482...
Validation: 89/482...
Validation: 90/482...
Validation: 91/482...
Validation: 92/482...
Validation: 93/482...
Validation: 94/482...
Validation: 95/482...
Validation: 96/482...
Validation: 97/482...
Validation: 98/482...
Validation: 99/482...
Validation: 100/482...
Validation: 101/482...
Validation: 102/482...
Validation: 103/482...
Validation: 104/482...
Validation: 105/482...
Validation: 106/482...
Validation: 107/482...
Validation: 108/482...
Validation: 109/482...
Validation: 110/482...
Validation: 111/482...
Validation: 112/482...
Validation: 113/482...
Validation: 114/482...
Validation: 115/482...
Validation: 116/482...
Validation: 117/482...
Validation: 118/482...
Validation: 119/482...
Validation: 120/482...
Validation: 121/482...
Validation: 122/482...
Validation: 123/482...
Validation: 124/482...
Validation: 125/482...
Validation: 126/482...
Validation: 127/482...
Validation: 128/482...
Validation: 129/482...
Validation: 130/482...
Validation: 131/482...
Validation: 132/482...
Validation: 133/482...
Validation: 134/482...
Validation: 135/482...
Validation: 136/482...
Validation: 137/482...
Validation: 138/482...
Validation: 139/482...
Validation: 140/482...
Validation: 141/482...
Validation: 142/482...
Validation: 143/482...
Validation: 144/482...
Validation: 145/482...
Validation: 146/482...
Validation: 147/482...
Validation: 148/482...
Validation: 149/482...
Validation: 150/482...
Validation: 151/482...
Validation: 152/482...
Validation: 153/482...
Validation: 154/482...
Validation: 155/482...
Validation: 156/482...
Validation: 157/482...
Validation: 158/482...
Validation: 159/482...
Validation: 160/482...
Validation: 161/482...
Validation: 162/482...
Validation: 163/482...
Validation: 164/482...
Validation: 165/482...
Validation: 166/482...
Validation: 167/482...
Validation: 168/482...
Validation: 169/482...
Validation: 170/482...
Validation: 171/482...
Validation: 172/482...
Validation: 173/482...
Validation: 174/482...
Validation: 175/482...
Validation: 176/482...
Validation: 177/482...
Validation: 178/482...
Validation: 179/482...
Validation: 180/482...
Validation: 181/482...
Validation: 182/482...
Validation: 183/482...
Validation: 184/482...
Validation: 185/482...
Validation: 186/482...
Validation: 187/482...
Validation: 188/482...
Validation: 189/482...
Validation: 190/482...
Validation: 191/482...
Validation: 192/482...
Validation: 193/482...
Validation: 194/482...
Validation: 195/482...
Validation: 196/482...
Validation: 197/482...
Validation: 198/482...
Validation: 199/482...
Validation: 200/482...
Validation: 201/482...
Validation: 202/482...
Validation: 203/482...
Validation: 204/482...
Validation: 205/482...
Validation: 206/482...
Validation: 207/482...
Validation: 208/482...
Validation: 209/482...
Validation: 210/482...
Validation: 211/482...
Validation: 212/482...
Validation: 213/482...
Validation: 214/482...
Validation: 215/482...
Validation: 216/482...
Validation: 217/482...
Validation: 218/482...
Validation: 219/482...
Validation: 220/482...
Validation: 221/482...
Validation: 222/482...
Validation: 223/482...
Validation: 224/482...
Validation: 225/482...
Validation: 226/482...
Validation: 227/482...
Validation: 228/482...
Validation: 229/482...
Validation: 230/482...
Validation: 231/482...
Validation: 232/482...
Validation: 233/482...
Validation: 234/482...
Validation: 235/482...
Validation: 236/482...
Validation: 237/482...
Validation: 238/482...
Validation: 239/482...
Validation: 240/482...
Validation: 241/482...
Validation: 242/482...
Validation: 243/482...
Validation: 244/482...
Validation: 245/482...
Validation: 246/482...
Validation: 247/482...
Validation: 248/482...
Validation: 249/482...
Validation: 250/482...
Validation: 251/482...
Validation: 252/482...
Validation: 253/482...
Validation: 254/482...
Validation: 255/482...
Validation: 256/482...
Validation: 257/482...
Validation: 258/482...
Validation: 259/482...
Validation: 260/482...
Validation: 261/482...
Validation: 262/482...
Validation: 263/482...
Validation: 264/482...
Validation: 265/482...
Validation: 266/482...
Validation: 267/482...
Validation: 268/482...
Validation: 269/482...
Validation: 270/482...
Validation: 271/482...
Validation: 272/482...
Validation: 273/482...
Validation: 274/482...
Validation: 275/482...
Validation: 276/482...
Validation: 277/482...
Validation: 278/482...
Validation: 279/482...
Validation: 280/482...
Validation: 281/482...
Validation: 282/482...
Validation: 283/482...
Validation: 284/482...
Validation: 285/482...
Validation: 286/482...
Validation: 287/482...
Validation: 288/482...
Validation: 289/482...
Validation: 290/482...
Validation: 291/482...
Validation: 292/482...
Validation: 293/482...
Validation: 294/482...
Validation: 295/482...
Validation: 296/482...
Validation: 297/482...
Validation: 298/482...
Validation: 299/482...
Validation: 300/482...
Validation: 301/482...
Validation: 302/482...
Validation: 303/482...
Validation: 304/482...
Validation: 305/482...
Validation: 306/482...
Validation: 307/482...
Validation: 308/482...
Validation: 309/482...
Validation: 310/482...
Validation: 311/482...
Validation: 312/482...
Validation: 313/482...
Validation: 314/482...
Validation: 315/482...
Validation: 316/482...
Validation: 317/482...
Validation: 318/482...
Validation: 319/482...
Validation: 320/482...
Validation: 321/482...
Validation: 322/482...
Validation: 323/482...
Validation: 324/482...
Validation: 325/482...
Validation: 326/482...
Validation: 327/482...
Validation: 328/482...
Validation: 329/482...
Validation: 330/482...
Validation: 331/482...
Validation: 332/482...
Validation: 333/482...
Validation: 334/482...
Validation: 335/482...
Validation: 336/482...
Validation: 337/482...
Validation: 338/482...
Validation: 339/482...
Validation: 340/482...
Validation: 341/482...
Validation: 342/482...
Validation: 343/482...
Validation: 344/482...
Validation: 345/482...
Validation: 346/482...
Validation: 347/482...
Validation: 348/482...
Validation: 349/482...
Validation: 350/482...
Validation: 351/482...
Validation: 352/482...
Validation: 353/482...
Validation: 354/482...
Validation: 355/482...
Validation: 356/482...
Validation: 357/482...
Validation: 358/482...
Validation: 359/482...
Validation: 360/482...
Validation: 361/482...
Validation: 362/482...
Validation: 363/482...
Validation: 364/482...
Validation: 365/482...
Validation: 366/482...
Validation: 367/482...
Validation: 368/482...
Validation: 369/482...
Validation: 370/482...
Validation: 371/482...
Validation: 372/482...
Validation: 373/482...
Validation: 374/482...
Validation: 375/482...
Validation: 376/482...
Validation: 377/482...
Validation: 378/482...
Validation: 379/482...
Validation: 380/482...
Validation: 381/482...
Validation: 382/482...
Validation: 383/482...
Validation: 384/482...
Validation: 385/482...
Validation: 386/482...
Validation: 387/482...
Validation: 388/482...
Validation: 389/482...
Validation: 390/482...
Validation: 391/482...
Validation: 392/482...
Validation: 393/482...
Validation: 394/482...
Validation: 395/482...
Validation: 396/482...
Validation: 397/482...
Validation: 398/482...
Validation: 399/482...
Validation: 400/482...
Validation: 401/482...
Validation: 402/482...
Validation: 403/482...
Validation: 404/482...
Validation: 405/482...
Validation: 406/482...
Validation: 407/482...
Validation: 408/482...
Validation: 409/482...
Validation: 410/482...
Validation: 411/482...
Validation: 412/482...
Validation: 413/482...
Validation: 414/482...
Validation: 415/482...
Validation: 416/482...
Validation: 417/482...
Validation: 418/482...
Validation: 419/482...
Validation: 420/482...
Validation: 421/482...
Validation: 422/482...
Validation: 423/482...
Validation: 424/482...
Validation: 425/482...
Validation: 426/482...
Validation: 427/482...
Validation: 428/482...
Validation: 429/482...
Validation: 430/482...
Validation: 431/482...
Validation: 432/482...
Validation: 433/482...
Validation: 434/482...
Validation: 435/482...
Validation: 436/482...
Validation: 437/482...
Validation: 438/482...
Validation: 439/482...
Validation: 440/482...
Validation: 441/482...
Validation: 442/482...
Validation: 443/482...
Validation: 444/482...
Validation: 445/482...
Validation: 446/482...
Validation: 447/482...
Validation: 448/482...
Validation: 449/482...
Validation: 450/482...
Validation: 451/482...
Validation: 452/482...
Validation: 453/482...
Validation: 454/482...
Validation: 455/482...
Validation: 456/482...
Validation: 457/482...
Validation: 458/482...
Validation: 459/482...
Validation: 460/482...
Validation: 461/482...
Validation: 462/482...
Validation: 463/482...
Validation: 464/482...
Validation: 465/482...
Validation: 466/482...
Validation: 467/482...
Validation: 468/482...
Validation: 469/482...
Validation: 470/482...
Validation: 471/482...
Validation: 472/482...
Validation: 473/482...
Validation: 474/482...
Validation: 475/482...
Validation: 476/482...
Validation: 477/482...
Validation: 478/482...
Validation: 479/482...
Validation: 480/482...
Validation: 481/482...
Validation: 482/482...
Validation Metric: PSNR=12.39, LPIPS=0.7842...
====================================================================================================
Train: 008200/020000, Loss/MSE: t(1):5.9e-03/5.9e-03, t(8):2.1e-01/2.1e-01, t(15):3.5e-01/3.5e-01, lr:5.00e-05
Train: 008400/020000, Loss/MSE: t(1):5.7e-03/5.7e-03, t(8):2.1e-01/2.1e-01, t(15):3.5e-01/3.5e-01, lr:5.00e-05
Train: 008600/020000, Loss/MSE: t(1):5.5e-03/5.5e-03, t(8):2.1e-01/2.1e-01, t(15):3.4e-01/3.4e-01, lr:5.00e-05
Train: 008800/020000, Loss/MSE: t(1):6.0e-03/6.0e-03, t(8):2.1e-01/2.1e-01, t(15):3.5e-01/3.5e-01, lr:5.00e-05
Train: 009000/020000, Loss/MSE: t(1):6.3e-03/6.3e-03, t(8):2.0e-01/2.0e-01, t(15):3.4e-01/3.4e-01, lr:5.00e-05
Train: 009200/020000, Loss/MSE: t(1):5.6e-03/5.6e-03, t(8):2.1e-01/2.1e-01, t(15):3.4e-01/3.4e-01, lr:5.00e-05
Train: 009400/020000, Loss/MSE: t(1):5.6e-03/5.6e-03, t(8):2.1e-01/2.1e-01, t(15):3.5e-01/3.5e-01, lr:5.00e-05
Train: 009600/020000, Loss/MSE: t(1):6.0e-03/6.0e-03, t(8):2.0e-01/2.0e-01, t(15):3.4e-01/3.4e-01, lr:5.00e-05
Train: 009800/020000, Loss/MSE: t(1):4.8e-03/4.8e-03, t(8):2.1e-01/2.1e-01, t(15):3.3e-01/3.3e-01, lr:5.00e-05
Train: 010000/020000, Loss/MSE: t(1):5.2e-03/5.2e-03, t(8):2.1e-01/2.1e-01, t(15):3.5e-01/3.5e-01, lr:5.00e-05
Elapsed time: 1252.16s
====================================================================================================
Validation: 01/482...
Validation: 02/482...
Validation: 03/482...
Validation: 04/482...
Validation: 05/482...
Validation: 06/482...
Validation: 07/482...
Validation: 08/482...
Validation: 09/482...
Validation: 10/482...
Validation: 11/482...
Validation: 12/482...
Validation: 13/482...
Validation: 14/482...
Validation: 15/482...
Validation: 16/482...
Validation: 17/482...
Validation: 18/482...
Validation: 19/482...
Validation: 20/482...
Validation: 21/482...
Validation: 22/482...
Validation: 23/482...
Validation: 24/482...
Validation: 25/482...
Validation: 26/482...
Validation: 27/482...
Validation: 28/482...
Validation: 29/482...
Validation: 30/482...
Validation: 31/482...
Validation: 32/482...
Validation: 33/482...
Validation: 34/482...
Validation: 35/482...
Validation: 36/482...
Validation: 37/482...
Validation: 38/482...
Validation: 39/482...
Validation: 40/482...
Validation: 41/482...
Validation: 42/482...
Validation: 43/482...
Validation: 44/482...
Validation: 45/482...
Validation: 46/482...
Validation: 47/482...
Validation: 48/482...
Validation: 49/482...
Validation: 50/482...
Validation: 51/482...
Validation: 52/482...
Validation: 53/482...
Validation: 54/482...
Validation: 55/482...
Validation: 56/482...
Validation: 57/482...
Validation: 58/482...
Validation: 59/482...
Validation: 60/482...
Validation: 61/482...
Validation: 62/482...
Validation: 63/482...
Validation: 64/482...
Validation: 65/482...
Validation: 66/482...
Validation: 67/482...
Validation: 68/482...
Validation: 69/482...
Validation: 70/482...
Validation: 71/482...
Validation: 72/482...
Validation: 73/482...
Validation: 74/482...
Validation: 75/482...
Validation: 76/482...
Validation: 77/482...
Validation: 78/482...
Validation: 79/482...
Validation: 80/482...
Validation: 81/482...
Validation: 82/482...
Validation: 83/482...
Validation: 84/482...
Validation: 85/482...
Validation: 86/482...
Validation: 87/482...
Validation: 88/482...
Validation: 89/482...
Validation: 90/482...
Validation: 91/482...
Validation: 92/482...
Validation: 93/482...
Validation: 94/482...
Validation: 95/482...
Validation: 96/482...
Validation: 97/482...
Validation: 98/482...
Validation: 99/482...
Validation: 100/482...
Validation: 101/482...
Validation: 102/482...
Validation: 103/482...
Validation: 104/482...
Validation: 105/482...
Validation: 106/482...
Validation: 107/482...
Validation: 108/482...
Validation: 109/482...
Validation: 110/482...
Validation: 111/482...
Validation: 112/482...
Validation: 113/482...
Validation: 114/482...
Validation: 115/482...
Validation: 116/482...
Validation: 117/482...
Validation: 118/482...
Validation: 119/482...
Validation: 120/482...
Validation: 121/482...
Validation: 122/482...
Validation: 123/482...
Validation: 124/482...
Validation: 125/482...
Validation: 126/482...
Validation: 127/482...
Validation: 128/482...
Validation: 129/482...
Validation: 130/482...
Validation: 131/482...
Validation: 132/482...
Validation: 133/482...
Validation: 134/482...
Validation: 135/482...
Validation: 136/482...
Validation: 137/482...
Validation: 138/482...
Validation: 139/482...
Validation: 140/482...
Validation: 141/482...
Validation: 142/482...
Validation: 143/482...
Validation: 144/482...
Validation: 145/482...
Validation: 146/482...
Validation: 147/482...
Validation: 148/482...
Validation: 149/482...
Validation: 150/482...
Validation: 151/482...
Validation: 152/482...
Validation: 153/482...
Validation: 154/482...
Validation: 155/482...
Validation: 156/482...
Validation: 157/482...
Validation: 158/482...
Validation: 159/482...
Validation: 160/482...
Validation: 161/482...
Validation: 162/482...
Validation: 163/482...
Validation: 164/482...
Validation: 165/482...
Validation: 166/482...
Validation: 167/482...
Validation: 168/482...
Validation: 169/482...
Validation: 170/482...
Validation: 171/482...
Validation: 172/482...
Validation: 173/482...
Validation: 174/482...
Validation: 175/482...
Validation: 176/482...
Validation: 177/482...
Validation: 178/482...
Validation: 179/482...
Validation: 180/482...
Validation: 181/482...
Validation: 182/482...
Validation: 183/482...
Validation: 184/482...
Validation: 185/482...
Validation: 186/482...
Validation: 187/482...
Validation: 188/482...
Validation: 189/482...
Validation: 190/482...
Validation: 191/482...
Validation: 192/482...
Validation: 193/482...
Validation: 194/482...
Validation: 195/482...
Validation: 196/482...
Validation: 197/482...
Validation: 198/482...
Validation: 199/482...
Validation: 200/482...
Validation: 201/482...
Validation: 202/482...
Validation: 203/482...
Validation: 204/482...
Validation: 205/482...
Validation: 206/482...
Validation: 207/482...
Validation: 208/482...
Validation: 209/482...
Validation: 210/482...
Validation: 211/482...
Validation: 212/482...
Validation: 213/482...
Validation: 214/482...
Validation: 215/482...
Validation: 216/482...
Validation: 217/482...
Validation: 218/482...
Validation: 219/482...
Validation: 220/482...
Validation: 221/482...
Validation: 222/482...
Validation: 223/482...
Validation: 224/482...
Validation: 225/482...
Validation: 226/482...
Validation: 227/482...
Validation: 228/482...
Validation: 229/482...
Validation: 230/482...
Validation: 231/482...
Validation: 232/482...
Validation: 233/482...
Validation: 234/482...
Validation: 235/482...
Validation: 236/482...
Validation: 237/482...
Validation: 238/482...
Validation: 239/482...
Validation: 240/482...
Validation: 241/482...
Validation: 242/482...
Validation: 243/482...
Validation: 244/482...
Validation: 245/482...
Validation: 246/482...
Validation: 247/482...
Validation: 248/482...
Validation: 249/482...
Validation: 250/482...
Validation: 251/482...
Validation: 252/482...
Validation: 253/482...
Validation: 254/482...
Validation: 255/482...
Validation: 256/482...
Validation: 257/482...
Validation: 258/482...
Validation: 259/482...
Validation: 260/482...
Validation: 261/482...
Validation: 262/482...
Validation: 263/482...
Validation: 264/482...
Validation: 265/482...
Validation: 266/482...
Validation: 267/482...
Validation: 268/482...
Validation: 269/482...
Validation: 270/482...
Validation: 271/482...
Validation: 272/482...
Validation: 273/482...
Validation: 274/482...
Validation: 275/482...
Validation: 276/482...
Validation: 277/482...
Validation: 278/482...
Validation: 279/482...
Validation: 280/482...
Validation: 281/482...
Validation: 282/482...
Validation: 283/482...
Validation: 284/482...
Validation: 285/482...
Validation: 286/482...
Validation: 287/482...
Validation: 288/482...
Validation: 289/482...
Validation: 290/482...
Validation: 291/482...
Validation: 292/482...
Validation: 293/482...
Validation: 294/482...
Validation: 295/482...
Validation: 296/482...
Validation: 297/482...
Validation: 298/482...
Validation: 299/482...
Validation: 300/482...
Validation: 301/482...
Validation: 302/482...
Validation: 303/482...
Validation: 304/482...
Validation: 305/482...
Validation: 306/482...
Validation: 307/482...
Validation: 308/482...
Validation: 309/482...
Validation: 310/482...
Validation: 311/482...
Validation: 312/482...
Validation: 313/482...
Validation: 314/482...
Validation: 315/482...
Validation: 316/482...
Validation: 317/482...
Validation: 318/482...
Validation: 319/482...
Validation: 320/482...
Validation: 321/482...
Validation: 322/482...
Validation: 323/482...
Validation: 324/482...
Validation: 325/482...
Validation: 326/482...
Validation: 327/482...
Validation: 328/482...
Validation: 329/482...
Validation: 330/482...
Validation: 331/482...
Validation: 332/482...
Validation: 333/482...
Validation: 334/482...
Validation: 335/482...
Validation: 336/482...
Validation: 337/482...
Validation: 338/482...
Validation: 339/482...
Validation: 340/482...
Validation: 341/482...
Validation: 342/482...
Validation: 343/482...
Validation: 344/482...
Validation: 345/482...
Validation: 346/482...
Validation: 347/482...
Validation: 348/482...
Validation: 349/482...
Validation: 350/482...
Validation: 351/482...
Validation: 352/482...
Validation: 353/482...
Validation: 354/482...
Validation: 355/482...
Validation: 356/482...
Validation: 357/482...
Validation: 358/482...
Validation: 359/482...
Validation: 360/482...
Validation: 361/482...
Validation: 362/482...
Validation: 363/482...
Validation: 364/482...
Validation: 365/482...
Validation: 366/482...
Validation: 367/482...
Validation: 368/482...
Validation: 369/482...
Validation: 370/482...
Validation: 371/482...
Validation: 372/482...
Validation: 373/482...
Validation: 374/482...
Validation: 375/482...
Validation: 376/482...
Validation: 377/482...
Validation: 378/482...
Validation: 379/482...
Validation: 380/482...
Validation: 381/482...
Validation: 382/482...
Validation: 383/482...
Validation: 384/482...
Validation: 385/482...
Validation: 386/482...
Validation: 387/482...
Validation: 388/482...
Validation: 389/482...
Validation: 390/482...
Validation: 391/482...
Validation: 392/482...
Validation: 393/482...
Validation: 394/482...
Validation: 395/482...
Validation: 396/482...
Validation: 397/482...
Validation: 398/482...
Validation: 399/482...
Validation: 400/482...
Validation: 401/482...
Validation: 402/482...
Validation: 403/482...
Validation: 404/482...
Validation: 405/482...
Validation: 406/482...
Validation: 407/482...
Validation: 408/482...
Validation: 409/482...
Validation: 410/482...
Validation: 411/482...
Validation: 412/482...
Validation: 413/482...
Validation: 414/482...
Validation: 415/482...
Validation: 416/482...
Validation: 417/482...
Validation: 418/482...
Validation: 419/482...
Validation: 420/482...
Validation: 421/482...
Validation: 422/482...
Validation: 423/482...
Validation: 424/482...
Validation: 425/482...
Validation: 426/482...
Validation: 427/482...
Validation: 428/482...
Validation: 429/482...
Validation: 430/482...
Validation: 431/482...
Validation: 432/482...
Validation: 433/482...
Validation: 434/482...
Validation: 435/482...
Validation: 436/482...
Validation: 437/482...
Validation: 438/482...
Validation: 439/482...
Validation: 440/482...
Validation: 441/482...
Validation: 442/482...
Validation: 443/482...
Validation: 444/482...
Validation: 445/482...
Validation: 446/482...
Validation: 447/482...
Validation: 448/482...
Validation: 449/482...
Validation: 450/482...
Validation: 451/482...
Validation: 452/482...
Validation: 453/482...
Validation: 454/482...
Validation: 455/482...
Validation: 456/482...
Validation: 457/482...
Validation: 458/482...
Validation: 459/482...
Validation: 460/482...
Validation: 461/482...
Validation: 462/482...
Validation: 463/482...
Validation: 464/482...
Validation: 465/482...
Validation: 466/482...
Validation: 467/482...
Validation: 468/482...
Validation: 469/482...
Validation: 470/482...
Validation: 471/482...
Validation: 472/482...
Validation: 473/482...
Validation: 474/482...
Validation: 475/482...
Validation: 476/482...
Validation: 477/482...
Validation: 478/482...
Validation: 479/482...
Validation: 480/482...
Validation: 481/482...
Validation: 482/482...
Validation Metric: PSNR=12.53, LPIPS=0.7806...
====================================================================================================
Train: 010200/020000, Loss/MSE: t(1):6.0e-03/6.0e-03, t(8):2.0e-01/2.0e-01, t(15):3.5e-01/3.5e-01, lr:5.00e-05
Train: 010400/020000, Loss/MSE: t(1):5.6e-03/5.6e-03, t(8):2.1e-01/2.1e-01, t(15):3.6e-01/3.6e-01, lr:5.00e-05
Train: 010600/020000, Loss/MSE: t(1):5.6e-03/5.6e-03, t(8):2.0e-01/2.0e-01, t(15):3.5e-01/3.5e-01, lr:5.00e-05
Train: 010800/020000, Loss/MSE: t(1):5.7e-03/5.7e-03, t(8):2.1e-01/2.1e-01, t(15):3.7e-01/3.7e-01, lr:5.00e-05
Train: 011000/020000, Loss/MSE: t(1):5.4e-03/5.4e-03, t(8):2.0e-01/2.0e-01, t(15):3.5e-01/3.5e-01, lr:5.00e-05
Train: 011200/020000, Loss/MSE: t(1):5.9e-03/5.9e-03, t(8):2.1e-01/2.1e-01, t(15):3.4e-01/3.4e-01, lr:5.00e-05
Train: 011400/020000, Loss/MSE: t(1):5.5e-03/5.5e-03, t(8):2.0e-01/2.0e-01, t(15):3.5e-01/3.5e-01, lr:5.00e-05
Train: 011600/020000, Loss/MSE: t(1):4.6e-03/4.6e-03, t(8):2.0e-01/2.0e-01, t(15):3.3e-01/3.3e-01, lr:5.00e-05
Train: 011800/020000, Loss/MSE: t(1):4.6e-03/4.6e-03, t(8):2.0e-01/2.0e-01, t(15):3.5e-01/3.5e-01, lr:5.00e-05
Train: 012000/020000, Loss/MSE: t(1):5.1e-03/5.1e-03, t(8):2.0e-01/2.0e-01, t(15):3.4e-01/3.4e-01, lr:5.00e-05
Elapsed time: 1254.39s
====================================================================================================
Validation: 01/482...
Validation: 02/482...
Validation: 03/482...
Validation: 04/482...
Validation: 05/482...
Validation: 06/482...
Validation: 07/482...
Validation: 08/482...
Validation: 09/482...
Validation: 10/482...
Validation: 11/482...
Validation: 12/482...
Validation: 13/482...
Validation: 14/482...
Validation: 15/482...
Validation: 16/482...
Validation: 17/482...
Validation: 18/482...
Validation: 19/482...
Validation: 20/482...
Validation: 21/482...
Validation: 22/482...
Validation: 23/482...
Validation: 24/482...
Validation: 25/482...
Validation: 26/482...
Validation: 27/482...
Validation: 28/482...
Validation: 29/482...
Validation: 30/482...
Validation: 31/482...
Validation: 32/482...
Validation: 33/482...
Validation: 34/482...
Validation: 35/482...
Validation: 36/482...
Validation: 37/482...
Validation: 38/482...
Validation: 39/482...
Validation: 40/482...
Validation: 41/482...
Validation: 42/482...
Validation: 43/482...
Validation: 44/482...
Validation: 45/482...
Validation: 46/482...
Validation: 47/482...
Validation: 48/482...
Validation: 49/482...
Validation: 50/482...
Validation: 51/482...
Validation: 52/482...
Validation: 53/482...
Validation: 54/482...
Validation: 55/482...
Validation: 56/482...
Validation: 57/482...
Validation: 58/482...
Validation: 59/482...
Validation: 60/482...
Validation: 61/482...
Validation: 62/482...
Validation: 63/482...
Validation: 64/482...
Validation: 65/482...
Validation: 66/482...
Validation: 67/482...
Validation: 68/482...
Validation: 69/482...
Validation: 70/482...
Validation: 71/482...
Validation: 72/482...
Validation: 73/482...
Validation: 74/482...
Validation: 75/482...
Validation: 76/482...
Validation: 77/482...
Validation: 78/482...
Validation: 79/482...
Validation: 80/482...
Validation: 81/482...
Validation: 82/482...
Validation: 83/482...
Validation: 84/482...
Validation: 85/482...
Validation: 86/482...
Validation: 87/482...
Validation: 88/482...
Validation: 89/482...
Validation: 90/482...
Validation: 91/482...
Validation: 92/482...
Validation: 93/482...
Validation: 94/482...
Validation: 95/482...
Validation: 96/482...
Validation: 97/482...
Validation: 98/482...
Validation: 99/482...
Validation: 100/482...
Validation: 101/482...
Validation: 102/482...
Validation: 103/482...
Validation: 104/482...
Validation: 105/482...
Validation: 106/482...
Validation: 107/482...
Validation: 108/482...
Validation: 109/482...
Validation: 110/482...
Validation: 111/482...
Validation: 112/482...
Validation: 113/482...
Validation: 114/482...
Validation: 115/482...
Validation: 116/482...
Validation: 117/482...
Validation: 118/482...
Validation: 119/482...
Validation: 120/482...
Validation: 121/482...
Validation: 122/482...
Validation: 123/482...
Validation: 124/482...
Validation: 125/482...
Validation: 126/482...
Validation: 127/482...
Validation: 128/482...
Validation: 129/482...
Validation: 130/482...
Validation: 131/482...
Validation: 132/482...
Validation: 133/482...
Validation: 134/482...
Validation: 135/482...
Validation: 136/482...
Validation: 137/482...
Validation: 138/482...
Validation: 139/482...
Validation: 140/482...
Validation: 141/482...
Validation: 142/482...
Validation: 143/482...
Validation: 144/482...
Validation: 145/482...
Validation: 146/482...
Validation: 147/482...
Validation: 148/482...
Validation: 149/482...
Validation: 150/482...
Validation: 151/482...
Validation: 152/482...
Validation: 153/482...
Validation: 154/482...
Validation: 155/482...
Validation: 156/482...
Validation: 157/482...
Validation: 158/482...
Validation: 159/482...
Validation: 160/482...
Validation: 161/482...
Validation: 162/482...
Validation: 163/482...
Validation: 164/482...
Validation: 165/482...
Validation: 166/482...
Validation: 167/482...
Validation: 168/482...
Validation: 169/482...
Validation: 170/482...
Validation: 171/482...
Validation: 172/482...
Validation: 173/482...
Validation: 174/482...
Validation: 175/482...
Validation: 176/482...
Validation: 177/482...
Validation: 178/482...
Validation: 179/482...
Validation: 180/482...
Validation: 181/482...
Validation: 182/482...
Validation: 183/482...
Validation: 184/482...
Validation: 185/482...
Validation: 186/482...
Validation: 187/482...
Validation: 188/482...
Validation: 189/482...
Validation: 190/482...
Validation: 191/482...
Validation: 192/482...
Validation: 193/482...
Validation: 194/482...
Validation: 195/482...
Validation: 196/482...
Validation: 197/482...
Validation: 198/482...
Validation: 199/482...
Validation: 200/482...
Validation: 201/482...
Validation: 202/482...
Validation: 203/482...
Validation: 204/482...
Validation: 205/482...
Validation: 206/482...
Validation: 207/482...
Validation: 208/482...
Validation: 209/482...
Validation: 210/482...
Validation: 211/482...
Validation: 212/482...
Validation: 213/482...
Validation: 214/482...
Validation: 215/482...
Validation: 216/482...
Validation: 217/482...
Validation: 218/482...
Validation: 219/482...
Validation: 220/482...
Validation: 221/482...
Validation: 222/482...
Validation: 223/482...
Validation: 224/482...
Validation: 225/482...
Validation: 226/482...
Validation: 227/482...
Validation: 228/482...
Validation: 229/482...
Validation: 230/482...
Validation: 231/482...
Validation: 232/482...
Validation: 233/482...
Validation: 234/482...
Validation: 235/482...
Validation: 236/482...
Validation: 237/482...
Validation: 238/482...
Validation: 239/482...
Validation: 240/482...
Validation: 241/482...
Validation: 242/482...
Validation: 243/482...
Validation: 244/482...
Validation: 245/482...
Validation: 246/482...
Validation: 247/482...
Validation: 248/482...
Validation: 249/482...
Validation: 250/482...
Validation: 251/482...
Validation: 252/482...
Validation: 253/482...
Validation: 254/482...
Validation: 255/482...
Validation: 256/482...
Validation: 257/482...
Validation: 258/482...
Validation: 259/482...
Validation: 260/482...
Validation: 261/482...
Validation: 262/482...
Validation: 263/482...
Validation: 264/482...
Validation: 265/482...
Validation: 266/482...
Validation: 267/482...
Validation: 268/482...
Validation: 269/482...
Validation: 270/482...
Validation: 271/482...
Validation: 272/482...
Validation: 273/482...
Validation: 274/482...
Validation: 275/482...
Validation: 276/482...
Validation: 277/482...
Validation: 278/482...
Validation: 279/482...
Validation: 280/482...
Validation: 281/482...
Validation: 282/482...
Validation: 283/482...
Validation: 284/482...
Validation: 285/482...
Validation: 286/482...
Validation: 287/482...
Validation: 288/482...
Validation: 289/482...
Validation: 290/482...
Validation: 291/482...
Validation: 292/482...
Validation: 293/482...
Validation: 294/482...
Validation: 295/482...
Validation: 296/482...
Validation: 297/482...
Validation: 298/482...
Validation: 299/482...
Validation: 300/482...
Validation: 301/482...
Validation: 302/482...
Validation: 303/482...
Validation: 304/482...
Validation: 305/482...
Validation: 306/482...
Validation: 307/482...
Validation: 308/482...
Validation: 309/482...
Validation: 310/482...
Validation: 311/482...
Validation: 312/482...
Validation: 313/482...
Validation: 314/482...
Validation: 315/482...
Validation: 316/482...
Validation: 317/482...
Validation: 318/482...
Validation: 319/482...
Validation: 320/482...
Validation: 321/482...
Validation: 322/482...
Validation: 323/482...
Validation: 324/482...
Validation: 325/482...
Validation: 326/482...
Validation: 327/482...
Validation: 328/482...
Validation: 329/482...
Validation: 330/482...
Validation: 331/482...
Validation: 332/482...
Validation: 333/482...
Validation: 334/482...
Validation: 335/482...
Validation: 336/482...
Validation: 337/482...
Validation: 338/482...
Validation: 339/482...
Validation: 340/482...
Validation: 341/482...
Validation: 342/482...
Validation: 343/482...
Validation: 344/482...
Validation: 345/482...
Validation: 346/482...
Validation: 347/482...
Validation: 348/482...
Validation: 349/482...
Validation: 350/482...
Validation: 351/482...
Validation: 352/482...
Validation: 353/482...
Validation: 354/482...
Validation: 355/482...
Validation: 356/482...
Validation: 357/482...
Validation: 358/482...
Validation: 359/482...
Validation: 360/482...
Validation: 361/482...
Validation: 362/482...
Validation: 363/482...
Validation: 364/482...
Validation: 365/482...
Validation: 366/482...
Validation: 367/482...
Validation: 368/482...
Validation: 369/482...
Validation: 370/482...
Validation: 371/482...
Validation: 372/482...
Validation: 373/482...
Validation: 374/482...
Validation: 375/482...
Validation: 376/482...
Validation: 377/482...
Validation: 378/482...
Validation: 379/482...
Validation: 380/482...
Validation: 381/482...
Validation: 382/482...
Validation: 383/482...
Validation: 384/482...
Validation: 385/482...
Validation: 386/482...
Validation: 387/482...
Validation: 388/482...
Validation: 389/482...
Validation: 390/482...
Validation: 391/482...
Validation: 392/482...
Validation: 393/482...
Validation: 394/482...
Validation: 395/482...
Validation: 396/482...
Validation: 397/482...
Validation: 398/482...
Validation: 399/482...
Validation: 400/482...
Validation: 401/482...
Validation: 402/482...
Validation: 403/482...
Validation: 404/482...
Validation: 405/482...
Validation: 406/482...
Validation: 407/482...
Validation: 408/482...
Validation: 409/482...
Validation: 410/482...
Validation: 411/482...
Validation: 412/482...
Validation: 413/482...
Validation: 414/482...
Validation: 415/482...
Validation: 416/482...
Validation: 417/482...
Validation: 418/482...
Validation: 419/482...
Validation: 420/482...
Validation: 421/482...
Validation: 422/482...
Validation: 423/482...
Validation: 424/482...
Validation: 425/482...
Validation: 426/482...
Validation: 427/482...
Validation: 428/482...
Validation: 429/482...
Validation: 430/482...
Validation: 431/482...
Validation: 432/482...
Validation: 433/482...
Validation: 434/482...
Validation: 435/482...
Validation: 436/482...
Validation: 437/482...
Validation: 438/482...
Validation: 439/482...
Validation: 440/482...
Validation: 441/482...
Validation: 442/482...
Validation: 443/482...
Validation: 444/482...
Validation: 445/482...
Validation: 446/482...
Validation: 447/482...
Validation: 448/482...
Validation: 449/482...
Validation: 450/482...
Validation: 451/482...
Validation: 452/482...
Validation: 453/482...
Validation: 454/482...
Validation: 455/482...
Validation: 456/482...
Validation: 457/482...
Validation: 458/482...
Validation: 459/482...
Validation: 460/482...
Validation: 461/482...
Validation: 462/482...
Validation: 463/482...
Validation: 464/482...
Validation: 465/482...
Validation: 466/482...
Validation: 467/482...
Validation: 468/482...
Validation: 469/482...
Validation: 470/482...
Validation: 471/482...
Validation: 472/482...
Validation: 473/482...
Validation: 474/482...
Validation: 475/482...
Validation: 476/482...
Validation: 477/482...
Validation: 478/482...
Validation: 479/482...
Validation: 480/482...
Validation: 481/482...
Validation: 482/482...
Validation Metric: PSNR=12.71, LPIPS=0.7753...
====================================================================================================
Train: 012200/020000, Loss/MSE: t(1):5.1e-03/5.1e-03, t(8):2.0e-01/2.0e-01, t(15):3.4e-01/3.4e-01, lr:5.00e-05
Train: 012400/020000, Loss/MSE: t(1):4.3e-03/4.3e-03, t(8):2.1e-01/2.1e-01, t(15):3.4e-01/3.4e-01, lr:5.00e-05
Train: 012600/020000, Loss/MSE: t(1):4.6e-03/4.6e-03, t(8):2.0e-01/2.0e-01, t(15):3.2e-01/3.2e-01, lr:5.00e-05
Train: 012800/020000, Loss/MSE: t(1):5.8e-03/5.8e-03, t(8):2.0e-01/2.0e-01, t(15):3.3e-01/3.3e-01, lr:5.00e-05
Train: 013000/020000, Loss/MSE: t(1):4.6e-03/4.6e-03, t(8):2.0e-01/2.0e-01, t(15):3.5e-01/3.5e-01, lr:5.00e-05
Train: 013200/020000, Loss/MSE: t(1):5.2e-03/5.2e-03, t(8):2.0e-01/2.0e-01, t(15):3.4e-01/3.4e-01, lr:5.00e-05
Train: 013400/020000, Loss/MSE: t(1):4.2e-03/4.2e-03, t(8):1.9e-01/1.9e-01, t(15):3.3e-01/3.3e-01, lr:5.00e-05
Train: 013600/020000, Loss/MSE: t(1):4.2e-03/4.2e-03, t(8):1.9e-01/1.9e-01, t(15):3.2e-01/3.2e-01, lr:5.00e-05
Train: 013800/020000, Loss/MSE: t(1):4.6e-03/4.6e-03, t(8):2.0e-01/2.0e-01, t(15):3.6e-01/3.6e-01, lr:5.00e-05
Train: 014000/020000, Loss/MSE: t(1):4.5e-03/4.5e-03, t(8):1.9e-01/1.9e-01, t(15):3.4e-01/3.4e-01, lr:5.00e-05
Elapsed time: 1282.38s
====================================================================================================
Validation: 01/482...
Validation: 02/482...
Validation: 03/482...
Validation: 04/482...
Validation: 05/482...
Validation: 06/482...
Validation: 07/482...
Validation: 08/482...
Validation: 09/482...
Validation: 10/482...
Validation: 11/482...
Validation: 12/482...
Validation: 13/482...
Validation: 14/482...
Validation: 15/482...
Validation: 16/482...
Validation: 17/482...
Validation: 18/482...
Validation: 19/482...
Validation: 20/482...
Validation: 21/482...
Validation: 22/482...
Validation: 23/482...
Validation: 24/482...
Validation: 25/482...
Validation: 26/482...
Validation: 27/482...
Validation: 28/482...
Validation: 29/482...
Validation: 30/482...
Validation: 31/482...
Validation: 32/482...
Validation: 33/482...
Validation: 34/482...
Validation: 35/482...
Validation: 36/482...
Validation: 37/482...
Validation: 38/482...
Validation: 39/482...
Validation: 40/482...
Validation: 41/482...
Validation: 42/482...
Validation: 43/482...
Validation: 44/482...
Validation: 45/482...
Validation: 46/482...
Validation: 47/482...
Validation: 48/482...
Validation: 49/482...
Validation: 50/482...
Validation: 51/482...
Validation: 52/482...
Validation: 53/482...
Validation: 54/482...
Validation: 55/482...
Validation: 56/482...
Validation: 57/482...
Validation: 58/482...
Validation: 59/482...
Validation: 60/482...
Validation: 61/482...
Validation: 62/482...
Validation: 63/482...
Validation: 64/482...
Validation: 65/482...
Validation: 66/482...
Validation: 67/482...
Validation: 68/482...
Validation: 69/482...
Validation: 70/482...
Validation: 71/482...
Validation: 72/482...
Validation: 73/482...
Validation: 74/482...
Validation: 75/482...
Validation: 76/482...
Validation: 77/482...
Validation: 78/482...
Validation: 79/482...
Validation: 80/482...
Validation: 81/482...
Validation: 82/482...
Validation: 83/482...
Validation: 84/482...
Validation: 85/482...
Validation: 86/482...
Validation: 87/482...
Validation: 88/482...
Validation: 89/482...
Validation: 90/482...
Validation: 91/482...
Validation: 92/482...
Validation: 93/482...
Validation: 94/482...
Validation: 95/482...
Validation: 96/482...
Validation: 97/482...
Validation: 98/482...
Validation: 99/482...
Validation: 100/482...
Validation: 101/482...
Validation: 102/482...
Validation: 103/482...
Validation: 104/482...
Validation: 105/482...
Validation: 106/482...
Validation: 107/482...
Validation: 108/482...
Validation: 109/482...
Validation: 110/482...
Validation: 111/482...
Validation: 112/482...
Validation: 113/482...
Validation: 114/482...
Validation: 115/482...
Validation: 116/482...
Validation: 117/482...
Validation: 118/482...
Validation: 119/482...
Validation: 120/482...
Validation: 121/482...
Validation: 122/482...
Validation: 123/482...
Validation: 124/482...
Validation: 125/482...
Validation: 126/482...
Validation: 127/482...
Validation: 128/482...
Validation: 129/482...
Validation: 130/482...
Validation: 131/482...
Validation: 132/482...
Validation: 133/482...
Validation: 134/482...
Validation: 135/482...
Validation: 136/482...
Validation: 137/482...
Validation: 138/482...
Validation: 139/482...
Validation: 140/482...
Validation: 141/482...
Validation: 142/482...
Validation: 143/482...
Validation: 144/482...
Validation: 145/482...
Validation: 146/482...
Validation: 147/482...
Validation: 148/482...
Validation: 149/482...
Validation: 150/482...
Validation: 151/482...
Validation: 152/482...
Validation: 153/482...
Validation: 154/482...
Validation: 155/482...
Validation: 156/482...
Validation: 157/482...
Validation: 158/482...
Validation: 159/482...
Validation: 160/482...
Validation: 161/482...
Validation: 162/482...
Validation: 163/482...
Validation: 164/482...
Validation: 165/482...
Validation: 166/482...
Validation: 167/482...
Validation: 168/482...
Validation: 169/482...
Validation: 170/482...
Validation: 171/482...
Validation: 172/482...
Validation: 173/482...
Validation: 174/482...
Validation: 175/482...
Validation: 176/482...
Validation: 177/482...
Validation: 178/482...
Validation: 179/482...
Validation: 180/482...
Validation: 181/482...
Validation: 182/482...
Validation: 183/482...
Validation: 184/482...
Validation: 185/482...
Validation: 186/482...
Validation: 187/482...
Validation: 188/482...
Validation: 189/482...
Validation: 190/482...
Validation: 191/482...
Validation: 192/482...
Validation: 193/482...
Validation: 194/482...
Validation: 195/482...
Validation: 196/482...
Validation: 197/482...
Validation: 198/482...
Validation: 199/482...
Validation: 200/482...
Validation: 201/482...
Validation: 202/482...
Validation: 203/482...
Validation: 204/482...
Validation: 205/482...
Validation: 206/482...
Validation: 207/482...
Validation: 208/482...
Validation: 209/482...
Validation: 210/482...
Validation: 211/482...
Validation: 212/482...
Validation: 213/482...
Validation: 214/482...
Validation: 215/482...
Validation: 216/482...
Validation: 217/482...
Validation: 218/482...
Validation: 219/482...
Validation: 220/482...
Validation: 221/482...
Validation: 222/482...
Validation: 223/482...
Validation: 224/482...
Validation: 225/482...
Validation: 226/482...
Validation: 227/482...
Validation: 228/482...
Validation: 229/482...
Validation: 230/482...
Validation: 231/482...
Validation: 232/482...
Validation: 233/482...
Validation: 234/482...
Validation: 235/482...
Validation: 236/482...
Validation: 237/482...
Validation: 238/482...
Validation: 239/482...
Validation: 240/482...
Validation: 241/482...
Validation: 242/482...
Validation: 243/482...
Validation: 244/482...
Validation: 245/482...
Validation: 246/482...
Validation: 247/482...
Validation: 248/482...
Validation: 249/482...
Validation: 250/482...
Validation: 251/482...
Validation: 252/482...
Validation: 253/482...
Validation: 254/482...
Validation: 255/482...
Validation: 256/482...
Validation: 257/482...
Validation: 258/482...
Validation: 259/482...
Validation: 260/482...
Validation: 261/482...
Validation: 262/482...
Validation: 263/482...
Validation: 264/482...
Validation: 265/482...
Validation: 266/482...
Validation: 267/482...
Validation: 268/482...
Validation: 269/482...
Validation: 270/482...
Validation: 271/482...
Validation: 272/482...
Validation: 273/482...
Validation: 274/482...
Validation: 275/482...
Validation: 276/482...
Validation: 277/482...
Validation: 278/482...
Validation: 279/482...
Validation: 280/482...
Validation: 281/482...
Validation: 282/482...
Validation: 283/482...
Validation: 284/482...
Validation: 285/482...
Validation: 286/482...
Validation: 287/482...
Validation: 288/482...
Validation: 289/482...
Validation: 290/482...
Validation: 291/482...
Validation: 292/482...
Validation: 293/482...
Validation: 294/482...
Validation: 295/482...
Validation: 296/482...
Validation: 297/482...
Validation: 298/482...
Validation: 299/482...
Validation: 300/482...
Validation: 301/482...
Validation: 302/482...
Validation: 303/482...
Validation: 304/482...
Validation: 305/482...
Validation: 306/482...
Validation: 307/482...
Validation: 308/482...
Validation: 309/482...
Validation: 310/482...
Validation: 311/482...
Validation: 312/482...
Validation: 313/482...
Validation: 314/482...
Validation: 315/482...
Validation: 316/482...
Validation: 317/482...
Validation: 318/482...
Validation: 319/482...
Validation: 320/482...
Validation: 321/482...
Validation: 322/482...
Validation: 323/482...
Validation: 324/482...
Validation: 325/482...
Validation: 326/482...
Validation: 327/482...
Validation: 328/482...
Validation: 329/482...
Validation: 330/482...
Validation: 331/482...
Validation: 332/482...
Validation: 333/482...
Validation: 334/482...
Validation: 335/482...
Validation: 336/482...
Validation: 337/482...
Validation: 338/482...
Validation: 339/482...
Validation: 340/482...
Validation: 341/482...
Validation: 342/482...
Validation: 343/482...
Validation: 344/482...
Validation: 345/482...
Validation: 346/482...
Validation: 347/482...
Validation: 348/482...
Validation: 349/482...
Validation: 350/482...
Validation: 351/482...
Validation: 352/482...
Validation: 353/482...
Validation: 354/482...
Validation: 355/482...
Validation: 356/482...
Validation: 357/482...
Validation: 358/482...
Validation: 359/482...
Validation: 360/482...
Validation: 361/482...
Validation: 362/482...
Validation: 363/482...
Validation: 364/482...
Validation: 365/482...
Validation: 366/482...
Validation: 367/482...
Validation: 368/482...
Validation: 369/482...
Validation: 370/482...
Validation: 371/482...
Validation: 372/482...
Validation: 373/482...
Validation: 374/482...
Validation: 375/482...
Validation: 376/482...
Validation: 377/482...
Validation: 378/482...
Validation: 379/482...
Validation: 380/482...
Validation: 381/482...
Validation: 382/482...
Validation: 383/482...
Validation: 384/482...
Validation: 385/482...
Validation: 386/482...
Validation: 387/482...
Validation: 388/482...
Validation: 389/482...
Validation: 390/482...
Validation: 391/482...
Validation: 392/482...
Validation: 393/482...
Validation: 394/482...
Validation: 395/482...
Validation: 396/482...
Validation: 397/482...
Validation: 398/482...
Validation: 399/482...
Validation: 400/482...
Validation: 401/482...
Validation: 402/482...
Validation: 403/482...
Validation: 404/482...
Validation: 405/482...
Validation: 406/482...
Validation: 407/482...
Validation: 408/482...
Validation: 409/482...
Validation: 410/482...
Validation: 411/482...
Validation: 412/482...
Validation: 413/482...
Validation: 414/482...
Validation: 415/482...
Validation: 416/482...
Validation: 417/482...
Validation: 418/482...
Validation: 419/482...
Validation: 420/482...
Validation: 421/482...
Validation: 422/482...
Validation: 423/482...
Validation: 424/482...
Validation: 425/482...
Validation: 426/482...
Validation: 427/482...
Validation: 428/482...
Validation: 429/482...
Validation: 430/482...
Validation: 431/482...
Validation: 432/482...
Validation: 433/482...
Validation: 434/482...
Validation: 435/482...
Validation: 436/482...
Validation: 437/482...
Validation: 438/482...
Validation: 439/482...
Validation: 440/482...
Validation: 441/482...
Validation: 442/482...
Validation: 443/482...
Validation: 444/482...
Validation: 445/482...
Validation: 446/482...
Validation: 447/482...
Validation: 448/482...
Validation: 449/482...
Validation: 450/482...
Validation: 451/482...
Validation: 452/482...
Validation: 453/482...
Validation: 454/482...
Validation: 455/482...
Validation: 456/482...
Validation: 457/482...
Validation: 458/482...
Validation: 459/482...
Validation: 460/482...
Validation: 461/482...
Validation: 462/482...
Validation: 463/482...
Validation: 464/482...
Validation: 465/482...
Validation: 466/482...
Validation: 467/482...
Validation: 468/482...
Validation: 469/482...
Validation: 470/482...
Validation: 471/482...
Validation: 472/482...
Validation: 473/482...
Validation: 474/482...
Validation: 475/482...
Validation: 476/482...
Validation: 477/482...
Validation: 478/482...
Validation: 479/482...
Validation: 480/482...
Validation: 481/482...
Validation: 482/482...
Validation Metric: PSNR=12.79, LPIPS=0.7722...
====================================================================================================
Train: 014200/020000, Loss/MSE: t(1):4.0e-03/4.0e-03, t(8):1.9e-01/1.9e-01, t(15):3.2e-01/3.2e-01, lr:5.00e-05
Train: 014400/020000, Loss/MSE: t(1):4.6e-03/4.6e-03, t(8):1.9e-01/1.9e-01, t(15):3.6e-01/3.6e-01, lr:5.00e-05
Train: 014600/020000, Loss/MSE: t(1):4.3e-03/4.3e-03, t(8):2.0e-01/2.0e-01, t(15):3.4e-01/3.4e-01, lr:5.00e-05
Train: 014800/020000, Loss/MSE: t(1):4.6e-03/4.6e-03, t(8):2.0e-01/2.0e-01, t(15):3.2e-01/3.2e-01, lr:5.00e-05
Train: 015000/020000, Loss/MSE: t(1):4.7e-03/4.7e-03, t(8):1.9e-01/1.9e-01, t(15):3.3e-01/3.3e-01, lr:5.00e-05
Train: 015200/020000, Loss/MSE: t(1):4.3e-03/4.3e-03, t(8):1.9e-01/1.9e-01, t(15):3.0e-01/3.0e-01, lr:5.00e-05
Train: 015400/020000, Loss/MSE: t(1):4.2e-03/4.2e-03, t(8):2.0e-01/2.0e-01, t(15):3.4e-01/3.4e-01, lr:5.00e-05
Train: 015600/020000, Loss/MSE: t(1):4.0e-03/4.0e-03, t(8):2.0e-01/2.0e-01, t(15):3.4e-01/3.4e-01, lr:5.00e-05
Train: 015800/020000, Loss/MSE: t(1):4.5e-03/4.5e-03, t(8):2.0e-01/2.0e-01, t(15):3.3e-01/3.3e-01, lr:5.00e-05
Train: 016000/020000, Loss/MSE: t(1):4.2e-03/4.2e-03, t(8):1.9e-01/1.9e-01, t(15):3.2e-01/3.2e-01, lr:5.00e-05
Elapsed time: 1352.89s
====================================================================================================
Validation: 01/482...
Validation: 02/482...
Validation: 03/482...
Validation: 04/482...
Validation: 05/482...
Validation: 06/482...
Validation: 07/482...
Validation: 08/482...
Validation: 09/482...
Validation: 10/482...
Validation: 11/482...
Validation: 12/482...
Validation: 13/482...
Validation: 14/482...
Validation: 15/482...
Validation: 16/482...
Validation: 17/482...
Validation: 18/482...
Validation: 19/482...
Validation: 20/482...
Validation: 21/482...
Validation: 22/482...
Validation: 23/482...
Validation: 24/482...
Validation: 25/482...
Validation: 26/482...
Validation: 27/482...
Validation: 28/482...
Validation: 29/482...
Validation: 30/482...
Validation: 31/482...
Validation: 32/482...
Validation: 33/482...
Validation: 34/482...
Validation: 35/482...
Validation: 36/482...
Validation: 37/482...
Validation: 38/482...
Validation: 39/482...
Validation: 40/482...
Validation: 41/482...
Validation: 42/482...
Validation: 43/482...
Validation: 44/482...
Validation: 45/482...
Validation: 46/482...
Validation: 47/482...
Validation: 48/482...
Validation: 49/482...
Validation: 50/482...
Validation: 51/482...
Validation: 52/482...
Validation: 53/482...
Validation: 54/482...
Validation: 55/482...
Validation: 56/482...
Validation: 57/482...
Validation: 58/482...
Validation: 59/482...
Validation: 60/482...
Validation: 61/482...
Validation: 62/482...
Validation: 63/482...
Validation: 64/482...
Validation: 65/482...
Validation: 66/482...
Validation: 67/482...
Validation: 68/482...
Validation: 69/482...
Validation: 70/482...
Validation: 71/482...
Validation: 72/482...
Validation: 73/482...
Validation: 74/482...
Validation: 75/482...
Validation: 76/482...
Validation: 77/482...
Validation: 78/482...
Validation: 79/482...
Validation: 80/482...
Validation: 81/482...
Validation: 82/482...
Validation: 83/482...
Validation: 84/482...
Validation: 85/482...
Validation: 86/482...
Validation: 87/482...
Validation: 88/482...
Validation: 89/482...
Validation: 90/482...
Validation: 91/482...
Validation: 92/482...
Validation: 93/482...
Validation: 94/482...
Validation: 95/482...
Validation: 96/482...
Validation: 97/482...
Validation: 98/482...
Validation: 99/482...
Validation: 100/482...
Validation: 101/482...
Validation: 102/482...
Validation: 103/482...
Validation: 104/482...
Validation: 105/482...
Validation: 106/482...
Validation: 107/482...
Validation: 108/482...
Validation: 109/482...
Validation: 110/482...
Validation: 111/482...
Validation: 112/482...
Validation: 113/482...
Validation: 114/482...
Validation: 115/482...
Validation: 116/482...
Validation: 117/482...
Validation: 118/482...
Validation: 119/482...
Validation: 120/482...
Validation: 121/482...
Validation: 122/482...
Validation: 123/482...
Validation: 124/482...
Validation: 125/482...
Validation: 126/482...
Validation: 127/482...
Validation: 128/482...
Validation: 129/482...
Validation: 130/482...
Validation: 131/482...
Validation: 132/482...
Validation: 133/482...
Validation: 134/482...
Validation: 135/482...
Validation: 136/482...
Validation: 137/482...
Validation: 138/482...
Validation: 139/482...
Validation: 140/482...
Validation: 141/482...
Validation: 142/482...
Validation: 143/482...
Validation: 144/482...
Validation: 145/482...
Validation: 146/482...
Validation: 147/482...
Validation: 148/482...
Validation: 149/482...
Validation: 150/482...
Validation: 151/482...
Validation: 152/482...
Validation: 153/482...
Validation: 154/482...
Validation: 155/482...
Validation: 156/482...
Validation: 157/482...
Validation: 158/482...
Validation: 159/482...
Validation: 160/482...
Validation: 161/482...
Validation: 162/482...
Validation: 163/482...
Validation: 164/482...
Validation: 165/482...
Validation: 166/482...
Validation: 167/482...
Validation: 168/482...
Validation: 169/482...
Validation: 170/482...
Validation: 171/482...
Validation: 172/482...
Validation: 173/482...
Validation: 174/482...
Validation: 175/482...
Validation: 176/482...
Validation: 177/482...
Validation: 178/482...
Validation: 179/482...
Validation: 180/482...
Validation: 181/482...
Validation: 182/482...
Validation: 183/482...
Validation: 184/482...
Validation: 185/482...
Validation: 186/482...
Validation: 187/482...
Validation: 188/482...
Validation: 189/482...
Validation: 190/482...
Validation: 191/482...
Validation: 192/482...
Validation: 193/482...
Validation: 194/482...
Validation: 195/482...
Validation: 196/482...
Validation: 197/482...
Validation: 198/482...
Validation: 199/482...
Validation: 200/482...
Validation: 201/482...
Validation: 202/482...
Validation: 203/482...
Validation: 204/482...
Validation: 205/482...
Validation: 206/482...
Validation: 207/482...
Validation: 208/482...
Validation: 209/482...
Validation: 210/482...
Validation: 211/482...
Validation: 212/482...
Validation: 213/482...
Validation: 214/482...
Validation: 215/482...
Validation: 216/482...
Validation: 217/482...
Validation: 218/482...
Validation: 219/482...
Validation: 220/482...
Validation: 221/482...
Validation: 222/482...
Validation: 223/482...
Validation: 224/482...
Validation: 225/482...
Validation: 226/482...
Validation: 227/482...
Validation: 228/482...
Validation: 229/482...
Validation: 230/482...
Validation: 231/482...
Validation: 232/482...
Validation: 233/482...
Validation: 234/482...
Validation: 235/482...
Validation: 236/482...
Validation: 237/482...
Validation: 238/482...
Validation: 239/482...
Validation: 240/482...
Validation: 241/482...
Validation: 242/482...
Validation: 243/482...
Validation: 244/482...
Validation: 245/482...
Validation: 246/482...
Validation: 247/482...
Validation: 248/482...
Validation: 249/482...
Validation: 250/482...
Validation: 251/482...
Validation: 252/482...
Validation: 253/482...
Validation: 254/482...
Validation: 255/482...
Validation: 256/482...
Validation: 257/482...
Validation: 258/482...
Validation: 259/482...
Validation: 260/482...
Validation: 261/482...
Validation: 262/482...
Validation: 263/482...
Validation: 264/482...
Validation: 265/482...
Validation: 266/482...
Validation: 267/482...
Validation: 268/482...
Validation: 269/482...
Validation: 270/482...
Validation: 271/482...
Validation: 272/482...
Validation: 273/482...
Validation: 274/482...
Validation: 275/482...
Validation: 276/482...
Validation: 277/482...
Validation: 278/482...
Validation: 279/482...
Validation: 280/482...
Validation: 281/482...
Validation: 282/482...
Validation: 283/482...
Validation: 284/482...
Validation: 285/482...
Validation: 286/482...
Validation: 287/482...
Validation: 288/482...
Validation: 289/482...
Validation: 290/482...
Validation: 291/482...
Validation: 292/482...
Validation: 293/482...
Validation: 294/482...
Validation: 295/482...
Validation: 296/482...
Validation: 297/482...
Validation: 298/482...
Validation: 299/482...
Validation: 300/482...
Validation: 301/482...
Validation: 302/482...
Validation: 303/482...
Validation: 304/482...
Validation: 305/482...
Validation: 306/482...
Validation: 307/482...
Validation: 308/482...
Validation: 309/482...
Validation: 310/482...
Validation: 311/482...
Validation: 312/482...
Validation: 313/482...
Validation: 314/482...
Validation: 315/482...
Validation: 316/482...
Validation: 317/482...
Validation: 318/482...
Validation: 319/482...
Validation: 320/482...
Validation: 321/482...
Validation: 322/482...
Validation: 323/482...
Validation: 324/482...
Validation: 325/482...
Validation: 326/482...
Validation: 327/482...
Validation: 328/482...
Validation: 329/482...
Validation: 330/482...
Validation: 331/482...
Validation: 332/482...
Validation: 333/482...
Validation: 334/482...
Validation: 335/482...
Validation: 336/482...
Validation: 337/482...
Validation: 338/482...
Validation: 339/482...
Validation: 340/482...
Validation: 341/482...
Validation: 342/482...
Validation: 343/482...
Validation: 344/482...
Validation: 345/482...
Validation: 346/482...
Validation: 347/482...
Validation: 348/482...
Validation: 349/482...
Validation: 350/482...
Validation: 351/482...
Validation: 352/482...
Validation: 353/482...
Validation: 354/482...
Validation: 355/482...
Validation: 356/482...
Validation: 357/482...
Validation: 358/482...
Validation: 359/482...
Validation: 360/482...
Validation: 361/482...
Validation: 362/482...
Validation: 363/482...
Validation: 364/482...
Validation: 365/482...
Validation: 366/482...
Validation: 367/482...
Validation: 368/482...
Validation: 369/482...
Validation: 370/482...
Validation: 371/482...
Validation: 372/482...
Validation: 373/482...
Validation: 374/482...
Validation: 375/482...
Validation: 376/482...
Validation: 377/482...
Validation: 378/482...
Validation: 379/482...
Validation: 380/482...
Validation: 381/482...
Validation: 382/482...
Validation: 383/482...
Validation: 384/482...
Validation: 385/482...
Validation: 386/482...
Validation: 387/482...
Validation: 388/482...
Validation: 389/482...
Validation: 390/482...
Validation: 391/482...
Validation: 392/482...
Validation: 393/482...
Validation: 394/482...
Validation: 395/482...
Validation: 396/482...
Validation: 397/482...
Validation: 398/482...
Validation: 399/482...
Validation: 400/482...
Validation: 401/482...
Validation: 402/482...
Validation: 403/482...
Validation: 404/482...
Validation: 405/482...
Validation: 406/482...
Validation: 407/482...
Validation: 408/482...
Validation: 409/482...
Validation: 410/482...
Validation: 411/482...
Validation: 412/482...
Validation: 413/482...
Validation: 414/482...
Validation: 415/482...
Validation: 416/482...
Validation: 417/482...
Validation: 418/482...
Validation: 419/482...
Validation: 420/482...
Validation: 421/482...
Validation: 422/482...
Validation: 423/482...
Validation: 424/482...
Validation: 425/482...
Validation: 426/482...
Validation: 427/482...
Validation: 428/482...
Validation: 429/482...
Validation: 430/482...
Validation: 431/482...
Validation: 432/482...
Validation: 433/482...
Validation: 434/482...
Validation: 435/482...
Validation: 436/482...
Validation: 437/482...
Validation: 438/482...
Validation: 439/482...
Validation: 440/482...
Validation: 441/482...
Validation: 442/482...
Validation: 443/482...
Validation: 444/482...
Validation: 445/482...
Validation: 446/482...
Validation: 447/482...
Validation: 448/482...
Validation: 449/482...
Validation: 450/482...
Validation: 451/482...
Validation: 452/482...
Validation: 453/482...
Validation: 454/482...
Validation: 455/482...
Validation: 456/482...
Validation: 457/482...
Validation: 458/482...
Validation: 459/482...
Validation: 460/482...
Validation: 461/482...
Validation: 462/482...
Validation: 463/482...
Validation: 464/482...
Validation: 465/482...
Validation: 466/482...
Validation: 467/482...
Validation: 468/482...
Validation: 469/482...
Validation: 470/482...
Validation: 471/482...
Validation: 472/482...
Validation: 473/482...
Validation: 474/482...
Validation: 475/482...
Validation: 476/482...
Validation: 477/482...
Validation: 478/482...
Validation: 479/482...
Validation: 480/482...
Validation: 481/482...
Validation: 482/482...
Validation Metric: PSNR=12.77, LPIPS=0.7726...
====================================================================================================
Train: 016200/020000, Loss/MSE: t(1):4.4e-03/4.4e-03, t(8):1.9e-01/1.9e-01, t(15):3.1e-01/3.1e-01, lr:5.00e-05
Train: 016400/020000, Loss/MSE: t(1):3.8e-03/3.8e-03, t(8):1.9e-01/1.9e-01, t(15):3.4e-01/3.4e-01, lr:5.00e-05
Train: 016600/020000, Loss/MSE: t(1):3.9e-03/3.9e-03, t(8):1.9e-01/1.9e-01, t(15):3.3e-01/3.3e-01, lr:5.00e-05
Train: 016800/020000, Loss/MSE: t(1):4.0e-03/4.0e-03, t(8):2.0e-01/2.0e-01, t(15):3.2e-01/3.2e-01, lr:5.00e-05
Train: 017000/020000, Loss/MSE: t(1):4.0e-03/4.0e-03, t(8):1.9e-01/1.9e-01, t(15):3.2e-01/3.2e-01, lr:5.00e-05
Train: 017200/020000, Loss/MSE: t(1):3.8e-03/3.8e-03, t(8):2.0e-01/2.0e-01, t(15):3.3e-01/3.3e-01, lr:5.00e-05
Train: 017400/020000, Loss/MSE: t(1):4.3e-03/4.3e-03, t(8):1.9e-01/1.9e-01, t(15):3.2e-01/3.2e-01, lr:5.00e-05
Train: 017600/020000, Loss/MSE: t(1):4.5e-03/4.5e-03, t(8):1.9e-01/1.9e-01, t(15):3.2e-01/3.2e-01, lr:5.00e-05
Train: 017800/020000, Loss/MSE: t(1):4.0e-03/4.0e-03, t(8):1.9e-01/1.9e-01, t(15):3.3e-01/3.3e-01, lr:5.00e-05
Train: 018000/020000, Loss/MSE: t(1):3.6e-03/3.6e-03, t(8):1.9e-01/1.9e-01, t(15):3.2e-01/3.2e-01, lr:5.00e-05
Elapsed time: 1348.95s
====================================================================================================
Validation: 01/482...
Validation: 02/482...
Validation: 03/482...
Validation: 04/482...
Validation: 05/482...
Validation: 06/482...
Validation: 07/482...
Validation: 08/482...
Validation: 09/482...
Validation: 10/482...
Validation: 11/482...
Validation: 12/482...
Validation: 13/482...
Validation: 14/482...
Validation: 15/482...
Validation: 16/482...
Validation: 17/482...
Validation: 18/482...
Validation: 19/482...
Validation: 20/482...
Validation: 21/482...
Validation: 22/482...
Validation: 23/482...
Validation: 24/482...
Validation: 25/482...
Validation: 26/482...
Validation: 27/482...
Validation: 28/482...
Validation: 29/482...
Validation: 30/482...
Validation: 31/482...
Validation: 32/482...
Validation: 33/482...
Validation: 34/482...
Validation: 35/482...
Validation: 36/482...
Validation: 37/482...
Validation: 38/482...
Validation: 39/482...
Validation: 40/482...
Validation: 41/482...
Validation: 42/482...
Validation: 43/482...
Validation: 44/482...
Validation: 45/482...
Validation: 46/482...
Validation: 47/482...
Validation: 48/482...
Validation: 49/482...
Validation: 50/482...
Validation: 51/482...
Validation: 52/482...
Validation: 53/482...
Validation: 54/482...
Validation: 55/482...
Validation: 56/482...
Validation: 57/482...
Validation: 58/482...
Validation: 59/482...
Validation: 60/482...
Validation: 61/482...
Validation: 62/482...
Validation: 63/482...
Validation: 64/482...
Validation: 65/482...
Validation: 66/482...
Validation: 67/482...
Validation: 68/482...
Validation: 69/482...
Validation: 70/482...
Validation: 71/482...
Validation: 72/482...
Validation: 73/482...
Validation: 74/482...
Validation: 75/482...
Validation: 76/482...
Validation: 77/482...
Validation: 78/482...
Validation: 79/482...
Validation: 80/482...
Validation: 81/482...
Validation: 82/482...
Validation: 83/482...
Validation: 84/482...
Validation: 85/482...
Validation: 86/482...
Validation: 87/482...
Validation: 88/482...
Validation: 89/482...
Validation: 90/482...
Validation: 91/482...
Validation: 92/482...
Validation: 93/482...
Validation: 94/482...
Validation: 95/482...
Validation: 96/482...
Validation: 97/482...
Validation: 98/482...
Validation: 99/482...
Validation: 100/482...
Validation: 101/482...
Validation: 102/482...
Validation: 103/482...
Validation: 104/482...
Validation: 105/482...
Validation: 106/482...
Validation: 107/482...
Validation: 108/482...
Validation: 109/482...
Validation: 110/482...
Validation: 111/482...
Validation: 112/482...
Validation: 113/482...
Validation: 114/482...
Validation: 115/482...
Validation: 116/482...
Validation: 117/482...
Validation: 118/482...
Validation: 119/482...
Validation: 120/482...
Validation: 121/482...
Validation: 122/482...
Validation: 123/482...
Validation: 124/482...
Validation: 125/482...
Validation: 126/482...
Validation: 127/482...
Validation: 128/482...
Validation: 129/482...
Validation: 130/482...
Validation: 131/482...
Validation: 132/482...
Validation: 133/482...
Validation: 134/482...
Validation: 135/482...
Validation: 136/482...
Validation: 137/482...
Validation: 138/482...
Validation: 139/482...
Validation: 140/482...
Validation: 141/482...
Validation: 142/482...
Validation: 143/482...
Validation: 144/482...
Validation: 145/482...
Validation: 146/482...
Validation: 147/482...
Validation: 148/482...
Validation: 149/482...
Validation: 150/482...
Validation: 151/482...
Validation: 152/482...
Validation: 153/482...
Validation: 154/482...
Validation: 155/482...
Validation: 156/482...
Validation: 157/482...
Validation: 158/482...
Validation: 159/482...
Validation: 160/482...
Validation: 161/482...
Validation: 162/482...
Validation: 163/482...
Validation: 164/482...
Validation: 165/482...
Validation: 166/482...
Validation: 167/482...
Validation: 168/482...
Validation: 169/482...
Validation: 170/482...
Validation: 171/482...
Validation: 172/482...
Validation: 173/482...
Validation: 174/482...
Validation: 175/482...
Validation: 176/482...
Validation: 177/482...
Validation: 178/482...
Validation: 179/482...
Validation: 180/482...
Validation: 181/482...
Validation: 182/482...
Validation: 183/482...
Validation: 184/482...
Validation: 185/482...
Validation: 186/482...
Validation: 187/482...
Validation: 188/482...
Validation: 189/482...
Validation: 190/482...
Validation: 191/482...
Validation: 192/482...
Validation: 193/482...
Validation: 194/482...
Validation: 195/482...
Validation: 196/482...
Validation: 197/482...
Validation: 198/482...
Validation: 199/482...
Validation: 200/482...
Validation: 201/482...
Validation: 202/482...
Validation: 203/482...
Validation: 204/482...
Validation: 205/482...
Validation: 206/482...
Validation: 207/482...
Validation: 208/482...
Validation: 209/482...
Validation: 210/482...
Validation: 211/482...
Validation: 212/482...
Validation: 213/482...
Validation: 214/482...
Validation: 215/482...
Validation: 216/482...
Validation: 217/482...
Validation: 218/482...
Validation: 219/482...
Validation: 220/482...
Validation: 221/482...
Validation: 222/482...
Validation: 223/482...
Validation: 224/482...
Validation: 225/482...
Validation: 226/482...
Validation: 227/482...
Validation: 228/482...
Validation: 229/482...
Validation: 230/482...
Validation: 231/482...
Validation: 232/482...
Validation: 233/482...
Validation: 234/482...
Validation: 235/482...
Validation: 236/482...
Validation: 237/482...
Validation: 238/482...
Validation: 239/482...
Validation: 240/482...
Validation: 241/482...
Validation: 242/482...
Validation: 243/482...
Validation: 244/482...
Validation: 245/482...
Validation: 246/482...
Validation: 247/482...
Validation: 248/482...
Validation: 249/482...
Validation: 250/482...
Validation: 251/482...
Validation: 252/482...
Validation: 253/482...
Validation: 254/482...
Validation: 255/482...
Validation: 256/482...
Validation: 257/482...
Validation: 258/482...
Validation: 259/482...
Validation: 260/482...
Validation: 261/482...
Validation: 262/482...
Validation: 263/482...
Validation: 264/482...
Validation: 265/482...
Validation: 266/482...
Validation: 267/482...
Validation: 268/482...
Validation: 269/482...
Validation: 270/482...
Validation: 271/482...
Validation: 272/482...
Validation: 273/482...
Validation: 274/482...
Validation: 275/482...
Validation: 276/482...
Validation: 277/482...
Validation: 278/482...
Validation: 279/482...
Validation: 280/482...
Validation: 281/482...
Validation: 282/482...
Validation: 283/482...
Validation: 284/482...
Validation: 285/482...
Validation: 286/482...
Validation: 287/482...
Validation: 288/482...
Validation: 289/482...
Validation: 290/482...
Validation: 291/482...
Validation: 292/482...
Validation: 293/482...
Validation: 294/482...
Validation: 295/482...
Validation: 296/482...
Validation: 297/482...
Validation: 298/482...
Validation: 299/482...
Validation: 300/482...
Validation: 301/482...
Validation: 302/482...
Validation: 303/482...
Validation: 304/482...
Validation: 305/482...
Validation: 306/482...
Validation: 307/482...
Validation: 308/482...
Validation: 309/482...
Validation: 310/482...
Validation: 311/482...
Validation: 312/482...
Validation: 313/482...
Validation: 314/482...
Validation: 315/482...
Validation: 316/482...
Validation: 317/482...
Validation: 318/482...
Validation: 319/482...
Validation: 320/482...
Validation: 321/482...
Validation: 322/482...
Validation: 323/482...
Validation: 324/482...
Validation: 325/482...
Validation: 326/482...
Validation: 327/482...
Validation: 328/482...
Validation: 329/482...
Validation: 330/482...
Validation: 331/482...
Validation: 332/482...
Validation: 333/482...
Validation: 334/482...
Validation: 335/482...
Validation: 336/482...
Validation: 337/482...
Validation: 338/482...
Validation: 339/482...
Validation: 340/482...
Validation: 341/482...
Validation: 342/482...
Validation: 343/482...
Validation: 344/482...
Validation: 345/482...
Validation: 346/482...
Validation: 347/482...
Validation: 348/482...
Validation: 349/482...
Validation: 350/482...
Validation: 351/482...
Validation: 352/482...
Validation: 353/482...
Validation: 354/482...
Validation: 355/482...
Validation: 356/482...
Validation: 357/482...
Validation: 358/482...
Validation: 359/482...
Validation: 360/482...
Validation: 361/482...
Validation: 362/482...
Validation: 363/482...
Validation: 364/482...
Validation: 365/482...
Validation: 366/482...
Validation: 367/482...
Validation: 368/482...
Validation: 369/482...
Validation: 370/482...
Validation: 371/482...
Validation: 372/482...
Validation: 373/482...
Validation: 374/482...
Validation: 375/482...
Validation: 376/482...
Validation: 377/482...
Validation: 378/482...
Validation: 379/482...
Validation: 380/482...
Validation: 381/482...
Validation: 382/482...
Validation: 383/482...
Validation: 384/482...
Validation: 385/482...
Validation: 386/482...
Validation: 387/482...
Validation: 388/482...
Validation: 389/482...
Validation: 390/482...
Validation: 391/482...
Validation: 392/482...
Validation: 393/482...
Validation: 394/482...
Validation: 395/482...
Validation: 396/482...
Validation: 397/482...
Validation: 398/482...
Validation: 399/482...
Validation: 400/482...
Validation: 401/482...
Validation: 402/482...
Validation: 403/482...
Validation: 404/482...
Validation: 405/482...
Validation: 406/482...
Validation: 407/482...
Validation: 408/482...
Validation: 409/482...
Validation: 410/482...
Validation: 411/482...
Validation: 412/482...
Validation: 413/482...
Validation: 414/482...
Validation: 415/482...
Validation: 416/482...
Validation: 417/482...
Validation: 418/482...
Validation: 419/482...
Validation: 420/482...
Validation: 421/482...
Validation: 422/482...
Validation: 423/482...
Validation: 424/482...
Validation: 425/482...
Validation: 426/482...
Validation: 427/482...
Validation: 428/482...
Validation: 429/482...
Validation: 430/482...
Validation: 431/482...
Validation: 432/482...
Validation: 433/482...
Validation: 434/482...
Validation: 435/482...
Validation: 436/482...
Validation: 437/482...
Validation: 438/482...
Validation: 439/482...
Validation: 440/482...
Validation: 441/482...
Validation: 442/482...
Validation: 443/482...
Validation: 444/482...
Validation: 445/482...
Validation: 446/482...
Validation: 447/482...
Validation: 448/482...
Validation: 449/482...
Validation: 450/482...
Validation: 451/482...
Validation: 452/482...
Validation: 453/482...
Validation: 454/482...
Validation: 455/482...
Validation: 456/482...
Validation: 457/482...
Validation: 458/482...
Validation: 459/482...
Validation: 460/482...
Validation: 461/482...
Validation: 462/482...
Validation: 463/482...
Validation: 464/482...
Validation: 465/482...
Validation: 466/482...
Validation: 467/482...
Validation: 468/482...
Validation: 469/482...
Validation: 470/482...
Validation: 471/482...
Validation: 472/482...
Validation: 473/482...
Validation: 474/482...
Validation: 475/482...
Validation: 476/482...
Validation: 477/482...
Validation: 478/482...
Validation: 479/482...
Validation: 480/482...
Validation: 481/482...
Validation: 482/482...
Validation Metric: PSNR=12.80, LPIPS=0.7723...
====================================================================================================
Train: 018200/020000, Loss/MSE: t(1):3.9e-03/3.9e-03, t(8):1.9e-01/1.9e-01, t(15):3.4e-01/3.4e-01, lr:5.00e-05
Train: 018400/020000, Loss/MSE: t(1):4.5e-03/4.5e-03, t(8):2.0e-01/2.0e-01, t(15):3.9e-01/3.9e-01, lr:5.00e-05
Train: 018600/020000, Loss/MSE: t(1):3.8e-03/3.8e-03, t(8):1.9e-01/1.9e-01, t(15):3.1e-01/3.1e-01, lr:5.00e-05
Train: 018800/020000, Loss/MSE: t(1):3.8e-03/3.8e-03, t(8):1.8e-01/1.8e-01, t(15):3.4e-01/3.4e-01, lr:5.00e-05
Train: 019000/020000, Loss/MSE: t(1):4.1e-03/4.1e-03, t(8):1.9e-01/1.9e-01, t(15):3.5e-01/3.5e-01, lr:5.00e-05
Train: 019200/020000, Loss/MSE: t(1):4.0e-03/4.0e-03, t(8):2.0e-01/2.0e-01, t(15):3.1e-01/3.1e-01, lr:5.00e-05
Train: 019400/020000, Loss/MSE: t(1):3.6e-03/3.6e-03, t(8):1.9e-01/1.9e-01, t(15):3.6e-01/3.6e-01, lr:5.00e-05
Train: 019600/020000, Loss/MSE: t(1):3.6e-03/3.6e-03, t(8):1.9e-01/1.9e-01, t(15):3.3e-01/3.3e-01, lr:5.00e-05
Train: 019800/020000, Loss/MSE: t(1):3.9e-03/3.9e-03, t(8):2.0e-01/2.0e-01, t(15):3.4e-01/3.4e-01, lr:5.00e-05
Train: 020000/020000, Loss/MSE: t(1):3.5e-03/3.5e-03, t(8):1.9e-01/1.9e-01, t(15):3.3e-01/3.3e-01, lr:5.00e-05
Elapsed time: 1365.60s
====================================================================================================
Validation: 01/482...
Validation: 02/482...
Validation: 03/482...
Validation: 04/482...
Validation: 05/482...
Validation: 06/482...
Validation: 07/482...
Validation: 08/482...
Validation: 09/482...
Validation: 10/482...
Validation: 11/482...
Validation: 12/482...
Validation: 13/482...
Validation: 14/482...
Validation: 15/482...
Validation: 16/482...
Validation: 17/482...
Validation: 18/482...
Validation: 19/482...
Validation: 20/482...
Validation: 21/482...
Validation: 22/482...
Validation: 23/482...
Validation: 24/482...
Validation: 25/482...
Validation: 26/482...
Validation: 27/482...
Validation: 28/482...
Validation: 29/482...
Validation: 30/482...
Validation: 31/482...
Validation: 32/482...
Validation: 33/482...
Validation: 34/482...
Validation: 35/482...
Validation: 36/482...
Validation: 37/482...
Validation: 38/482...
Validation: 39/482...
Validation: 40/482...
Validation: 41/482...
Validation: 42/482...
Validation: 43/482...
Validation: 44/482...
Validation: 45/482...
Validation: 46/482...
Validation: 47/482...
Validation: 48/482...
Validation: 49/482...
Validation: 50/482...
Validation: 51/482...
Validation: 52/482...
Validation: 53/482...
Validation: 54/482...
Validation: 55/482...
Validation: 56/482...
Validation: 57/482...
Validation: 58/482...
Validation: 59/482...
Validation: 60/482...
Validation: 61/482...
Validation: 62/482...
Validation: 63/482...
Validation: 64/482...
Validation: 65/482...
Validation: 66/482...
Validation: 67/482...
Validation: 68/482...
Validation: 69/482...
Validation: 70/482...
Validation: 71/482...
Validation: 72/482...
Validation: 73/482...
Validation: 74/482...
Validation: 75/482...
Validation: 76/482...
Validation: 77/482...
Validation: 78/482...
Validation: 79/482...
Validation: 80/482...
Validation: 81/482...
Validation: 82/482...
Validation: 83/482...
Validation: 84/482...
Validation: 85/482...
Validation: 86/482...
Validation: 87/482...
Validation: 88/482...
Validation: 89/482...
Validation: 90/482...
Validation: 91/482...
Validation: 92/482...
Validation: 93/482...
Validation: 94/482...
Validation: 95/482...
Validation: 96/482...
Validation: 97/482...
Validation: 98/482...
Validation: 99/482...
Validation: 100/482...
Validation: 101/482...
Validation: 102/482...
Validation: 103/482...
Validation: 104/482...
Validation: 105/482...
Validation: 106/482...
Validation: 107/482...
Validation: 108/482...
Validation: 109/482...
Validation: 110/482...
Validation: 111/482...
Validation: 112/482...
Validation: 113/482...
Validation: 114/482...
Validation: 115/482...
Validation: 116/482...
Validation: 117/482...
Validation: 118/482...
Validation: 119/482...
Validation: 120/482...
Validation: 121/482...
Validation: 122/482...
Validation: 123/482...
Validation: 124/482...
Validation: 125/482...
Validation: 126/482...
Validation: 127/482...
Validation: 128/482...
Validation: 129/482...
Validation: 130/482...
Validation: 131/482...
Validation: 132/482...
Validation: 133/482...
Validation: 134/482...
Validation: 135/482...
Validation: 136/482...
Validation: 137/482...
Validation: 138/482...
Validation: 139/482...
Validation: 140/482...
Validation: 141/482...
Validation: 142/482...
Validation: 143/482...
Validation: 144/482...
Validation: 145/482...
Validation: 146/482...
Validation: 147/482...
Validation: 148/482...
Validation: 149/482...
Validation: 150/482...
Validation: 151/482...
Validation: 152/482...
Validation: 153/482...
Validation: 154/482...
Validation: 155/482...
Validation: 156/482...
Validation: 157/482...
Validation: 158/482...
Validation: 159/482...
Validation: 160/482...
Validation: 161/482...
Validation: 162/482...
Validation: 163/482...
Validation: 164/482...
Validation: 165/482...
Validation: 166/482...
Validation: 167/482...
Validation: 168/482...
Validation: 169/482...
Validation: 170/482...
Validation: 171/482...
Validation: 172/482...
Validation: 173/482...
Validation: 174/482...
Validation: 175/482...
Validation: 176/482...
Validation: 177/482...
Validation: 178/482...
Validation: 179/482...
Validation: 180/482...
Validation: 181/482...
Validation: 182/482...
Validation: 183/482...
Validation: 184/482...
Validation: 185/482...
Validation: 186/482...
Validation: 187/482...
Validation: 188/482...
Validation: 189/482...
Validation: 190/482...
Validation: 191/482...
Validation: 192/482...
Validation: 193/482...
Validation: 194/482...
Validation: 195/482...
Validation: 196/482...
Validation: 197/482...
Validation: 198/482...
Validation: 199/482...
Validation: 200/482...
Validation: 201/482...
Validation: 202/482...
Validation: 203/482...
Validation: 204/482...
Validation: 205/482...
Validation: 206/482...
Validation: 207/482...
Validation: 208/482...
Validation: 209/482...
Validation: 210/482...
Validation: 211/482...
Validation: 212/482...
Validation: 213/482...
Validation: 214/482...
Validation: 215/482...
Validation: 216/482...
Validation: 217/482...
Validation: 218/482...
Validation: 219/482...
Validation: 220/482...
Validation: 221/482...
Validation: 222/482...
Validation: 223/482...
Validation: 224/482...
Validation: 225/482...
Validation: 226/482...
Validation: 227/482...
Validation: 228/482...
Validation: 229/482...
Validation: 230/482...
Validation: 231/482...
Validation: 232/482...
Validation: 233/482...
Validation: 234/482...
Validation: 235/482...
Validation: 236/482...
Validation: 237/482...
Validation: 238/482...
Validation: 239/482...
Validation: 240/482...
Validation: 241/482...
Validation: 242/482...
Validation: 243/482...
Validation: 244/482...
Validation: 245/482...
Validation: 246/482...
Validation: 247/482...
Validation: 248/482...
Validation: 249/482...
Validation: 250/482...
Validation: 251/482...
Validation: 252/482...
Validation: 253/482...
Validation: 254/482...
Validation: 255/482...
Validation: 256/482...
Validation: 257/482...
Validation: 258/482...
Validation: 259/482...
Validation: 260/482...
Validation: 261/482...
Validation: 262/482...
Validation: 263/482...
Validation: 264/482...
Validation: 265/482...
Validation: 266/482...
Validation: 267/482...
Validation: 268/482...
Validation: 269/482...
Validation: 270/482...
Validation: 271/482...
Validation: 272/482...
Validation: 273/482...
Validation: 274/482...
Validation: 275/482...
Validation: 276/482...
Validation: 277/482...
Validation: 278/482...
Validation: 279/482...
Validation: 280/482...
Validation: 281/482...
Validation: 282/482...
Validation: 283/482...
Validation: 284/482...
Validation: 285/482...
Validation: 286/482...
Validation: 287/482...
Validation: 288/482...
Validation: 289/482...
Validation: 290/482...
Validation: 291/482...
Validation: 292/482...
Validation: 293/482...
Validation: 294/482...
Validation: 295/482...
Validation: 296/482...
Validation: 297/482...
Validation: 298/482...
Validation: 299/482...
Validation: 300/482...
Validation: 301/482...
Validation: 302/482...
Validation: 303/482...
Validation: 304/482...
Validation: 305/482...
Validation: 306/482...
Validation: 307/482...
Validation: 308/482...
Validation: 309/482...
Validation: 310/482...
Validation: 311/482...
Validation: 312/482...
Validation: 313/482...
Validation: 314/482...
Validation: 315/482...
Validation: 316/482...
Validation: 317/482...
Validation: 318/482...
Validation: 319/482...
Validation: 320/482...
Validation: 321/482...
Validation: 322/482...
Validation: 323/482...
Validation: 324/482...
Validation: 325/482...
Validation: 326/482...
Validation: 327/482...
Validation: 328/482...
Validation: 329/482...
Validation: 330/482...
Validation: 331/482...
Validation: 332/482...
Validation: 333/482...
Validation: 334/482...
Validation: 335/482...
Validation: 336/482...
Validation: 337/482...
Validation: 338/482...
Validation: 339/482...
Validation: 340/482...
Validation: 341/482...
Validation: 342/482...
Validation: 343/482...
Validation: 344/482...
Validation: 345/482...
Validation: 346/482...
Validation: 347/482...
Validation: 348/482...
Validation: 349/482...
Validation: 350/482...
Validation: 351/482...
Validation: 352/482...
Validation: 353/482...
Validation: 354/482...
Validation: 355/482...
Validation: 356/482...
Validation: 357/482...
Validation: 358/482...
Validation: 359/482...
Validation: 360/482...
Validation: 361/482...
Validation: 362/482...
Validation: 363/482...
Validation: 364/482...
Validation: 365/482...
Validation: 366/482...
Validation: 367/482...
Validation: 368/482...
Validation: 369/482...
Validation: 370/482...
Validation: 371/482...
Validation: 372/482...
Validation: 373/482...
Validation: 374/482...
Validation: 375/482...
Validation: 376/482...
Validation: 377/482...
Validation: 378/482...
Validation: 379/482...
Validation: 380/482...
Validation: 381/482...
Validation: 382/482...
Validation: 383/482...
Validation: 384/482...
Validation: 385/482...
Validation: 386/482...
Validation: 387/482...
Validation: 388/482...
Validation: 389/482...
Validation: 390/482...
Validation: 391/482...
Validation: 392/482...
Validation: 393/482...
Validation: 394/482...
Validation: 395/482...
Validation: 396/482...
Validation: 397/482...
Validation: 398/482...
Validation: 399/482...
Validation: 400/482...
Validation: 401/482...
Validation: 402/482...
Validation: 403/482...
Validation: 404/482...
Validation: 405/482...
Validation: 406/482...
Validation: 407/482...
Validation: 408/482...
Validation: 409/482...
Validation: 410/482...
Validation: 411/482...
Validation: 412/482...
Validation: 413/482...
Validation: 414/482...
Validation: 415/482...
Validation: 416/482...
Validation: 417/482...
Validation: 418/482...
Validation: 419/482...
Validation: 420/482...
Validation: 421/482...
Validation: 422/482...
Validation: 423/482...
Validation: 424/482...
Validation: 425/482...
Validation: 426/482...
Validation: 427/482...
Validation: 428/482...
Validation: 429/482...
Validation: 430/482...
Validation: 431/482...
Validation: 432/482...
Validation: 433/482...
Validation: 434/482...
Validation: 435/482...
Validation: 436/482...
Validation: 437/482...
Validation: 438/482...
Validation: 439/482...
Validation: 440/482...
Validation: 441/482...
Validation: 442/482...
Validation: 443/482...
Validation: 444/482...
Validation: 445/482...
Validation: 446/482...
Validation: 447/482...
Validation: 448/482...
Validation: 449/482...
Validation: 450/482...
Validation: 451/482...
Validation: 452/482...
Validation: 453/482...
Validation: 454/482...
Validation: 455/482...
Validation: 456/482...
Validation: 457/482...
Validation: 458/482...
Validation: 459/482...
Validation: 460/482...
Validation: 461/482...
Validation: 462/482...
Validation: 463/482...
Validation: 464/482...
Validation: 465/482...
Validation: 466/482...
Validation: 467/482...
Validation: 468/482...
Validation: 469/482...
Validation: 470/482...
Validation: 471/482...
Validation: 472/482...
Validation: 473/482...
Validation: 474/482...
Validation: 475/482...
Validation: 476/482...
Validation: 477/482...
Validation: 478/482...
Validation: 479/482...
Validation: 480/482...
Validation: 481/482...
Validation: 482/482...
Validation Metric: PSNR=12.67, LPIPS=0.7757...
====================================================================================================
2026-07-13 01:07:06,956 [INFO] Entrenamiento completado. Checkpoints en: models\resshift_finetuned\resshift_fold_1_s15_lr5e5
2026-07-13 01:07:15,377 [INFO] ============================================================
2026-07-13 01:07:15,856 [INFO] ENTRENAMIENTO/FINETUNE — ResShift
2026-07-13 01:07:15,856 [INFO] ============================================================
2026-07-13 01:07:15,856 [INFO]   hr_dir: data\sr_kfold\fold_2\train\hr
2026-07-13 01:07:15,856 [INFO]   lr_dir: data\sr_kfold\fold_2\train\lr
2026-07-13 01:07:15,856 [INFO]   val_hr_dir: data\sr_kfold\fold_2\val\hr
2026-07-13 01:07:15,856 [INFO]   val_lr_dir: data\sr_kfold\fold_2\val\lr
2026-07-13 01:07:15,856 [INFO]   scale: 4
2026-07-13 01:07:15,856 [INFO]   config: ResShift\configs\realsr_swinunet_realesrgan256.yaml
2026-07-13 01:07:15,856 [INFO]   pretrained_ckpt: None
2026-07-13 01:07:15,856 [INFO]   iterations: 20000
2026-07-13 01:07:15,856 [INFO]   batch_size: 2
2026-07-13 01:07:15,856 [INFO]   lr: 5e-05
2026-07-13 01:07:15,856 [INFO]   save_freq: 2000
2026-07-13 01:07:15,856 [INFO]   val_freq: 2000
2026-07-13 01:07:15,856 [INFO]   resume_from: None
2026-07-13 01:07:15,857 [INFO]   tune_decoder: False
2026-07-13 01:07:15,857 [INFO]   lora_tune_decoder: False
2026-07-13 01:07:15,857 [INFO]   ema_rate: None
2026-07-13 01:07:15,857 [INFO]   augment: True
2026-07-13 01:07:15,857 [INFO]   num_workers: 2
2026-07-13 01:07:15,857 [INFO]   grad_accum_steps: 2
2026-07-13 01:07:15,857 [INFO]   output_dir: models\resshift_finetuned
2026-07-13 01:07:15,857 [INFO]   seed: 42
2026-07-13 01:07:15,857 [INFO]   exp_name: resshift_fold_2_s15_lr5e5
2026-07-13 01:07:15,857 [INFO]   log_level: INFO
2026-07-13 01:07:15,857 [INFO] ============================================================
2026-07-13 01:07:15,969 [INFO] Config base: ResShift\configs\realsr_swinunet_realesrgan256.yaml
2026-07-13 01:07:16,044 [INFO] YAML de finetune generado en: models\resshift_finetuned\resshift_fold_2_s15_lr5e5\finetune_config.yaml
2026-07-13 01:07:16,046 [INFO] Cargando configuración desde: models\resshift_finetuned\resshift_fold_2_s15_lr5e5\finetune_config.yaml
2026-07-13 01:07:16,088 [INFO] Inicializando trainer...
2026-07-13 01:07:19,508 [INFO] Iniciando entrenamiento por 20000 iteraciones...
trainer:
  target: custom_trainer.TrainerDifIRFixedVal
model:
  target: models.unet.UNetModelSwin
  ckpt_path: null
  params:
    image_size: 64
    in_channels: 3
    model_channels: 160
    out_channels: 3
    attention_resolutions:
    - 64
    - 32
    - 16
    - 8
    dropout: 0
    channel_mult:
    - 1
    - 2
    - 2
    - 4
    num_res_blocks:
    - 2
    - 2
    - 2
    - 2
    conv_resample: true
    dims: 2
    use_fp16: false
    num_head_channels: 32
    use_scale_shift_norm: true
    resblock_updown: false
    swin_depth: 2
    swin_embed_dim: 192
    window_size: 8
    mlp_ratio: 4
    cond_lq: true
    lq_size: 64
diffusion:
  target: models.script_util.create_gaussian_diffusion
  params:
    sf: 4
    schedule_name: exponential
    schedule_kwargs:
      power: 0.3
    etas_end: 0.99
    steps: 15
    min_noise_level: 0.04
    kappa: 2.0
    weighted_mse: false
    predict_type: xstart
    timestep_respacing: null
    scale_factor: 1.0
    normalize_input: true
    latent_flag: true
autoencoder:
  target: ldm.models.autoencoder.VQModelTorch
  ckpt_path: C:\TFM\ResShift\weights\autoencoder_vq_f4.pth
  use_fp16: true
  params:
    embed_dim: 3
    n_embed: 8192
    ddconfig:
      double_z: false
      z_channels: 3
      resolution: 256
      in_channels: 3
      out_ch: 3
      ch: 128
      ch_mult:
      - 1
      - 2
      - 4
      num_res_blocks: 2
      attn_resolutions: []
      dropout: 0.0
      padding_mode: zeros
    lora_tune_decoder: false
  tune_decoder: false
degradation:
  sf: 4
  resize_prob:
  - 0.2
  - 0.7
  - 0.1
  resize_range:
  - 0.15
  - 1.5
  gaussian_noise_prob: 0.5
  noise_range:
  - 1
  - 30
  poisson_scale_range:
  - 0.05
  - 3.0
  gray_noise_prob: 0.4
  jpeg_range:
  - 30
  - 95
  second_order_prob: 0.5
  second_blur_prob: 0.8
  resize_prob2:
  - 0.3
  - 0.4
  - 0.3
  resize_range2:
  - 0.3
  - 1.2
  gaussian_noise_prob2: 0.5
  noise_range2:
  - 1
  - 25
  poisson_scale_range2:
  - 0.05
  - 2.5
  gray_noise_prob2: 0.4
  jpeg_range2:
  - 30
  - 95
  gt_size: 256
  resize_back: false
  use_sharp: false
data:
  train:
    type: realesrgan
    params:
      dir_paths:
      - C:\TFM\data\sr_kfold\fold_2\train\hr
      txt_file_path: []
      im_exts:
      - JPG
      - jpg
      - png
      - PNG
      - jpeg
      io_backend:
        type: disk
      blur_kernel_size: 21
      kernel_list:
      - iso
      - aniso
      - generalized_iso
      - generalized_aniso
      - plateau_iso
      - plateau_aniso
      kernel_prob:
      - 0.45
      - 0.25
      - 0.12
      - 0.03
      - 0.12
      - 0.03
      sinc_prob: 0.1
      blur_sigma:
      - 0.2
      - 3.0
      betag_range:
      - 0.5
      - 4.0
      betap_range:
      - 1
      - 2.0
      blur_kernel_size2: 15
      kernel_list2:
      - iso
      - aniso
      - generalized_iso
      - generalized_aniso
      - plateau_iso
      - plateau_aniso
      kernel_prob2:
      - 0.45
      - 0.25
      - 0.12
      - 0.03
      - 0.12
      - 0.03
      sinc_prob2: 0.1
      blur_sigma2:
      - 0.2
      - 1.5
      betag_range2:
      - 0.5
      - 4.0
      betap_range2:
      - 1
      - 2.0
      final_sinc_prob: 0.8
      gt_size: 256
      crop_pad_size: 300
      use_hflip: true
      use_rot: true
      rescale_gt: true
  val:
    type: base
    params:
      dir_path: C:\TFM\data\sr_kfold\fold_2\val\hr
      im_exts: png
      transform_type: default
      transform_kwargs:
        mean: 0.5
        std: 0.5
      extra_dir_path: C:\TFM\data\sr_kfold\fold_2\val\lr
      extra_transform_type: default
      extra_transform_kwargs:
        mean: 0.5
        std: 0.5
      recursive: false
train:
  lr: 5.0e-05
  lr_min: 2.0e-05
  lr_schedule: null
  warmup_iterations: 5000
  batch:
  - 4
  - 1
  microbatch: 2
  num_workers: 2
  prefetch_factor: 2
  weight_decay: 0
  ema_rate: 0.999
  iterations: 20000
  save_freq: 2000
  log_freq:
  - 200
  - 400
  - 1
  local_logging: true
  tf_logging: false
  use_ema_val: true
  val_freq: 2000
  val_y_channel: true
  val_resolution: ${model.params.lq_size}
  val_padding_mode: constant
  use_amp: true
  seed: 42
  global_seeding: false
  compile:
    flag: false
    mode: reduce-overhead
save_dir: C:\TFM\models\resshift_finetuned\resshift_fold_2_s15_lr5e5
resume: ''

E:\Anaconda\envs\resshift\lib\site-packages\timm\models\layers\__init__.py:49: FutureWarning: Importing from timm.models.layers is deprecated, please import via timm.layers
  warnings.warn(f"Importing from {__name__} is deprecated, please import via timm.layers", FutureWarning)
2026-07-13 01:07:22,286 [WARNING] A matching Triton is not available, some optimizations will not be enabled
Traceback (most recent call last):
  File "E:\Anaconda\envs\resshift\lib\site-packages\xformers\__init__.py", line 57, in _is_triton_available
    import triton  # noqa
ModuleNotFoundError: No module named 'triton'
E:\Anaconda\envs\resshift\lib\site-packages\torch\functional.py:554: UserWarning: torch.meshgrid: in an upcoming release, it will be required to pass the indexing argument. (Triggered internally at C:\actions-runner\_work\pytorch\pytorch\pytorch\aten\src\ATen\native\TensorShape.cpp:4316.)
  return _VF.meshgrid(tensors, **kwargs)  # type: ignore[attr-defined]
Number of parameters: 118.59M
Restoring autoencoder from C:\TFM\ResShift\weights\autoencoder_vq_f4.pth
building MemoryEfficientAttnBlock with 512 in_channels...
Working with z of shape (1, 3, 64, 64) = 12288 dimensions.
building MemoryEfficientAttnBlock with 512 in_channels...
Loading autoencoder from C:\TFM\ResShift\weights\autoencoder_vq_f4.pth...
Loaded Done
Loading LIIPS Metric: vgg...
E:\Anaconda\envs\resshift\lib\site-packages\torchvision\models\_utils.py:208: UserWarning: The parameter 'pretrained' is deprecated since 0.13 and may be removed in the future, please use 'weights' instead.
  warnings.warn(
E:\Anaconda\envs\resshift\lib\site-packages\torchvision\models\_utils.py:223: UserWarning: Arguments other than a weight enum or `None` for 'weights' are deprecated since 0.13 and may be removed in the future. The current behavior is equivalent to passing `weights=VGG16_Weights.IMAGENET1K_V1`. You can also use `weights=VGG16_Weights.DEFAULT` to get the most up-to-date weights.
  warnings.warn(msg)
C:\TFM\ResShift\trainer.py:200: FutureWarning: `torch.cuda.amp.GradScaler(args...)` is deprecated. Please use `torch.amp.GradScaler('cuda', args...)` instead.
  self.amp_scaler = amp.GradScaler() if self.configs.train.use_amp else None
Setting up [LPIPS] perceptual loss: trunk [vgg], v[0.1], spatial [off]
Loading model from: E:\Anaconda\envs\resshift\lib\site-packages\lpips\weights\v0.1\vgg.pth
Number of images in train data set: 3856
Number of images in val data set: 482
C:\TFM\ResShift\trainer.py:731: FutureWarning: `torch.cuda.amp.autocast(args...)` is deprecated. Please use `torch.amp.autocast('cuda', args...)` instead.
  with context():
Train: 000200/020000, Loss/MSE: t(1):6.3e-01/6.3e-01, t(8):6.9e-01/6.9e-01, t(15):8.3e-01/8.3e-01, lr:1.99e-06
Train: 000400/020000, Loss/MSE: t(1):2.6e-01/2.6e-01, t(8):4.0e-01/4.0e-01, t(15):6.2e-01/6.2e-01, lr:3.99e-06
Train: 000600/020000, Loss/MSE: t(1):9.5e-02/9.5e-02, t(8):3.1e-01/3.1e-01, t(15):5.4e-01/5.4e-01, lr:5.99e-06
Train: 000800/020000, Loss/MSE: t(1):5.9e-02/5.9e-02, t(8):2.9e-01/2.9e-01, t(15):4.6e-01/4.6e-01, lr:7.99e-06
Train: 001000/020000, Loss/MSE: t(1):4.0e-02/4.0e-02, t(8):2.8e-01/2.8e-01, t(15):4.4e-01/4.4e-01, lr:9.99e-06
Train: 001200/020000, Loss/MSE: t(1):3.4e-02/3.4e-02, t(8):2.7e-01/2.7e-01, t(15):4.4e-01/4.4e-01, lr:1.20e-05
Train: 001400/020000, Loss/MSE: t(1):2.6e-02/2.6e-02, t(8):2.7e-01/2.7e-01, t(15):4.1e-01/4.1e-01, lr:1.40e-05
Train: 001600/020000, Loss/MSE: t(1):2.3e-02/2.3e-02, t(8):2.6e-01/2.6e-01, t(15):4.1e-01/4.1e-01, lr:1.60e-05
Train: 001800/020000, Loss/MSE: t(1):2.0e-02/2.0e-02, t(8):2.6e-01/2.6e-01, t(15):4.1e-01/4.1e-01, lr:1.80e-05
Train: 002000/020000, Loss/MSE: t(1):1.6e-02/1.6e-02, t(8):2.6e-01/2.6e-01, t(15):4.0e-01/4.0e-01, lr:2.00e-05
Elapsed time: 1374.88s
====================================================================================================
Validation: 01/482...
Validation: 02/482...
Validation: 03/482...
Validation: 04/482...
Validation: 05/482...
Validation: 06/482...
Validation: 07/482...
Validation: 08/482...
Validation: 09/482...
Validation: 10/482...
Validation: 11/482...
Validation: 12/482...
Validation: 13/482...
Validation: 14/482...
Validation: 15/482...
Validation: 16/482...
Validation: 17/482...
Validation: 18/482...
Validation: 19/482...
Validation: 20/482...
Validation: 21/482...
Validation: 22/482...
Validation: 23/482...
Validation: 24/482...
Validation: 25/482...
Validation: 26/482...
Validation: 27/482...
Validation: 28/482...
Validation: 29/482...
Validation: 30/482...
Validation: 31/482...
Validation: 32/482...
Validation: 33/482...
Validation: 34/482...
Validation: 35/482...
Validation: 36/482...
Validation: 37/482...
Validation: 38/482...
Validation: 39/482...
Validation: 40/482...
Validation: 41/482...
Validation: 42/482...
Validation: 43/482...
Validation: 44/482...
Validation: 45/482...
Validation: 46/482...
Validation: 47/482...
Validation: 48/482...
Validation: 49/482...
Validation: 50/482...
Validation: 51/482...
Validation: 52/482...
Validation: 53/482...
Validation: 54/482...
Validation: 55/482...
Validation: 56/482...
Validation: 57/482...
Validation: 58/482...
Validation: 59/482...
Validation: 60/482...
Validation: 61/482...
Validation: 62/482...
Validation: 63/482...
Validation: 64/482...
Validation: 65/482...
Validation: 66/482...
Validation: 67/482...
Validation: 68/482...
Validation: 69/482...
Validation: 70/482...
Validation: 71/482...
Validation: 72/482...
Validation: 73/482...
Validation: 74/482...
Validation: 75/482...
Validation: 76/482...
Validation: 77/482...
Validation: 78/482...
Validation: 79/482...
Validation: 80/482...
Validation: 81/482...
Validation: 82/482...
Validation: 83/482...
Validation: 84/482...
Validation: 85/482...
Validation: 86/482...
Validation: 87/482...
Validation: 88/482...
Validation: 89/482...
Validation: 90/482...
Validation: 91/482...
Validation: 92/482...
Validation: 93/482...
Validation: 94/482...
Validation: 95/482...
Validation: 96/482...
Validation: 97/482...
Validation: 98/482...
Validation: 99/482...
Validation: 100/482...
Validation: 101/482...
Validation: 102/482...
Validation: 103/482...
Validation: 104/482...
Validation: 105/482...
Validation: 106/482...
Validation: 107/482...
Validation: 108/482...
Validation: 109/482...
Validation: 110/482...
Validation: 111/482...
Validation: 112/482...
Validation: 113/482...
Validation: 114/482...
Validation: 115/482...
Validation: 116/482...
Validation: 117/482...
Validation: 118/482...
Validation: 119/482...
Validation: 120/482...
Validation: 121/482...
Validation: 122/482...
Validation: 123/482...
Validation: 124/482...
Validation: 125/482...
Validation: 126/482...
Validation: 127/482...
Validation: 128/482...
Validation: 129/482...
Validation: 130/482...
Validation: 131/482...
Validation: 132/482...
Validation: 133/482...
Validation: 134/482...
Validation: 135/482...
Validation: 136/482...
Validation: 137/482...
Validation: 138/482...
Validation: 139/482...
Validation: 140/482...
Validation: 141/482...
Validation: 142/482...
Validation: 143/482...
Validation: 144/482...
Validation: 145/482...
Validation: 146/482...
Validation: 147/482...
Validation: 148/482...
Validation: 149/482...
Validation: 150/482...
Validation: 151/482...
Validation: 152/482...
Validation: 153/482...
Validation: 154/482...
Validation: 155/482...
Validation: 156/482...
Validation: 157/482...
Validation: 158/482...
Validation: 159/482...
Validation: 160/482...
Validation: 161/482...
Validation: 162/482...
Validation: 163/482...
Validation: 164/482...
Validation: 165/482...
Validation: 166/482...
Validation: 167/482...
Validation: 168/482...
Validation: 169/482...
Validation: 170/482...
Validation: 171/482...
Validation: 172/482...
Validation: 173/482...
Validation: 174/482...
Validation: 175/482...
Validation: 176/482...
Validation: 177/482...
Validation: 178/482...
Validation: 179/482...
Validation: 180/482...
Validation: 181/482...
Validation: 182/482...
Validation: 183/482...
Validation: 184/482...
Validation: 185/482...
Validation: 186/482...
Validation: 187/482...
Validation: 188/482...
Validation: 189/482...
Validation: 190/482...
Validation: 191/482...
Validation: 192/482...
Validation: 193/482...
Validation: 194/482...
Validation: 195/482...
Validation: 196/482...
Validation: 197/482...
Validation: 198/482...
Validation: 199/482...
Validation: 200/482...
Validation: 201/482...
Validation: 202/482...
Validation: 203/482...
Validation: 204/482...
Validation: 205/482...
Validation: 206/482...
Validation: 207/482...
Validation: 208/482...
Validation: 209/482...
Validation: 210/482...
Validation: 211/482...
Validation: 212/482...
Validation: 213/482...
Validation: 214/482...
Validation: 215/482...
Validation: 216/482...
Validation: 217/482...
Validation: 218/482...
Validation: 219/482...
Validation: 220/482...
Validation: 221/482...
Validation: 222/482...
Validation: 223/482...
Validation: 224/482...
Validation: 225/482...
Validation: 226/482...
Validation: 227/482...
Validation: 228/482...
Validation: 229/482...
Validation: 230/482...
Validation: 231/482...
Validation: 232/482...
Validation: 233/482...
Validation: 234/482...
Validation: 235/482...
Validation: 236/482...
Validation: 237/482...
Validation: 238/482...
Validation: 239/482...
Validation: 240/482...
Validation: 241/482...
Validation: 242/482...
Validation: 243/482...
Validation: 244/482...
Validation: 245/482...
Validation: 246/482...
Validation: 247/482...
Validation: 248/482...
Validation: 249/482...
Validation: 250/482...
Validation: 251/482...
Validation: 252/482...
Validation: 253/482...
Validation: 254/482...
Validation: 255/482...
Validation: 256/482...
Validation: 257/482...
Validation: 258/482...
Validation: 259/482...
Validation: 260/482...
Validation: 261/482...
Validation: 262/482...
Validation: 263/482...
Validation: 264/482...
Validation: 265/482...
Validation: 266/482...
Validation: 267/482...
Validation: 268/482...
Validation: 269/482...
Validation: 270/482...
Validation: 271/482...
Validation: 272/482...
Validation: 273/482...
Validation: 274/482...
Validation: 275/482...
Validation: 276/482...
Validation: 277/482...
Validation: 278/482...
Validation: 279/482...
Validation: 280/482...
Validation: 281/482...
Validation: 282/482...
Validation: 283/482...
Validation: 284/482...
Validation: 285/482...
Validation: 286/482...
Validation: 287/482...
Validation: 288/482...
Validation: 289/482...
Validation: 290/482...
Validation: 291/482...
Validation: 292/482...
Validation: 293/482...
Validation: 294/482...
Validation: 295/482...
Validation: 296/482...
Validation: 297/482...
Validation: 298/482...
Validation: 299/482...
Validation: 300/482...
Validation: 301/482...
Validation: 302/482...
Validation: 303/482...
Validation: 304/482...
Validation: 305/482...
Validation: 306/482...
Validation: 307/482...
Validation: 308/482...
Validation: 309/482...
Validation: 310/482...
Validation: 311/482...
Validation: 312/482...
Validation: 313/482...
Validation: 314/482...
Validation: 315/482...
Validation: 316/482...
Validation: 317/482...
Validation: 318/482...
Validation: 319/482...
Validation: 320/482...
Validation: 321/482...
Validation: 322/482...
Validation: 323/482...
Validation: 324/482...
Validation: 325/482...
Validation: 326/482...
Validation: 327/482...
Validation: 328/482...
Validation: 329/482...
Validation: 330/482...
Validation: 331/482...
Validation: 332/482...
Validation: 333/482...
Validation: 334/482...
Validation: 335/482...
Validation: 336/482...
Validation: 337/482...
Validation: 338/482...
Validation: 339/482...
Validation: 340/482...
Validation: 341/482...
Validation: 342/482...
Validation: 343/482...
Validation: 344/482...
Validation: 345/482...
Validation: 346/482...
Validation: 347/482...
Validation: 348/482...
Validation: 349/482...
Validation: 350/482...
Validation: 351/482...
Validation: 352/482...
Validation: 353/482...
Validation: 354/482...
Validation: 355/482...
Validation: 356/482...
Validation: 357/482...
Validation: 358/482...
Validation: 359/482...
Validation: 360/482...
Validation: 361/482...
Validation: 362/482...
Validation: 363/482...
Validation: 364/482...
Validation: 365/482...
Validation: 366/482...
Validation: 367/482...
Validation: 368/482...
Validation: 369/482...
Validation: 370/482...
Validation: 371/482...
Validation: 372/482...
Validation: 373/482...
Validation: 374/482...
Validation: 375/482...
Validation: 376/482...
Validation: 377/482...
Validation: 378/482...
Validation: 379/482...
Validation: 380/482...
Validation: 381/482...
Validation: 382/482...
Validation: 383/482...
Validation: 384/482...
Validation: 385/482...
Validation: 386/482...
Validation: 387/482...
Validation: 388/482...
Validation: 389/482...
Validation: 390/482...
Validation: 391/482...
Validation: 392/482...
Validation: 393/482...
Validation: 394/482...
Validation: 395/482...
Validation: 396/482...
Validation: 397/482...
Validation: 398/482...
Validation: 399/482...
Validation: 400/482...
Validation: 401/482...
Validation: 402/482...
Validation: 403/482...
Validation: 404/482...
Validation: 405/482...
Validation: 406/482...
Validation: 407/482...
Validation: 408/482...
Validation: 409/482...
Validation: 410/482...
Validation: 411/482...
Validation: 412/482...
Validation: 413/482...
Validation: 414/482...
Validation: 415/482...
Validation: 416/482...
Validation: 417/482...
Validation: 418/482...
Validation: 419/482...
Validation: 420/482...
Validation: 421/482...
Validation: 422/482...
Validation: 423/482...
Validation: 424/482...
Validation: 425/482...
Validation: 426/482...
Validation: 427/482...
Validation: 428/482...
Validation: 429/482...
Validation: 430/482...
Validation: 431/482...
Validation: 432/482...
Validation: 433/482...
Validation: 434/482...
Validation: 435/482...
Validation: 436/482...
Validation: 437/482...
Validation: 438/482...
Validation: 439/482...
Validation: 440/482...
Validation: 441/482...
Validation: 442/482...
Validation: 443/482...
Validation: 444/482...
Validation: 445/482...
Validation: 446/482...
Validation: 447/482...
Validation: 448/482...
Validation: 449/482...
Validation: 450/482...
Validation: 451/482...
Validation: 452/482...
Validation: 453/482...
Validation: 454/482...
Validation: 455/482...
Validation: 456/482...
Validation: 457/482...
Validation: 458/482...
Validation: 459/482...
Validation: 460/482...
Validation: 461/482...
Validation: 462/482...
Validation: 463/482...
Validation: 464/482...
Validation: 465/482...
Validation: 466/482...
Validation: 467/482...
Validation: 468/482...
Validation: 469/482...
Validation: 470/482...
Validation: 471/482...
Validation: 472/482...
Validation: 473/482...
Validation: 474/482...
Validation: 475/482...
Validation: 476/482...
Validation: 477/482...
Validation: 478/482...
Validation: 479/482...
Validation: 480/482...
Validation: 481/482...
Validation: 482/482...
Validation Metric: PSNR=11.80, LPIPS=0.7536...
====================================================================================================
Train: 002200/020000, Loss/MSE: t(1):1.6e-02/1.6e-02, t(8):2.5e-01/2.5e-01, t(15):4.0e-01/4.0e-01, lr:2.20e-05
Train: 002400/020000, Loss/MSE: t(1):1.5e-02/1.5e-02, t(8):2.5e-01/2.5e-01, t(15):3.6e-01/3.6e-01, lr:2.40e-05
Train: 002600/020000, Loss/MSE: t(1):1.4e-02/1.4e-02, t(8):2.5e-01/2.5e-01, t(15):4.0e-01/4.0e-01, lr:2.60e-05
Train: 002800/020000, Loss/MSE: t(1):1.4e-02/1.4e-02, t(8):2.6e-01/2.6e-01, t(15):4.1e-01/4.1e-01, lr:2.80e-05
Train: 003000/020000, Loss/MSE: t(1):1.3e-02/1.3e-02, t(8):2.4e-01/2.4e-01, t(15):3.6e-01/3.6e-01, lr:3.00e-05
Train: 003200/020000, Loss/MSE: t(1):1.2e-02/1.2e-02, t(8):2.4e-01/2.4e-01, t(15):3.8e-01/3.8e-01, lr:3.20e-05
Train: 003400/020000, Loss/MSE: t(1):1.3e-02/1.3e-02, t(8):2.5e-01/2.5e-01, t(15):4.1e-01/4.1e-01, lr:3.40e-05
Train: 003600/020000, Loss/MSE: t(1):1.1e-02/1.1e-02, t(8):2.4e-01/2.4e-01, t(15):3.7e-01/3.7e-01, lr:3.60e-05
Train: 003800/020000, Loss/MSE: t(1):1.2e-02/1.2e-02, t(8):2.4e-01/2.4e-01, t(15):3.7e-01/3.7e-01, lr:3.80e-05
Train: 004000/020000, Loss/MSE: t(1):1.1e-02/1.1e-02, t(8):2.5e-01/2.5e-01, t(15):3.9e-01/3.9e-01, lr:4.00e-05
Elapsed time: 1357.26s
====================================================================================================
Validation: 01/482...
Validation: 02/482...
Validation: 03/482...
Validation: 04/482...
Validation: 05/482...
Validation: 06/482...
Validation: 07/482...
Validation: 08/482...
Validation: 09/482...
Validation: 10/482...
Validation: 11/482...
Validation: 12/482...
Validation: 13/482...
Validation: 14/482...
Validation: 15/482...
Validation: 16/482...
Validation: 17/482...
Validation: 18/482...
Validation: 19/482...
Validation: 20/482...
Validation: 21/482...
Validation: 22/482...
Validation: 23/482...
Validation: 24/482...
Validation: 25/482...
Validation: 26/482...
Validation: 27/482...
Validation: 28/482...
Validation: 29/482...
Validation: 30/482...
Validation: 31/482...
Validation: 32/482...
Validation: 33/482...
Validation: 34/482...
Validation: 35/482...
Validation: 36/482...
Validation: 37/482...
Validation: 38/482...
Validation: 39/482...
Validation: 40/482...
Validation: 41/482...
Validation: 42/482...
Validation: 43/482...
Validation: 44/482...
Validation: 45/482...
Validation: 46/482...
Validation: 47/482...
Validation: 48/482...
Validation: 49/482...
Validation: 50/482...
Validation: 51/482...
Validation: 52/482...
Validation: 53/482...
Validation: 54/482...
Validation: 55/482...
Validation: 56/482...
Validation: 57/482...
Validation: 58/482...
Validation: 59/482...
Validation: 60/482...
Validation: 61/482...
Validation: 62/482...
Validation: 63/482...
Validation: 64/482...
Validation: 65/482...
Validation: 66/482...
Validation: 67/482...
Validation: 68/482...
Validation: 69/482...
Validation: 70/482...
Validation: 71/482...
Validation: 72/482...
Validation: 73/482...
Validation: 74/482...
Validation: 75/482...
Validation: 76/482...
Validation: 77/482...
Validation: 78/482...
Validation: 79/482...
Validation: 80/482...
Validation: 81/482...
Validation: 82/482...
Validation: 83/482...
Validation: 84/482...
Validation: 85/482...
Validation: 86/482...
Validation: 87/482...
Validation: 88/482...
Validation: 89/482...
Validation: 90/482...
Validation: 91/482...
Validation: 92/482...
Validation: 93/482...
Validation: 94/482...
Validation: 95/482...
Validation: 96/482...
Validation: 97/482...
Validation: 98/482...
Validation: 99/482...
Validation: 100/482...
Validation: 101/482...
Validation: 102/482...
Validation: 103/482...
Validation: 104/482...
Validation: 105/482...
Validation: 106/482...
Validation: 107/482...
Validation: 108/482...
Validation: 109/482...
Validation: 110/482...
Validation: 111/482...
Validation: 112/482...
Validation: 113/482...
Validation: 114/482...
Validation: 115/482...
Validation: 116/482...
Validation: 117/482...
Validation: 118/482...
Validation: 119/482...
Validation: 120/482...
Validation: 121/482...
Validation: 122/482...
Validation: 123/482...
Validation: 124/482...
Validation: 125/482...
Validation: 126/482...
Validation: 127/482...
Validation: 128/482...
Validation: 129/482...
Validation: 130/482...
Validation: 131/482...
Validation: 132/482...
Validation: 133/482...
Validation: 134/482...
Validation: 135/482...
Validation: 136/482...
Validation: 137/482...
Validation: 138/482...
Validation: 139/482...
Validation: 140/482...
Validation: 141/482...
Validation: 142/482...
Validation: 143/482...
Validation: 144/482...
Validation: 145/482...
Validation: 146/482...
Validation: 147/482...
Validation: 148/482...
Validation: 149/482...
Validation: 150/482...
Validation: 151/482...
Validation: 152/482...
Validation: 153/482...
Validation: 154/482...
Validation: 155/482...
Validation: 156/482...
Validation: 157/482...
Validation: 158/482...
Validation: 159/482...
Validation: 160/482...
Validation: 161/482...
Validation: 162/482...
Validation: 163/482...
Validation: 164/482...
Validation: 165/482...
Validation: 166/482...
Validation: 167/482...
Validation: 168/482...
Validation: 169/482...
Validation: 170/482...
Validation: 171/482...
Validation: 172/482...
Validation: 173/482...
Validation: 174/482...
Validation: 175/482...
Validation: 176/482...
Validation: 177/482...
Validation: 178/482...
Validation: 179/482...
Validation: 180/482...
Validation: 181/482...
Validation: 182/482...
Validation: 183/482...
Validation: 184/482...
Validation: 185/482...
Validation: 186/482...
Validation: 187/482...
Validation: 188/482...
Validation: 189/482...
Validation: 190/482...
Validation: 191/482...
Validation: 192/482...
Validation: 193/482...
Validation: 194/482...
Validation: 195/482...
Validation: 196/482...
Validation: 197/482...
Validation: 198/482...
Validation: 199/482...
Validation: 200/482...
Validation: 201/482...
Validation: 202/482...
Validation: 203/482...
Validation: 204/482...
Validation: 205/482...
Validation: 206/482...
Validation: 207/482...
Validation: 208/482...
Validation: 209/482...
Validation: 210/482...
Validation: 211/482...
Validation: 212/482...
Validation: 213/482...
Validation: 214/482...
Validation: 215/482...
Validation: 216/482...
Validation: 217/482...
Validation: 218/482...
Validation: 219/482...
Validation: 220/482...
Validation: 221/482...
Validation: 222/482...
Validation: 223/482...
Validation: 224/482...
Validation: 225/482...
Validation: 226/482...
Validation: 227/482...
Validation: 228/482...
Validation: 229/482...
Validation: 230/482...
Validation: 231/482...
Validation: 232/482...
Validation: 233/482...
Validation: 234/482...
Validation: 235/482...
Validation: 236/482...
Validation: 237/482...
Validation: 238/482...
Validation: 239/482...
Validation: 240/482...
Validation: 241/482...
Validation: 242/482...
Validation: 243/482...
Validation: 244/482...
Validation: 245/482...
Validation: 246/482...
Validation: 247/482...
Validation: 248/482...
Validation: 249/482...
Validation: 250/482...
Validation: 251/482...
Validation: 252/482...
Validation: 253/482...
Validation: 254/482...
Validation: 255/482...
Validation: 256/482...
Validation: 257/482...
Validation: 258/482...
Validation: 259/482...
Validation: 260/482...
Validation: 261/482...
Validation: 262/482...
Validation: 263/482...
Validation: 264/482...
Validation: 265/482...
Validation: 266/482...
Validation: 267/482...
Validation: 268/482...
Validation: 269/482...
Validation: 270/482...
Validation: 271/482...
Validation: 272/482...
Validation: 273/482...
Validation: 274/482...
Validation: 275/482...
Validation: 276/482...
Validation: 277/482...
Validation: 278/482...
Validation: 279/482...
Validation: 280/482...
Validation: 281/482...
Validation: 282/482...
Validation: 283/482...
Validation: 284/482...
Validation: 285/482...
Validation: 286/482...
Validation: 287/482...
Validation: 288/482...
Validation: 289/482...
Validation: 290/482...
Validation: 291/482...
Validation: 292/482...
Validation: 293/482...
Validation: 294/482...
Validation: 295/482...
Validation: 296/482...
Validation: 297/482...
Validation: 298/482...
Validation: 299/482...
Validation: 300/482...
Validation: 301/482...
Validation: 302/482...
Validation: 303/482...
Validation: 304/482...
Validation: 305/482...
Validation: 306/482...
Validation: 307/482...
Validation: 308/482...
Validation: 309/482...
Validation: 310/482...
Validation: 311/482...
Validation: 312/482...
Validation: 313/482...
Validation: 314/482...
Validation: 315/482...
Validation: 316/482...
Validation: 317/482...
Validation: 318/482...
Validation: 319/482...
Validation: 320/482...
Validation: 321/482...
Validation: 322/482...
Validation: 323/482...
Validation: 324/482...
Validation: 325/482...
Validation: 326/482...
Validation: 327/482...
Validation: 328/482...
Validation: 329/482...
Validation: 330/482...
Validation: 331/482...
Validation: 332/482...
Validation: 333/482...
Validation: 334/482...
Validation: 335/482...
Validation: 336/482...
Validation: 337/482...
Validation: 338/482...
Validation: 339/482...
Validation: 340/482...
Validation: 341/482...
Validation: 342/482...
Validation: 343/482...
Validation: 344/482...
Validation: 345/482...
Validation: 346/482...
Validation: 347/482...
Validation: 348/482...
Validation: 349/482...
Validation: 350/482...
Validation: 351/482...
Validation: 352/482...
Validation: 353/482...
Validation: 354/482...
Validation: 355/482...
Validation: 356/482...
Validation: 357/482...
Validation: 358/482...
Validation: 359/482...
Validation: 360/482...
Validation: 361/482...
Validation: 362/482...
Validation: 363/482...
Validation: 364/482...
Validation: 365/482...
Validation: 366/482...
Validation: 367/482...
Validation: 368/482...
Validation: 369/482...
Validation: 370/482...
Validation: 371/482...
Validation: 372/482...
Validation: 373/482...
Validation: 374/482...
Validation: 375/482...
Validation: 376/482...
Validation: 377/482...
Validation: 378/482...
Validation: 379/482...
Validation: 380/482...
Validation: 381/482...
Validation: 382/482...
Validation: 383/482...
Validation: 384/482...
Validation: 385/482...
Validation: 386/482...
Validation: 387/482...
Validation: 388/482...
Validation: 389/482...
Validation: 390/482...
Validation: 391/482...
Validation: 392/482...
Validation: 393/482...
Validation: 394/482...
Validation: 395/482...
Validation: 396/482...
Validation: 397/482...
Validation: 398/482...
Validation: 399/482...
Validation: 400/482...
Validation: 401/482...
Validation: 402/482...
Validation: 403/482...
Validation: 404/482...
Validation: 405/482...
Validation: 406/482...
Validation: 407/482...
Validation: 408/482...
Validation: 409/482...
Validation: 410/482...
Validation: 411/482...
Validation: 412/482...
Validation: 413/482...
Validation: 414/482...
Validation: 415/482...
Validation: 416/482...
Validation: 417/482...
Validation: 418/482...
Validation: 419/482...
Validation: 420/482...
Validation: 421/482...
Validation: 422/482...
Validation: 423/482...
Validation: 424/482...
Validation: 425/482...
Validation: 426/482...
Validation: 427/482...
Validation: 428/482...
Validation: 429/482...
Validation: 430/482...
Validation: 431/482...
Validation: 432/482...
Validation: 433/482...
Validation: 434/482...
Validation: 435/482...
Validation: 436/482...
Validation: 437/482...
Validation: 438/482...
Validation: 439/482...
Validation: 440/482...
Validation: 441/482...
Validation: 442/482...
Validation: 443/482...
Validation: 444/482...
Validation: 445/482...
Validation: 446/482...
Validation: 447/482...
Validation: 448/482...
Validation: 449/482...
Validation: 450/482...
Validation: 451/482...
Validation: 452/482...
Validation: 453/482...
Validation: 454/482...
Validation: 455/482...
Validation: 456/482...
Validation: 457/482...
Validation: 458/482...
Validation: 459/482...
Validation: 460/482...
Validation: 461/482...
Validation: 462/482...
Validation: 463/482...
Validation: 464/482...
Validation: 465/482...
Validation: 466/482...
Validation: 467/482...
Validation: 468/482...
Validation: 469/482...
Validation: 470/482...
Validation: 471/482...
Validation: 472/482...
Validation: 473/482...
Validation: 474/482...
Validation: 475/482...
Validation: 476/482...
Validation: 477/482...
Validation: 478/482...
Validation: 479/482...
Validation: 480/482...
Validation: 481/482...
Validation: 482/482...
Validation Metric: PSNR=12.01, LPIPS=0.7894...
====================================================================================================
Train: 004200/020000, Loss/MSE: t(1):9.5e-03/9.5e-03, t(8):2.4e-01/2.4e-01, t(15):4.1e-01/4.1e-01, lr:4.20e-05
Train: 004400/020000, Loss/MSE: t(1):9.4e-03/9.4e-03, t(8):2.3e-01/2.3e-01, t(15):4.0e-01/4.0e-01, lr:4.40e-05
Train: 004600/020000, Loss/MSE: t(1):9.0e-03/9.0e-03, t(8):2.3e-01/2.3e-01, t(15):3.4e-01/3.4e-01, lr:4.60e-05
Train: 004800/020000, Loss/MSE: t(1):9.0e-03/9.0e-03, t(8):2.3e-01/2.3e-01, t(15):3.8e-01/3.8e-01, lr:4.80e-05
Train: 005000/020000, Loss/MSE: t(1):8.5e-03/8.5e-03, t(8):2.3e-01/2.3e-01, t(15):3.9e-01/3.9e-01, lr:5.00e-05
Train: 005200/020000, Loss/MSE: t(1):8.3e-03/8.3e-03, t(8):2.3e-01/2.3e-01, t(15):3.7e-01/3.7e-01, lr:5.00e-05
Train: 005400/020000, Loss/MSE: t(1):8.2e-03/8.2e-03, t(8):2.3e-01/2.3e-01, t(15):3.8e-01/3.8e-01, lr:5.00e-05
Train: 005600/020000, Loss/MSE: t(1):8.5e-03/8.5e-03, t(8):2.2e-01/2.2e-01, t(15):3.8e-01/3.8e-01, lr:5.00e-05
Train: 005800/020000, Loss/MSE: t(1):7.1e-03/7.1e-03, t(8):2.3e-01/2.3e-01, t(15):3.5e-01/3.5e-01, lr:5.00e-05
Train: 006000/020000, Loss/MSE: t(1):8.3e-03/8.3e-03, t(8):2.2e-01/2.2e-01, t(15):4.1e-01/4.1e-01, lr:5.00e-05
Elapsed time: 1355.52s
====================================================================================================
Validation: 01/482...
Validation: 02/482...
Validation: 03/482...
Validation: 04/482...
Validation: 05/482...
Validation: 06/482...
Validation: 07/482...
Validation: 08/482...
Validation: 09/482...
Validation: 10/482...
Validation: 11/482...
Validation: 12/482...
Validation: 13/482...
Validation: 14/482...
Validation: 15/482...
Validation: 16/482...
Validation: 17/482...
Validation: 18/482...
Validation: 19/482...
Validation: 20/482...
Validation: 21/482...
Validation: 22/482...
Validation: 23/482...
Validation: 24/482...
Validation: 25/482...
Validation: 26/482...
Validation: 27/482...
Validation: 28/482...
Validation: 29/482...
Validation: 30/482...
Validation: 31/482...
Validation: 32/482...
Validation: 33/482...
Validation: 34/482...
Validation: 35/482...
Validation: 36/482...
Validation: 37/482...
Validation: 38/482...
Validation: 39/482...
Validation: 40/482...
Validation: 41/482...
Validation: 42/482...
Validation: 43/482...
Validation: 44/482...
Validation: 45/482...
Validation: 46/482...
Validation: 47/482...
Validation: 48/482...
Validation: 49/482...
Validation: 50/482...
Validation: 51/482...
Validation: 52/482...
Validation: 53/482...
Validation: 54/482...
Validation: 55/482...
Validation: 56/482...
Validation: 57/482...
Validation: 58/482...
Validation: 59/482...
Validation: 60/482...
Validation: 61/482...
Validation: 62/482...
Validation: 63/482...
Validation: 64/482...
Validation: 65/482...
Validation: 66/482...
Validation: 67/482...
Validation: 68/482...
Validation: 69/482...
Validation: 70/482...
Validation: 71/482...
Validation: 72/482...
Validation: 73/482...
Validation: 74/482...
Validation: 75/482...
Validation: 76/482...
Validation: 77/482...
Validation: 78/482...
Validation: 79/482...
Validation: 80/482...
Validation: 81/482...
Validation: 82/482...
Validation: 83/482...
Validation: 84/482...
Validation: 85/482...
Validation: 86/482...
Validation: 87/482...
Validation: 88/482...
Validation: 89/482...
Validation: 90/482...
Validation: 91/482...
Validation: 92/482...
Validation: 93/482...
Validation: 94/482...
Validation: 95/482...
Validation: 96/482...
Validation: 97/482...
Validation: 98/482...
Validation: 99/482...
Validation: 100/482...
Validation: 101/482...
Validation: 102/482...
Validation: 103/482...
Validation: 104/482...
Validation: 105/482...
Validation: 106/482...
Validation: 107/482...
Validation: 108/482...
Validation: 109/482...
Validation: 110/482...
Validation: 111/482...
Validation: 112/482...
Validation: 113/482...
Validation: 114/482...
Validation: 115/482...
Validation: 116/482...
Validation: 117/482...
Validation: 118/482...
Validation: 119/482...
Validation: 120/482...
Validation: 121/482...
Validation: 122/482...
Validation: 123/482...
Validation: 124/482...
Validation: 125/482...
Validation: 126/482...
Validation: 127/482...
Validation: 128/482...
Validation: 129/482...
Validation: 130/482...
Validation: 131/482...
Validation: 132/482...
Validation: 133/482...
Validation: 134/482...
Validation: 135/482...
Validation: 136/482...
Validation: 137/482...
Validation: 138/482...
Validation: 139/482...
Validation: 140/482...
Validation: 141/482...
Validation: 142/482...
Validation: 143/482...
Validation: 144/482...
Validation: 145/482...
Validation: 146/482...
Validation: 147/482...
Validation: 148/482...
Validation: 149/482...
Validation: 150/482...
Validation: 151/482...
Validation: 152/482...
Validation: 153/482...
Validation: 154/482...
Validation: 155/482...
Validation: 156/482...
Validation: 157/482...
Validation: 158/482...
Validation: 159/482...
Validation: 160/482...
Validation: 161/482...
Validation: 162/482...
Validation: 163/482...
Validation: 164/482...
Validation: 165/482...
Validation: 166/482...
Validation: 167/482...
Validation: 168/482...
Validation: 169/482...
Validation: 170/482...
Validation: 171/482...
Validation: 172/482...
Validation: 173/482...
Validation: 174/482...
Validation: 175/482...
Validation: 176/482...
Validation: 177/482...
Validation: 178/482...
Validation: 179/482...
Validation: 180/482...
Validation: 181/482...
Validation: 182/482...
Validation: 183/482...
Validation: 184/482...
Validation: 185/482...
Validation: 186/482...
Validation: 187/482...
Validation: 188/482...
Validation: 189/482...
Validation: 190/482...
Validation: 191/482...
Validation: 192/482...
Validation: 193/482...
Validation: 194/482...
Validation: 195/482...
Validation: 196/482...
Validation: 197/482...
Validation: 198/482...
Validation: 199/482...
Validation: 200/482...
Validation: 201/482...
Validation: 202/482...
Validation: 203/482...
Validation: 204/482...
Validation: 205/482...
Validation: 206/482...
Validation: 207/482...
Validation: 208/482...
Validation: 209/482...
Validation: 210/482...
Validation: 211/482...
Validation: 212/482...
Validation: 213/482...
Validation: 214/482...
Validation: 215/482...
Validation: 216/482...
Validation: 217/482...
Validation: 218/482...
Validation: 219/482...
Validation: 220/482...
Validation: 221/482...
Validation: 222/482...
Validation: 223/482...
Validation: 224/482...
Validation: 225/482...
Validation: 226/482...
Validation: 227/482...
Validation: 228/482...
Validation: 229/482...
Validation: 230/482...
Validation: 231/482...
Validation: 232/482...
Validation: 233/482...
Validation: 234/482...
Validation: 235/482...
Validation: 236/482...
Validation: 237/482...
Validation: 238/482...
Validation: 239/482...
Validation: 240/482...
Validation: 241/482...
Validation: 242/482...
Validation: 243/482...
Validation: 244/482...
Validation: 245/482...
Validation: 246/482...
Validation: 247/482...
Validation: 248/482...
Validation: 249/482...
Validation: 250/482...
Validation: 251/482...
Validation: 252/482...
Validation: 253/482...
Validation: 254/482...
Validation: 255/482...
Validation: 256/482...
Validation: 257/482...
Validation: 258/482...
Validation: 259/482...
Validation: 260/482...
Validation: 261/482...
Validation: 262/482...
Validation: 263/482...
Validation: 264/482...
Validation: 265/482...
Validation: 266/482...
Validation: 267/482...
Validation: 268/482...
Validation: 269/482...
Validation: 270/482...
Validation: 271/482...
Validation: 272/482...
Validation: 273/482...
Validation: 274/482...
Validation: 275/482...
Validation: 276/482...
Validation: 277/482...
Validation: 278/482...
Validation: 279/482...
Validation: 280/482...
Validation: 281/482...
Validation: 282/482...
Validation: 283/482...
Validation: 284/482...
Validation: 285/482...
Validation: 286/482...
Validation: 287/482...
Validation: 288/482...
Validation: 289/482...
Validation: 290/482...
Validation: 291/482...
Validation: 292/482...
Validation: 293/482...
Validation: 294/482...
Validation: 295/482...
Validation: 296/482...
Validation: 297/482...
Validation: 298/482...
Validation: 299/482...
Validation: 300/482...
Validation: 301/482...
Validation: 302/482...
Validation: 303/482...
Validation: 304/482...
Validation: 305/482...
Validation: 306/482...
Validation: 307/482...
Validation: 308/482...
Validation: 309/482...
Validation: 310/482...
Validation: 311/482...
Validation: 312/482...
Validation: 313/482...
Validation: 314/482...
Validation: 315/482...
Validation: 316/482...
Validation: 317/482...
Validation: 318/482...
Validation: 319/482...
Validation: 320/482...
Validation: 321/482...
Validation: 322/482...
Validation: 323/482...
Validation: 324/482...
Validation: 325/482...
Validation: 326/482...
Validation: 327/482...
Validation: 328/482...
Validation: 329/482...
Validation: 330/482...
Validation: 331/482...
Validation: 332/482...
Validation: 333/482...
Validation: 334/482...
Validation: 335/482...
Validation: 336/482...
Validation: 337/482...
Validation: 338/482...
Validation: 339/482...
Validation: 340/482...
Validation: 341/482...
Validation: 342/482...
Validation: 343/482...
Validation: 344/482...
Validation: 345/482...
Validation: 346/482...
Validation: 347/482...
Validation: 348/482...
Validation: 349/482...
Validation: 350/482...
Validation: 351/482...
Validation: 352/482...
Validation: 353/482...
Validation: 354/482...
Validation: 355/482...
Validation: 356/482...
Validation: 357/482...
Validation: 358/482...
Validation: 359/482...
Validation: 360/482...
Validation: 361/482...
Validation: 362/482...
Validation: 363/482...
Validation: 364/482...
Validation: 365/482...
Validation: 366/482...
Validation: 367/482...
Validation: 368/482...
Validation: 369/482...
Validation: 370/482...
Validation: 371/482...
Validation: 372/482...
Validation: 373/482...
Validation: 374/482...
Validation: 375/482...
Validation: 376/482...
Validation: 377/482...
Validation: 378/482...
Validation: 379/482...
Validation: 380/482...
Validation: 381/482...
Validation: 382/482...
Validation: 383/482...
Validation: 384/482...
Validation: 385/482...
Validation: 386/482...
Validation: 387/482...
Validation: 388/482...
Validation: 389/482...
Validation: 390/482...
Validation: 391/482...
Validation: 392/482...
Validation: 393/482...
Validation: 394/482...
Validation: 395/482...
Validation: 396/482...
Validation: 397/482...
Validation: 398/482...
Validation: 399/482...
Validation: 400/482...
Validation: 401/482...
Validation: 402/482...
Validation: 403/482...
Validation: 404/482...
Validation: 405/482...
Validation: 406/482...
Validation: 407/482...
Validation: 408/482...
Validation: 409/482...
Validation: 410/482...
Validation: 411/482...
Validation: 412/482...
Validation: 413/482...
Validation: 414/482...
Validation: 415/482...
Validation: 416/482...
Validation: 417/482...
Validation: 418/482...
Validation: 419/482...
Validation: 420/482...
Validation: 421/482...
Validation: 422/482...
Validation: 423/482...
Validation: 424/482...
Validation: 425/482...
Validation: 426/482...
Validation: 427/482...
Validation: 428/482...
Validation: 429/482...
Validation: 430/482...
Validation: 431/482...
Validation: 432/482...
Validation: 433/482...
Validation: 434/482...
Validation: 435/482...
Validation: 436/482...
Validation: 437/482...
Validation: 438/482...
Validation: 439/482...
Validation: 440/482...
Validation: 441/482...
Validation: 442/482...
Validation: 443/482...
Validation: 444/482...
Validation: 445/482...
Validation: 446/482...
Validation: 447/482...
Validation: 448/482...
Validation: 449/482...
Validation: 450/482...
Validation: 451/482...
Validation: 452/482...
Validation: 453/482...
Validation: 454/482...
Validation: 455/482...
Validation: 456/482...
Validation: 457/482...
Validation: 458/482...
Validation: 459/482...
Validation: 460/482...
Validation: 461/482...
Validation: 462/482...
Validation: 463/482...
Validation: 464/482...
Validation: 465/482...
Validation: 466/482...
Validation: 467/482...
Validation: 468/482...
Validation: 469/482...
Validation: 470/482...
Validation: 471/482...
Validation: 472/482...
Validation: 473/482...
Validation: 474/482...
Validation: 475/482...
Validation: 476/482...
Validation: 477/482...
Validation: 478/482...
Validation: 479/482...
Validation: 480/482...
Validation: 481/482...
Validation: 482/482...
Validation Metric: PSNR=12.29, LPIPS=0.7853...
====================================================================================================
Train: 006200/020000, Loss/MSE: t(1):7.3e-03/7.3e-03, t(8):2.1e-01/2.1e-01, t(15):3.7e-01/3.7e-01, lr:5.00e-05
Train: 006400/020000, Loss/MSE: t(1):7.4e-03/7.4e-03, t(8):2.2e-01/2.2e-01, t(15):3.5e-01/3.5e-01, lr:5.00e-05
Train: 006600/020000, Loss/MSE: t(1):6.9e-03/6.9e-03, t(8):2.2e-01/2.2e-01, t(15):3.6e-01/3.6e-01, lr:5.00e-05
Train: 006800/020000, Loss/MSE: t(1):7.4e-03/7.4e-03, t(8):2.1e-01/2.1e-01, t(15):3.5e-01/3.5e-01, lr:5.00e-05
Train: 007000/020000, Loss/MSE: t(1):7.7e-03/7.7e-03, t(8):2.1e-01/2.1e-01, t(15):3.8e-01/3.8e-01, lr:5.00e-05
Train: 007200/020000, Loss/MSE: t(1):6.8e-03/6.8e-03, t(8):2.1e-01/2.1e-01, t(15):3.4e-01/3.4e-01, lr:5.00e-05
Train: 007400/020000, Loss/MSE: t(1):7.6e-03/7.6e-03, t(8):2.2e-01/2.2e-01, t(15):4.0e-01/4.0e-01, lr:5.00e-05
Train: 007600/020000, Loss/MSE: t(1):6.4e-03/6.4e-03, t(8):2.1e-01/2.1e-01, t(15):3.7e-01/3.7e-01, lr:5.00e-05
Train: 007800/020000, Loss/MSE: t(1):6.3e-03/6.3e-03, t(8):2.1e-01/2.1e-01, t(15):3.5e-01/3.5e-01, lr:5.00e-05
Train: 008000/020000, Loss/MSE: t(1):6.1e-03/6.1e-03, t(8):2.1e-01/2.1e-01, t(15):3.5e-01/3.5e-01, lr:5.00e-05
Elapsed time: 1331.84s
====================================================================================================
Validation: 01/482...
Validation: 02/482...
Validation: 03/482...
Validation: 04/482...
Validation: 05/482...
Validation: 06/482...
Validation: 07/482...
Validation: 08/482...
Validation: 09/482...
Validation: 10/482...
Validation: 11/482...
Validation: 12/482...
Validation: 13/482...
Validation: 14/482...
Validation: 15/482...
Validation: 16/482...
Validation: 17/482...
Validation: 18/482...
Validation: 19/482...
Validation: 20/482...
Validation: 21/482...
Validation: 22/482...
Validation: 23/482...
Validation: 24/482...
Validation: 25/482...
Validation: 26/482...
Validation: 27/482...
Validation: 28/482...
Validation: 29/482...
Validation: 30/482...
Validation: 31/482...
Validation: 32/482...
Validation: 33/482...
Validation: 34/482...
Validation: 35/482...
Validation: 36/482...
Validation: 37/482...
Validation: 38/482...
Validation: 39/482...
Validation: 40/482...
Validation: 41/482...
Validation: 42/482...
Validation: 43/482...
Validation: 44/482...
Validation: 45/482...
Validation: 46/482...
Validation: 47/482...
Validation: 48/482...
Validation: 49/482...
Validation: 50/482...
Validation: 51/482...
Validation: 52/482...
Validation: 53/482...
Validation: 54/482...
Validation: 55/482...
Validation: 56/482...
Validation: 57/482...
Validation: 58/482...
Validation: 59/482...
Validation: 60/482...
Validation: 61/482...
Validation: 62/482...
Validation: 63/482...
Validation: 64/482...
Validation: 65/482...
Validation: 66/482...
Validation: 67/482...
Validation: 68/482...
Validation: 69/482...
Validation: 70/482...
Validation: 71/482...
Validation: 72/482...
Validation: 73/482...
Validation: 74/482...
Validation: 75/482...
Validation: 76/482...
Validation: 77/482...
Validation: 78/482...
Validation: 79/482...
Validation: 80/482...
Validation: 81/482...
Validation: 82/482...
Validation: 83/482...
Validation: 84/482...
Validation: 85/482...
Validation: 86/482...
Validation: 87/482...
Validation: 88/482...
Validation: 89/482...
Validation: 90/482...
Validation: 91/482...
Validation: 92/482...
Validation: 93/482...
Validation: 94/482...
Validation: 95/482...
Validation: 96/482...
Validation: 97/482...
Validation: 98/482...
Validation: 99/482...
Validation: 100/482...
Validation: 101/482...
Validation: 102/482...
Validation: 103/482...
Validation: 104/482...
Validation: 105/482...
Validation: 106/482...
Validation: 107/482...
Validation: 108/482...
Validation: 109/482...
Validation: 110/482...
Validation: 111/482...
Validation: 112/482...
Validation: 113/482...
Validation: 114/482...
Validation: 115/482...
Validation: 116/482...
Validation: 117/482...
Validation: 118/482...
Validation: 119/482...
Validation: 120/482...
Validation: 121/482...
Validation: 122/482...
Validation: 123/482...
Validation: 124/482...
Validation: 125/482...
Validation: 126/482...
Validation: 127/482...
Validation: 128/482...
Validation: 129/482...
Validation: 130/482...
Validation: 131/482...
Validation: 132/482...
Validation: 133/482...
Validation: 134/482...
Validation: 135/482...
Validation: 136/482...
Validation: 137/482...
Validation: 138/482...
Validation: 139/482...
Validation: 140/482...
Validation: 141/482...
Validation: 142/482...
Validation: 143/482...
Validation: 144/482...
Validation: 145/482...
Validation: 146/482...
Validation: 147/482...
Validation: 148/482...
Validation: 149/482...
Validation: 150/482...
Validation: 151/482...
Validation: 152/482...
Validation: 153/482...
Validation: 154/482...
Validation: 155/482...
Validation: 156/482...
Validation: 157/482...
Validation: 158/482...
Validation: 159/482...
Validation: 160/482...
Validation: 161/482...
Validation: 162/482...
Validation: 163/482...
Validation: 164/482...
Validation: 165/482...
Validation: 166/482...
Validation: 167/482...
Validation: 168/482...
Validation: 169/482...
Validation: 170/482...
Validation: 171/482...
Validation: 172/482...
Validation: 173/482...
Validation: 174/482...
Validation: 175/482...
Validation: 176/482...
Validation: 177/482...
Validation: 178/482...
Validation: 179/482...
Validation: 180/482...
Validation: 181/482...
Validation: 182/482...
Validation: 183/482...
Validation: 184/482...
Validation: 185/482...
Validation: 186/482...
Validation: 187/482...
Validation: 188/482...
Validation: 189/482...
Validation: 190/482...
Validation: 191/482...
Validation: 192/482...
Validation: 193/482...
Validation: 194/482...
Validation: 195/482...
Validation: 196/482...
Validation: 197/482...
Validation: 198/482...
Validation: 199/482...
Validation: 200/482...
Validation: 201/482...
Validation: 202/482...
Validation: 203/482...
Validation: 204/482...
Validation: 205/482...
Validation: 206/482...
Validation: 207/482...
Validation: 208/482...
Validation: 209/482...
Validation: 210/482...
Validation: 211/482...
Validation: 212/482...
Validation: 213/482...
Validation: 214/482...
Validation: 215/482...
Validation: 216/482...
Validation: 217/482...
Validation: 218/482...
Validation: 219/482...
Validation: 220/482...
Validation: 221/482...
Validation: 222/482...
Validation: 223/482...
Validation: 224/482...
Validation: 225/482...
Validation: 226/482...
Validation: 227/482...
Validation: 228/482...
Validation: 229/482...
Validation: 230/482...
Validation: 231/482...
Validation: 232/482...
Validation: 233/482...
Validation: 234/482...
Validation: 235/482...
Validation: 236/482...
Validation: 237/482...
Validation: 238/482...
Validation: 239/482...
Validation: 240/482...
Validation: 241/482...
Validation: 242/482...
Validation: 243/482...
Validation: 244/482...
Validation: 245/482...
Validation: 246/482...
Validation: 247/482...
Validation: 248/482...
Validation: 249/482...
Validation: 250/482...
Validation: 251/482...
Validation: 252/482...
Validation: 253/482...
Validation: 254/482...
Validation: 255/482...
Validation: 256/482...
Validation: 257/482...
Validation: 258/482...
Validation: 259/482...
Validation: 260/482...
Validation: 261/482...
Validation: 262/482...
Validation: 263/482...
Validation: 264/482...
Validation: 265/482...
Validation: 266/482...
Validation: 267/482...
Validation: 268/482...
Validation: 269/482...
Validation: 270/482...
Validation: 271/482...
Validation: 272/482...
Validation: 273/482...
Validation: 274/482...
Validation: 275/482...
Validation: 276/482...
Validation: 277/482...
Validation: 278/482...
Validation: 279/482...
Validation: 280/482...
Validation: 281/482...
Validation: 282/482...
Validation: 283/482...
Validation: 284/482...
Validation: 285/482...
Validation: 286/482...
Validation: 287/482...
Validation: 288/482...
Validation: 289/482...
Validation: 290/482...
Validation: 291/482...
Validation: 292/482...
Validation: 293/482...
Validation: 294/482...
Validation: 295/482...
Validation: 296/482...
Validation: 297/482...
Validation: 298/482...
Validation: 299/482...
Validation: 300/482...
Validation: 301/482...
Validation: 302/482...
Validation: 303/482...
Validation: 304/482...
Validation: 305/482...
Validation: 306/482...
Validation: 307/482...
Validation: 308/482...
Validation: 309/482...
Validation: 310/482...
Validation: 311/482...
Validation: 312/482...
Validation: 313/482...
Validation: 314/482...
Validation: 315/482...
Validation: 316/482...
Validation: 317/482...
Validation: 318/482...
Validation: 319/482...
Validation: 320/482...
Validation: 321/482...
Validation: 322/482...
Validation: 323/482...
Validation: 324/482...
Validation: 325/482...
Validation: 326/482...
Validation: 327/482...
Validation: 328/482...
Validation: 329/482...
Validation: 330/482...
Validation: 331/482...
Validation: 332/482...
Validation: 333/482...
Validation: 334/482...
Validation: 335/482...
Validation: 336/482...
Validation: 337/482...
Validation: 338/482...
Validation: 339/482...
Validation: 340/482...
Validation: 341/482...
Validation: 342/482...
Validation: 343/482...
Validation: 344/482...
Validation: 345/482...
Validation: 346/482...
Validation: 347/482...
Validation: 348/482...
Validation: 349/482...
Validation: 350/482...
Validation: 351/482...
Validation: 352/482...
Validation: 353/482...
Validation: 354/482...
Validation: 355/482...
Validation: 356/482...
Validation: 357/482...
Validation: 358/482...
Validation: 359/482...
Validation: 360/482...
Validation: 361/482...
Validation: 362/482...
Validation: 363/482...
Validation: 364/482...
Validation: 365/482...
Validation: 366/482...
Validation: 367/482...
Validation: 368/482...
Validation: 369/482...
Validation: 370/482...
Validation: 371/482...
Validation: 372/482...
Validation: 373/482...
Validation: 374/482...
Validation: 375/482...
Validation: 376/482...
Validation: 377/482...
Validation: 378/482...
Validation: 379/482...
Validation: 380/482...
Validation: 381/482...
Validation: 382/482...
Validation: 383/482...
Validation: 384/482...
Validation: 385/482...
Validation: 386/482...
Validation: 387/482...
Validation: 388/482...
Validation: 389/482...
Validation: 390/482...
Validation: 391/482...
Validation: 392/482...
Validation: 393/482...
Validation: 394/482...
Validation: 395/482...
Validation: 396/482...
Validation: 397/482...
Validation: 398/482...
Validation: 399/482...
Validation: 400/482...
Validation: 401/482...
Validation: 402/482...
Validation: 403/482...
Validation: 404/482...
Validation: 405/482...
Validation: 406/482...
Validation: 407/482...
Validation: 408/482...
Validation: 409/482...
Validation: 410/482...
Validation: 411/482...
Validation: 412/482...
Validation: 413/482...
Validation: 414/482...
Validation: 415/482...
Validation: 416/482...
Validation: 417/482...
Validation: 418/482...
Validation: 419/482...
Validation: 420/482...
Validation: 421/482...
Validation: 422/482...
Validation: 423/482...
Validation: 424/482...
Validation: 425/482...
Validation: 426/482...
Validation: 427/482...
Validation: 428/482...
Validation: 429/482...
Validation: 430/482...
Validation: 431/482...
Validation: 432/482...
Validation: 433/482...
Validation: 434/482...
Validation: 435/482...
Validation: 436/482...
Validation: 437/482...
Validation: 438/482...
Validation: 439/482...
Validation: 440/482...
Validation: 441/482...
Validation: 442/482...
Validation: 443/482...
Validation: 444/482...
Validation: 445/482...
Validation: 446/482...
Validation: 447/482...
Validation: 448/482...
Validation: 449/482...
Validation: 450/482...
Validation: 451/482...
Validation: 452/482...
Validation: 453/482...
Validation: 454/482...
Validation: 455/482...
Validation: 456/482...
Validation: 457/482...
Validation: 458/482...
Validation: 459/482...
Validation: 460/482...
Validation: 461/482...
Validation: 462/482...
Validation: 463/482...
Validation: 464/482...
Validation: 465/482...
Validation: 466/482...
Validation: 467/482...
Validation: 468/482...
Validation: 469/482...
Validation: 470/482...
Validation: 471/482...
Validation: 472/482...
Validation: 473/482...
Validation: 474/482...
Validation: 475/482...
Validation: 476/482...
Validation: 477/482...
Validation: 478/482...
Validation: 479/482...
Validation: 480/482...
Validation: 481/482...
Validation: 482/482...
Validation Metric: PSNR=12.41, LPIPS=0.7842...
====================================================================================================
Train: 008200/020000, Loss/MSE: t(1):6.1e-03/6.1e-03, t(8):2.1e-01/2.1e-01, t(15):3.5e-01/3.5e-01, lr:5.00e-05
Train: 008400/020000, Loss/MSE: t(1):5.9e-03/5.9e-03, t(8):2.1e-01/2.1e-01, t(15):3.5e-01/3.5e-01, lr:5.00e-05
Train: 008600/020000, Loss/MSE: t(1):5.9e-03/5.9e-03, t(8):2.1e-01/2.1e-01, t(15):3.5e-01/3.5e-01, lr:5.00e-05
Train: 008800/020000, Loss/MSE: t(1):5.7e-03/5.7e-03, t(8):2.1e-01/2.1e-01, t(15):3.8e-01/3.8e-01, lr:5.00e-05
Train: 009000/020000, Loss/MSE: t(1):6.2e-03/6.2e-03, t(8):2.1e-01/2.1e-01, t(15):3.4e-01/3.4e-01, lr:5.00e-05
Train: 009200/020000, Loss/MSE: t(1):5.9e-03/5.9e-03, t(8):2.1e-01/2.1e-01, t(15):3.6e-01/3.6e-01, lr:5.00e-05
Train: 009400/020000, Loss/MSE: t(1):5.3e-03/5.3e-03, t(8):2.1e-01/2.1e-01, t(15):3.6e-01/3.6e-01, lr:5.00e-05
Train: 009600/020000, Loss/MSE: t(1):5.2e-03/5.2e-03, t(8):2.1e-01/2.1e-01, t(15):3.4e-01/3.4e-01, lr:5.00e-05
Train: 009800/020000, Loss/MSE: t(1):5.3e-03/5.3e-03, t(8):2.0e-01/2.0e-01, t(15):3.3e-01/3.3e-01, lr:5.00e-05
Train: 010000/020000, Loss/MSE: t(1):5.7e-03/5.7e-03, t(8):2.1e-01/2.1e-01, t(15):3.5e-01/3.5e-01, lr:5.00e-05
Elapsed time: 1360.61s
====================================================================================================
Validation: 01/482...
Validation: 02/482...
Validation: 03/482...
Validation: 04/482...
Validation: 05/482...
Validation: 06/482...
Validation: 07/482...
Validation: 08/482...
Validation: 09/482...
Validation: 10/482...
Validation: 11/482...
Validation: 12/482...
Validation: 13/482...
Validation: 14/482...
Validation: 15/482...
Validation: 16/482...
Validation: 17/482...
Validation: 18/482...
Validation: 19/482...
Validation: 20/482...
Validation: 21/482...
Validation: 22/482...
Validation: 23/482...
Validation: 24/482...
Validation: 25/482...
Validation: 26/482...
Validation: 27/482...
Validation: 28/482...
Validation: 29/482...
Validation: 30/482...
Validation: 31/482...
Validation: 32/482...
Validation: 33/482...
Validation: 34/482...
Validation: 35/482...
Validation: 36/482...
Validation: 37/482...
Validation: 38/482...
Validation: 39/482...
Validation: 40/482...
Validation: 41/482...
Validation: 42/482...
Validation: 43/482...
Validation: 44/482...
Validation: 45/482...
Validation: 46/482...
Validation: 47/482...
Validation: 48/482...
Validation: 49/482...
Validation: 50/482...
Validation: 51/482...
Validation: 52/482...
Validation: 53/482...
Validation: 54/482...
Validation: 55/482...
Validation: 56/482...
Validation: 57/482...
Validation: 58/482...
Validation: 59/482...
Validation: 60/482...
Validation: 61/482...
Validation: 62/482...
Validation: 63/482...
Validation: 64/482...
Validation: 65/482...
Validation: 66/482...
Validation: 67/482...
Validation: 68/482...
Validation: 69/482...
Validation: 70/482...
Validation: 71/482...
Validation: 72/482...
Validation: 73/482...
Validation: 74/482...
Validation: 75/482...
Validation: 76/482...
Validation: 77/482...
Validation: 78/482...
Validation: 79/482...
Validation: 80/482...
Validation: 81/482...
Validation: 82/482...
Validation: 83/482...
Validation: 84/482...
Validation: 85/482...
Validation: 86/482...
Validation: 87/482...
Validation: 88/482...
Validation: 89/482...
Validation: 90/482...
Validation: 91/482...
Validation: 92/482...
Validation: 93/482...
Validation: 94/482...
Validation: 95/482...
Validation: 96/482...
Validation: 97/482...
Validation: 98/482...
Validation: 99/482...
Validation: 100/482...
Validation: 101/482...
Validation: 102/482...
Validation: 103/482...
Validation: 104/482...
Validation: 105/482...
Validation: 106/482...
Validation: 107/482...
Validation: 108/482...
Validation: 109/482...
Validation: 110/482...
Validation: 111/482...
Validation: 112/482...
Validation: 113/482...
Validation: 114/482...
Validation: 115/482...
Validation: 116/482...
Validation: 117/482...
Validation: 118/482...
Validation: 119/482...
Validation: 120/482...
Validation: 121/482...
Validation: 122/482...
Validation: 123/482...
Validation: 124/482...
Validation: 125/482...
Validation: 126/482...
Validation: 127/482...
Validation: 128/482...
Validation: 129/482...
Validation: 130/482...
Validation: 131/482...
Validation: 132/482...
Validation: 133/482...
Validation: 134/482...
Validation: 135/482...
Validation: 136/482...
Validation: 137/482...
Validation: 138/482...
Validation: 139/482...
Validation: 140/482...
Validation: 141/482...
Validation: 142/482...
Validation: 143/482...
Validation: 144/482...
Validation: 145/482...
Validation: 146/482...
Validation: 147/482...
Validation: 148/482...
Validation: 149/482...
Validation: 150/482...
Validation: 151/482...
Validation: 152/482...
Validation: 153/482...
Validation: 154/482...
Validation: 155/482...
Validation: 156/482...
Validation: 157/482...
Validation: 158/482...
Validation: 159/482...
Validation: 160/482...
Validation: 161/482...
Validation: 162/482...
Validation: 163/482...
Validation: 164/482...
Validation: 165/482...
Validation: 166/482...
Validation: 167/482...
Validation: 168/482...
Validation: 169/482...
Validation: 170/482...
Validation: 171/482...
Validation: 172/482...
Validation: 173/482...
Validation: 174/482...
Validation: 175/482...
Validation: 176/482...
Validation: 177/482...
Validation: 178/482...
Validation: 179/482...
Validation: 180/482...
Validation: 181/482...
Validation: 182/482...
Validation: 183/482...
Validation: 184/482...
Validation: 185/482...
Validation: 186/482...
Validation: 187/482...
Validation: 188/482...
Validation: 189/482...
Validation: 190/482...
Validation: 191/482...
Validation: 192/482...
Validation: 193/482...
Validation: 194/482...
Validation: 195/482...
Validation: 196/482...
Validation: 197/482...
Validation: 198/482...
Validation: 199/482...
Validation: 200/482...
Validation: 201/482...
Validation: 202/482...
Validation: 203/482...
Validation: 204/482...
Validation: 205/482...
Validation: 206/482...
Validation: 207/482...
Validation: 208/482...
Validation: 209/482...
Validation: 210/482...
Validation: 211/482...
Validation: 212/482...
Validation: 213/482...
Validation: 214/482...
Validation: 215/482...
Validation: 216/482...
Validation: 217/482...
Validation: 218/482...
Validation: 219/482...
Validation: 220/482...
Validation: 221/482...
Validation: 222/482...
Validation: 223/482...
Validation: 224/482...
Validation: 225/482...
Validation: 226/482...
Validation: 227/482...
Validation: 228/482...
Validation: 229/482...
Validation: 230/482...
Validation: 231/482...
Validation: 232/482...
Validation: 233/482...
Validation: 234/482...
Validation: 235/482...
Validation: 236/482...
Validation: 237/482...
Validation: 238/482...
Validation: 239/482...
Validation: 240/482...
Validation: 241/482...
Validation: 242/482...
Validation: 243/482...
Validation: 244/482...
Validation: 245/482...
Validation: 246/482...
Validation: 247/482...
Validation: 248/482...
Validation: 249/482...
Validation: 250/482...
Validation: 251/482...
Validation: 252/482...
Validation: 253/482...
Validation: 254/482...
Validation: 255/482...
Validation: 256/482...
Validation: 257/482...
Validation: 258/482...
Validation: 259/482...
Validation: 260/482...
Validation: 261/482...
Validation: 262/482...
Validation: 263/482...
Validation: 264/482...
Validation: 265/482...
Validation: 266/482...
Validation: 267/482...
Validation: 268/482...
Validation: 269/482...
Validation: 270/482...
Validation: 271/482...
Validation: 272/482...
Validation: 273/482...
Validation: 274/482...
Validation: 275/482...
Validation: 276/482...
Validation: 277/482...
Validation: 278/482...
Validation: 279/482...
Validation: 280/482...
Validation: 281/482...
Validation: 282/482...
Validation: 283/482...
Validation: 284/482...
Validation: 285/482...
Validation: 286/482...
Validation: 287/482...
Validation: 288/482...
Validation: 289/482...
Validation: 290/482...
Validation: 291/482...
Validation: 292/482...
Validation: 293/482...
Validation: 294/482...
Validation: 295/482...
Validation: 296/482...
Validation: 297/482...
Validation: 298/482...
Validation: 299/482...
Validation: 300/482...
Validation: 301/482...
Validation: 302/482...
Validation: 303/482...
Validation: 304/482...
Validation: 305/482...
Validation: 306/482...
Validation: 307/482...
Validation: 308/482...
Validation: 309/482...
Validation: 310/482...
Validation: 311/482...
Validation: 312/482...
Validation: 313/482...
Validation: 314/482...
Validation: 315/482...
Validation: 316/482...
Validation: 317/482...
Validation: 318/482...
Validation: 319/482...
Validation: 320/482...
Validation: 321/482...
Validation: 322/482...
Validation: 323/482...
Validation: 324/482...
Validation: 325/482...
Validation: 326/482...
Validation: 327/482...
Validation: 328/482...
Validation: 329/482...
Validation: 330/482...
Validation: 331/482...
Validation: 332/482...
Validation: 333/482...
Validation: 334/482...
Validation: 335/482...
Validation: 336/482...
Validation: 337/482...
Validation: 338/482...
Validation: 339/482...
Validation: 340/482...
Validation: 341/482...
Validation: 342/482...
Validation: 343/482...
Validation: 344/482...
Validation: 345/482...
Validation: 346/482...
Validation: 347/482...
Validation: 348/482...
Validation: 349/482...
Validation: 350/482...
Validation: 351/482...
Validation: 352/482...
Validation: 353/482...
Validation: 354/482...
Validation: 355/482...
Validation: 356/482...
Validation: 357/482...
Validation: 358/482...
Validation: 359/482...
Validation: 360/482...
Validation: 361/482...
Validation: 362/482...
Validation: 363/482...
Validation: 364/482...
Validation: 365/482...
Validation: 366/482...
Validation: 367/482...
Validation: 368/482...
Validation: 369/482...
Validation: 370/482...
Validation: 371/482...
Validation: 372/482...
Validation: 373/482...
Validation: 374/482...
Validation: 375/482...
Validation: 376/482...
Validation: 377/482...
Validation: 378/482...
Validation: 379/482...
Validation: 380/482...
Validation: 381/482...
Validation: 382/482...
Validation: 383/482...
Validation: 384/482...
Validation: 385/482...
Validation: 386/482...
Validation: 387/482...
Validation: 388/482...
Validation: 389/482...
Validation: 390/482...
Validation: 391/482...
Validation: 392/482...
Validation: 393/482...
Validation: 394/482...
Validation: 395/482...
Validation: 396/482...
Validation: 397/482...
Validation: 398/482...
Validation: 399/482...
Validation: 400/482...
Validation: 401/482...
Validation: 402/482...
Validation: 403/482...
Validation: 404/482...
Validation: 405/482...
Validation: 406/482...
Validation: 407/482...
Validation: 408/482...
Validation: 409/482...
Validation: 410/482...
Validation: 411/482...
Validation: 412/482...
Validation: 413/482...
Validation: 414/482...
Validation: 415/482...
Validation: 416/482...
Validation: 417/482...
Validation: 418/482...
Validation: 419/482...
Validation: 420/482...
Validation: 421/482...
Validation: 422/482...
Validation: 423/482...
Validation: 424/482...
Validation: 425/482...
Validation: 426/482...
Validation: 427/482...
Validation: 428/482...
Validation: 429/482...
Validation: 430/482...
Validation: 431/482...
Validation: 432/482...
Validation: 433/482...
Validation: 434/482...
Validation: 435/482...
Validation: 436/482...
Validation: 437/482...
Validation: 438/482...
Validation: 439/482...
Validation: 440/482...
Validation: 441/482...
Validation: 442/482...
Validation: 443/482...
Validation: 444/482...
Validation: 445/482...
Validation: 446/482...
Validation: 447/482...
Validation: 448/482...
Validation: 449/482...
Validation: 450/482...
Validation: 451/482...
Validation: 452/482...
Validation: 453/482...
Validation: 454/482...
Validation: 455/482...
Validation: 456/482...
Validation: 457/482...
Validation: 458/482...
Validation: 459/482...
Validation: 460/482...
Validation: 461/482...
Validation: 462/482...
Validation: 463/482...
Validation: 464/482...
Validation: 465/482...
Validation: 466/482...
Validation: 467/482...
Validation: 468/482...
Validation: 469/482...
Validation: 470/482...
Validation: 471/482...
Validation: 472/482...
Validation: 473/482...
Validation: 474/482...
Validation: 475/482...
Validation: 476/482...
Validation: 477/482...
Validation: 478/482...
Validation: 479/482...
Validation: 480/482...
Validation: 481/482...
Validation: 482/482...
Validation Metric: PSNR=12.57, LPIPS=0.7822...
====================================================================================================
Train: 010200/020000, Loss/MSE: t(1):6.1e-03/6.1e-03, t(8):2.0e-01/2.0e-01, t(15):3.6e-01/3.6e-01, lr:5.00e-05
Train: 010400/020000, Loss/MSE: t(1):5.0e-03/5.0e-03, t(8):2.0e-01/2.0e-01, t(15):3.6e-01/3.6e-01, lr:5.00e-05
Train: 010600/020000, Loss/MSE: t(1):5.1e-03/5.1e-03, t(8):2.1e-01/2.1e-01, t(15):3.5e-01/3.5e-01, lr:5.00e-05
Train: 010800/020000, Loss/MSE: t(1):5.2e-03/5.2e-03, t(8):2.1e-01/2.1e-01, t(15):3.6e-01/3.6e-01, lr:5.00e-05
Train: 011000/020000, Loss/MSE: t(1):4.6e-03/4.6e-03, t(8):2.0e-01/2.0e-01, t(15):3.4e-01/3.4e-01, lr:5.00e-05
Train: 011200/020000, Loss/MSE: t(1):5.2e-03/5.2e-03, t(8):2.1e-01/2.1e-01, t(15):3.3e-01/3.3e-01, lr:5.00e-05
Train: 011400/020000, Loss/MSE: t(1):5.0e-03/5.0e-03, t(8):2.0e-01/2.0e-01, t(15):3.4e-01/3.4e-01, lr:5.00e-05
Train: 011600/020000, Loss/MSE: t(1):4.5e-03/4.5e-03, t(8):2.0e-01/2.0e-01, t(15):3.2e-01/3.2e-01, lr:5.00e-05
Train: 011800/020000, Loss/MSE: t(1):4.7e-03/4.7e-03, t(8):2.1e-01/2.1e-01, t(15):3.6e-01/3.6e-01, lr:5.00e-05
Train: 012000/020000, Loss/MSE: t(1):5.2e-03/5.2e-03, t(8):2.0e-01/2.0e-01, t(15):3.3e-01/3.3e-01, lr:5.00e-05
Elapsed time: 1356.79s
====================================================================================================
Validation: 01/482...
Validation: 02/482...
Validation: 03/482...
Validation: 04/482...
Validation: 05/482...
Validation: 06/482...
Validation: 07/482...
Validation: 08/482...
Validation: 09/482...
Validation: 10/482...
Validation: 11/482...
Validation: 12/482...
Validation: 13/482...
Validation: 14/482...
Validation: 15/482...
Validation: 16/482...
Validation: 17/482...
Validation: 18/482...
Validation: 19/482...
Validation: 20/482...
Validation: 21/482...
Validation: 22/482...
Validation: 23/482...
Validation: 24/482...
Validation: 25/482...
Validation: 26/482...
Validation: 27/482...
Validation: 28/482...
Validation: 29/482...
Validation: 30/482...
Validation: 31/482...
Validation: 32/482...
Validation: 33/482...
Validation: 34/482...
Validation: 35/482...
Validation: 36/482...
Validation: 37/482...
Validation: 38/482...
Validation: 39/482...
Validation: 40/482...
Validation: 41/482...
Validation: 42/482...
Validation: 43/482...
Validation: 44/482...
Validation: 45/482...
Validation: 46/482...
Validation: 47/482...
Validation: 48/482...
Validation: 49/482...
Validation: 50/482...
Validation: 51/482...
Validation: 52/482...
Validation: 53/482...
Validation: 54/482...
Validation: 55/482...
Validation: 56/482...
Validation: 57/482...
Validation: 58/482...
Validation: 59/482...
Validation: 60/482...
Validation: 61/482...
Validation: 62/482...
Validation: 63/482...
Validation: 64/482...
Validation: 65/482...
Validation: 66/482...
Validation: 67/482...
Validation: 68/482...
Validation: 69/482...
Validation: 70/482...
Validation: 71/482...
Validation: 72/482...
Validation: 73/482...
Validation: 74/482...
Validation: 75/482...
Validation: 76/482...
Validation: 77/482...
Validation: 78/482...
Validation: 79/482...
Validation: 80/482...
Validation: 81/482...
Validation: 82/482...
Validation: 83/482...
Validation: 84/482...
Validation: 85/482...
Validation: 86/482...
Validation: 87/482...
Validation: 88/482...
Validation: 89/482...
Validation: 90/482...
Validation: 91/482...
Validation: 92/482...
Validation: 93/482...
Validation: 94/482...
Validation: 95/482...
Validation: 96/482...
Validation: 97/482...
Validation: 98/482...
Validation: 99/482...
Validation: 100/482...
Validation: 101/482...
Validation: 102/482...
Validation: 103/482...
Validation: 104/482...
Validation: 105/482...
Validation: 106/482...
Validation: 107/482...
Validation: 108/482...
Validation: 109/482...
Validation: 110/482...
Validation: 111/482...
Validation: 112/482...
Validation: 113/482...
Validation: 114/482...
Validation: 115/482...
Validation: 116/482...
Validation: 117/482...
Validation: 118/482...
Validation: 119/482...
Validation: 120/482...
Validation: 121/482...
Validation: 122/482...
Validation: 123/482...
Validation: 124/482...
Validation: 125/482...
Validation: 126/482...
Validation: 127/482...
Validation: 128/482...
Validation: 129/482...
Validation: 130/482...
Validation: 131/482...
Validation: 132/482...
Validation: 133/482...
Validation: 134/482...
Validation: 135/482...
Validation: 136/482...
Validation: 137/482...
Validation: 138/482...
Validation: 139/482...
Validation: 140/482...
Validation: 141/482...
Validation: 142/482...
Validation: 143/482...
Validation: 144/482...
Validation: 145/482...
Validation: 146/482...
Validation: 147/482...
Validation: 148/482...
Validation: 149/482...
Validation: 150/482...
Validation: 151/482...
Validation: 152/482...
Validation: 153/482...
Validation: 154/482...
Validation: 155/482...
Validation: 156/482...
Validation: 157/482...
Validation: 158/482...
Validation: 159/482...
Validation: 160/482...
Validation: 161/482...
Validation: 162/482...
Validation: 163/482...
Validation: 164/482...
Validation: 165/482...
Validation: 166/482...
Validation: 167/482...
Validation: 168/482...
Validation: 169/482...
Validation: 170/482...
Validation: 171/482...
Validation: 172/482...
Validation: 173/482...
Validation: 174/482...
Validation: 175/482...
Validation: 176/482...
Validation: 177/482...
Validation: 178/482...
Validation: 179/482...
Validation: 180/482...
Validation: 181/482...
Validation: 182/482...
Validation: 183/482...
Validation: 184/482...
Validation: 185/482...
Validation: 186/482...
Validation: 187/482...
Validation: 188/482...
Validation: 189/482...
Validation: 190/482...
Validation: 191/482...
Validation: 192/482...
Validation: 193/482...
Validation: 194/482...
Validation: 195/482...
Validation: 196/482...
Validation: 197/482...
Validation: 198/482...
Validation: 199/482...
Validation: 200/482...
Validation: 201/482...
Validation: 202/482...
Validation: 203/482...
Validation: 204/482...
Validation: 205/482...
Validation: 206/482...
Validation: 207/482...
Validation: 208/482...
Validation: 209/482...
Validation: 210/482...
Validation: 211/482...
Validation: 212/482...
Validation: 213/482...
Validation: 214/482...
Validation: 215/482...
Validation: 216/482...
Validation: 217/482...
Validation: 218/482...
Validation: 219/482...
Validation: 220/482...
Validation: 221/482...
Validation: 222/482...
Validation: 223/482...
Validation: 224/482...
Validation: 225/482...
Validation: 226/482...
Validation: 227/482...
Validation: 228/482...
Validation: 229/482...
Validation: 230/482...
Validation: 231/482...
Validation: 232/482...
Validation: 233/482...
Validation: 234/482...
Validation: 235/482...
Validation: 236/482...
Validation: 237/482...
Validation: 238/482...
Validation: 239/482...
Validation: 240/482...
Validation: 241/482...
Validation: 242/482...
Validation: 243/482...
Validation: 244/482...
Validation: 245/482...
Validation: 246/482...
Validation: 247/482...
Validation: 248/482...
Validation: 249/482...
Validation: 250/482...
Validation: 251/482...
Validation: 252/482...
Validation: 253/482...
Validation: 254/482...
Validation: 255/482...
Validation: 256/482...
Validation: 257/482...
Validation: 258/482...
Validation: 259/482...
Validation: 260/482...
Validation: 261/482...
Validation: 262/482...
Validation: 263/482...
Validation: 264/482...
Validation: 265/482...
Validation: 266/482...
Validation: 267/482...
Validation: 268/482...
Validation: 269/482...
Validation: 270/482...
Validation: 271/482...
Validation: 272/482...
Validation: 273/482...
Validation: 274/482...
Validation: 275/482...
Validation: 276/482...
Validation: 277/482...
Validation: 278/482...
Validation: 279/482...
Validation: 280/482...
Validation: 281/482...
Validation: 282/482...
Validation: 283/482...
Validation: 284/482...
Validation: 285/482...
Validation: 286/482...
Validation: 287/482...
Validation: 288/482...
Validation: 289/482...
Validation: 290/482...
Validation: 291/482...
Validation: 292/482...
Validation: 293/482...
Validation: 294/482...
Validation: 295/482...
Validation: 296/482...
Validation: 297/482...
Validation: 298/482...
Validation: 299/482...
Validation: 300/482...
Validation: 301/482...
Validation: 302/482...
Validation: 303/482...
Validation: 304/482...
Validation: 305/482...
Validation: 306/482...
Validation: 307/482...
Validation: 308/482...
Validation: 309/482...
Validation: 310/482...
Validation: 311/482...
Validation: 312/482...
Validation: 313/482...
Validation: 314/482...
Validation: 315/482...
Validation: 316/482...
Validation: 317/482...
Validation: 318/482...
Validation: 319/482...
Validation: 320/482...
Validation: 321/482...
Validation: 322/482...
Validation: 323/482...
Validation: 324/482...
Validation: 325/482...
Validation: 326/482...
Validation: 327/482...
Validation: 328/482...
Validation: 329/482...
Validation: 330/482...
Validation: 331/482...
Validation: 332/482...
Validation: 333/482...
Validation: 334/482...
Validation: 335/482...
Validation: 336/482...
Validation: 337/482...
Validation: 338/482...
Validation: 339/482...
Validation: 340/482...
Validation: 341/482...
Validation: 342/482...
Validation: 343/482...
Validation: 344/482...
Validation: 345/482...
Validation: 346/482...
Validation: 347/482...
Validation: 348/482...
Validation: 349/482...
Validation: 350/482...
Validation: 351/482...
Validation: 352/482...
Validation: 353/482...
Validation: 354/482...
Validation: 355/482...
Validation: 356/482...
Validation: 357/482...
Validation: 358/482...
Validation: 359/482...
Validation: 360/482...
Validation: 361/482...
Validation: 362/482...
Validation: 363/482...
Validation: 364/482...
Validation: 365/482...
Validation: 366/482...
Validation: 367/482...
Validation: 368/482...
Validation: 369/482...
Validation: 370/482...
Validation: 371/482...
Validation: 372/482...
Validation: 373/482...
Validation: 374/482...
Validation: 375/482...
Validation: 376/482...
Validation: 377/482...
Validation: 378/482...
Validation: 379/482...
Validation: 380/482...
Validation: 381/482...
Validation: 382/482...
Validation: 383/482...
Validation: 384/482...
Validation: 385/482...
Validation: 386/482...
Validation: 387/482...
Validation: 388/482...
Validation: 389/482...
Validation: 390/482...
Validation: 391/482...
Validation: 392/482...
Validation: 393/482...
Validation: 394/482...
Validation: 395/482...
Validation: 396/482...
Validation: 397/482...
Validation: 398/482...
Validation: 399/482...
Validation: 400/482...
Validation: 401/482...
Validation: 402/482...
Validation: 403/482...
Validation: 404/482...
Validation: 405/482...
Validation: 406/482...
Validation: 407/482...
Validation: 408/482...
Validation: 409/482...
Validation: 410/482...
Validation: 411/482...
Validation: 412/482...
Validation: 413/482...
Validation: 414/482...
Validation: 415/482...
Validation: 416/482...
Validation: 417/482...
Validation: 418/482...
Validation: 419/482...
Validation: 420/482...
Validation: 421/482...
Validation: 422/482...
Validation: 423/482...
Validation: 424/482...
Validation: 425/482...
Validation: 426/482...
Validation: 427/482...
Validation: 428/482...
Validation: 429/482...
Validation: 430/482...
Validation: 431/482...
Validation: 432/482...
Validation: 433/482...
Validation: 434/482...
Validation: 435/482...
Validation: 436/482...
Validation: 437/482...
Validation: 438/482...
Validation: 439/482...
Validation: 440/482...
Validation: 441/482...
Validation: 442/482...
Validation: 443/482...
Validation: 444/482...
Validation: 445/482...
Validation: 446/482...
Validation: 447/482...
Validation: 448/482...
Validation: 449/482...
Validation: 450/482...
Validation: 451/482...
Validation: 452/482...
Validation: 453/482...
Validation: 454/482...
Validation: 455/482...
Validation: 456/482...
Validation: 457/482...
Validation: 458/482...
Validation: 459/482...
Validation: 460/482...
Validation: 461/482...
Validation: 462/482...
Validation: 463/482...
Validation: 464/482...
Validation: 465/482...
Validation: 466/482...
Validation: 467/482...
Validation: 468/482...
Validation: 469/482...
Validation: 470/482...
Validation: 471/482...
Validation: 472/482...
Validation: 473/482...
Validation: 474/482...
Validation: 475/482...
Validation: 476/482...
Validation: 477/482...
Validation: 478/482...
Validation: 479/482...
Validation: 480/482...
Validation: 481/482...
Validation: 482/482...
Validation Metric: PSNR=12.58, LPIPS=0.7824...
====================================================================================================
Train: 012200/020000, Loss/MSE: t(1):5.0e-03/5.0e-03, t(8):2.0e-01/2.0e-01, t(15):3.4e-01/3.4e-01, lr:5.00e-05
Train: 012400/020000, Loss/MSE: t(1):4.4e-03/4.4e-03, t(8):2.1e-01/2.1e-01, t(15):3.3e-01/3.3e-01, lr:5.00e-05
Train: 012600/020000, Loss/MSE: t(1):4.8e-03/4.8e-03, t(8):2.0e-01/2.0e-01, t(15):3.2e-01/3.2e-01, lr:5.00e-05
Train: 012800/020000, Loss/MSE: t(1):4.9e-03/4.9e-03, t(8):2.0e-01/2.0e-01, t(15):3.3e-01/3.3e-01, lr:5.00e-05
Train: 013000/020000, Loss/MSE: t(1):4.5e-03/4.5e-03, t(8):2.0e-01/2.0e-01, t(15):3.4e-01/3.4e-01, lr:5.00e-05
Train: 013200/020000, Loss/MSE: t(1):5.0e-03/5.0e-03, t(8):2.0e-01/2.0e-01, t(15):3.3e-01/3.3e-01, lr:5.00e-05
Train: 013400/020000, Loss/MSE: t(1):4.3e-03/4.3e-03, t(8):1.9e-01/1.9e-01, t(15):3.4e-01/3.4e-01, lr:5.00e-05
Train: 013600/020000, Loss/MSE: t(1):4.3e-03/4.3e-03, t(8):1.9e-01/1.9e-01, t(15):3.2e-01/3.2e-01, lr:5.00e-05
Train: 013800/020000, Loss/MSE: t(1):4.1e-03/4.1e-03, t(8):2.0e-01/2.0e-01, t(15):3.5e-01/3.5e-01, lr:5.00e-05
Train: 014000/020000, Loss/MSE: t(1):4.3e-03/4.3e-03, t(8):2.0e-01/2.0e-01, t(15):3.5e-01/3.5e-01, lr:5.00e-05
Elapsed time: 1348.10s
====================================================================================================
Validation: 01/482...
Validation: 02/482...
Validation: 03/482...
Validation: 04/482...
Validation: 05/482...
Validation: 06/482...
Validation: 07/482...
Validation: 08/482...
Validation: 09/482...
Validation: 10/482...
Validation: 11/482...
Validation: 12/482...
Validation: 13/482...
Validation: 14/482...
Validation: 15/482...
Validation: 16/482...
Validation: 17/482...
Validation: 18/482...
Validation: 19/482...
Validation: 20/482...
Validation: 21/482...
Validation: 22/482...
Validation: 23/482...
Validation: 24/482...
Validation: 25/482...
Validation: 26/482...
Validation: 27/482...
Validation: 28/482...
Validation: 29/482...
Validation: 30/482...
Validation: 31/482...
Validation: 32/482...
Validation: 33/482...
Validation: 34/482...
Validation: 35/482...
Validation: 36/482...
Validation: 37/482...
Validation: 38/482...
Validation: 39/482...
Validation: 40/482...
Validation: 41/482...
Validation: 42/482...
Validation: 43/482...
Validation: 44/482...
Validation: 45/482...
Validation: 46/482...
Validation: 47/482...
Validation: 48/482...
Validation: 49/482...
Validation: 50/482...
Validation: 51/482...
Validation: 52/482...
Validation: 53/482...
Validation: 54/482...
Validation: 55/482...
Validation: 56/482...
Validation: 57/482...
Validation: 58/482...
Validation: 59/482...
Validation: 60/482...
Validation: 61/482...
Validation: 62/482...
Validation: 63/482...
Validation: 64/482...
Validation: 65/482...
Validation: 66/482...
Validation: 67/482...
Validation: 68/482...
Validation: 69/482...
Validation: 70/482...
Validation: 71/482...
Validation: 72/482...
Validation: 73/482...
Validation: 74/482...
Validation: 75/482...
Validation: 76/482...
Validation: 77/482...
Validation: 78/482...
Validation: 79/482...
Validation: 80/482...
Validation: 81/482...
Validation: 82/482...
Validation: 83/482...
Validation: 84/482...
Validation: 85/482...
Validation: 86/482...
Validation: 87/482...
Validation: 88/482...
Validation: 89/482...
Validation: 90/482...
Validation: 91/482...
Validation: 92/482...
Validation: 93/482...
Validation: 94/482...
Validation: 95/482...
Validation: 96/482...
Validation: 97/482...
Validation: 98/482...
Validation: 99/482...
Validation: 100/482...
Validation: 101/482...
Validation: 102/482...
Validation: 103/482...
Validation: 104/482...
Validation: 105/482...
Validation: 106/482...
Validation: 107/482...
Validation: 108/482...
Validation: 109/482...
Validation: 110/482...
Validation: 111/482...
Validation: 112/482...
Validation: 113/482...
Validation: 114/482...
Validation: 115/482...
Validation: 116/482...
Validation: 117/482...
Validation: 118/482...
Validation: 119/482...
Validation: 120/482...
Validation: 121/482...
Validation: 122/482...
Validation: 123/482...
Validation: 124/482...
Validation: 125/482...
Validation: 126/482...
Validation: 127/482...
Validation: 128/482...
Validation: 129/482...
Validation: 130/482...
Validation: 131/482...
Validation: 132/482...
Validation: 133/482...
Validation: 134/482...
Validation: 135/482...
Validation: 136/482...
Validation: 137/482...
Validation: 138/482...
Validation: 139/482...
Validation: 140/482...
Validation: 141/482...
Validation: 142/482...
Validation: 143/482...
Validation: 144/482...
Validation: 145/482...
Validation: 146/482...
Validation: 147/482...
Validation: 148/482...
Validation: 149/482...
Validation: 150/482...
Validation: 151/482...
Validation: 152/482...
Validation: 153/482...
Validation: 154/482...
Validation: 155/482...
Validation: 156/482...
Validation: 157/482...
Validation: 158/482...
Validation: 159/482...
Validation: 160/482...
Validation: 161/482...
Validation: 162/482...
Validation: 163/482...
Validation: 164/482...
Validation: 165/482...
Validation: 166/482...
Validation: 167/482...
Validation: 168/482...
Validation: 169/482...
Validation: 170/482...
Validation: 171/482...
Validation: 172/482...
Validation: 173/482...
Validation: 174/482...
Validation: 175/482...
Validation: 176/482...
Validation: 177/482...
Validation: 178/482...
Validation: 179/482...
Validation: 180/482...
Validation: 181/482...
Validation: 182/482...
Validation: 183/482...
Validation: 184/482...
Validation: 185/482...
Validation: 186/482...
Validation: 187/482...
Validation: 188/482...
Validation: 189/482...
Validation: 190/482...
Validation: 191/482...
Validation: 192/482...
Validation: 193/482...
Validation: 194/482...
Validation: 195/482...
Validation: 196/482...
Validation: 197/482...
Validation: 198/482...
Validation: 199/482...
Validation: 200/482...
Validation: 201/482...
Validation: 202/482...
Validation: 203/482...
Validation: 204/482...
Validation: 205/482...
Validation: 206/482...
Validation: 207/482...
Validation: 208/482...
Validation: 209/482...
Validation: 210/482...
Validation: 211/482...
Validation: 212/482...
Validation: 213/482...
Validation: 214/482...
Validation: 215/482...
Validation: 216/482...
Validation: 217/482...
Validation: 218/482...
Validation: 219/482...
Validation: 220/482...
Validation: 221/482...
Validation: 222/482...
Validation: 223/482...
Validation: 224/482...
Validation: 225/482...
Validation: 226/482...
Validation: 227/482...
Validation: 228/482...
Validation: 229/482...
Validation: 230/482...
Validation: 231/482...
Validation: 232/482...
Validation: 233/482...
Validation: 234/482...
Validation: 235/482...
Validation: 236/482...
Validation: 237/482...
Validation: 238/482...
Validation: 239/482...
Validation: 240/482...
Validation: 241/482...
Validation: 242/482...
Validation: 243/482...
Validation: 244/482...
Validation: 245/482...
Validation: 246/482...
Validation: 247/482...
Validation: 248/482...
Validation: 249/482...
Validation: 250/482...
Validation: 251/482...
Validation: 252/482...
Validation: 253/482...
Validation: 254/482...
Validation: 255/482...
Validation: 256/482...
Validation: 257/482...
Validation: 258/482...
Validation: 259/482...
Validation: 260/482...
Validation: 261/482...
Validation: 262/482...
Validation: 263/482...
Validation: 264/482...
Validation: 265/482...
Validation: 266/482...
Validation: 267/482...
Validation: 268/482...
Validation: 269/482...
Validation: 270/482...
Validation: 271/482...
Validation: 272/482...
Validation: 273/482...
Validation: 274/482...
Validation: 275/482...
Validation: 276/482...
Validation: 277/482...
Validation: 278/482...
Validation: 279/482...
Validation: 280/482...
Validation: 281/482...
Validation: 282/482...
Validation: 283/482...
Validation: 284/482...
Validation: 285/482...
Validation: 286/482...
Validation: 287/482...
Validation: 288/482...
Validation: 289/482...
Validation: 290/482...
Validation: 291/482...
Validation: 292/482...
Validation: 293/482...
Validation: 294/482...
Validation: 295/482...
Validation: 296/482...
Validation: 297/482...
Validation: 298/482...
Validation: 299/482...
Validation: 300/482...
Validation: 301/482...
Validation: 302/482...
Validation: 303/482...
Validation: 304/482...
Validation: 305/482...
Validation: 306/482...
Validation: 307/482...
Validation: 308/482...
Validation: 309/482...
Validation: 310/482...
Validation: 311/482...
Validation: 312/482...
Validation: 313/482...
Validation: 314/482...
Validation: 315/482...
Validation: 316/482...
Validation: 317/482...
Validation: 318/482...
Validation: 319/482...
Validation: 320/482...
Validation: 321/482...
Validation: 322/482...
Validation: 323/482...
Validation: 324/482...
Validation: 325/482...
Validation: 326/482...
Validation: 327/482...
Validation: 328/482...
Validation: 329/482...
Validation: 330/482...
Validation: 331/482...
Validation: 332/482...
Validation: 333/482...
Validation: 334/482...
Validation: 335/482...
Validation: 336/482...
Validation: 337/482...
Validation: 338/482...
Validation: 339/482...
Validation: 340/482...
Validation: 341/482...
Validation: 342/482...
Validation: 343/482...
Validation: 344/482...
Validation: 345/482...
Validation: 346/482...
Validation: 347/482...
Validation: 348/482...
Validation: 349/482...
Validation: 350/482...
Validation: 351/482...
Validation: 352/482...
Validation: 353/482...
Validation: 354/482...
Validation: 355/482...
Validation: 356/482...
Validation: 357/482...
Validation: 358/482...
Validation: 359/482...
Validation: 360/482...
Validation: 361/482...
Validation: 362/482...
Validation: 363/482...
Validation: 364/482...
Validation: 365/482...
Validation: 366/482...
Validation: 367/482...
Validation: 368/482...
Validation: 369/482...
Validation: 370/482...
Validation: 371/482...
Validation: 372/482...
Validation: 373/482...
Validation: 374/482...
Validation: 375/482...
Validation: 376/482...
Validation: 377/482...
Validation: 378/482...
Validation: 379/482...
Validation: 380/482...
Validation: 381/482...
Validation: 382/482...
Validation: 383/482...
Validation: 384/482...
Validation: 385/482...
Validation: 386/482...
Validation: 387/482...
Validation: 388/482...
Validation: 389/482...
Validation: 390/482...
Validation: 391/482...
Validation: 392/482...
Validation: 393/482...
Validation: 394/482...
Validation: 395/482...
Validation: 396/482...
Validation: 397/482...
Validation: 398/482...
Validation: 399/482...
Validation: 400/482...
Validation: 401/482...
Validation: 402/482...
Validation: 403/482...
Validation: 404/482...
Validation: 405/482...
Validation: 406/482...
Validation: 407/482...
Validation: 408/482...
Validation: 409/482...
Validation: 410/482...
Validation: 411/482...
Validation: 412/482...
Validation: 413/482...
Validation: 414/482...
Validation: 415/482...
Validation: 416/482...
Validation: 417/482...
Validation: 418/482...
Validation: 419/482...
Validation: 420/482...
Validation: 421/482...
Validation: 422/482...
Validation: 423/482...
Validation: 424/482...
Validation: 425/482...
Validation: 426/482...
Validation: 427/482...
Validation: 428/482...
Validation: 429/482...
Validation: 430/482...
Validation: 431/482...
Validation: 432/482...
Validation: 433/482...
Validation: 434/482...
Validation: 435/482...
Validation: 436/482...
Validation: 437/482...
Validation: 438/482...
Validation: 439/482...
Validation: 440/482...
Validation: 441/482...
Validation: 442/482...
Validation: 443/482...
Validation: 444/482...
Validation: 445/482...
Validation: 446/482...
Validation: 447/482...
Validation: 448/482...
Validation: 449/482...
Validation: 450/482...
Validation: 451/482...
Validation: 452/482...
Validation: 453/482...
Validation: 454/482...
Validation: 455/482...
Validation: 456/482...
Validation: 457/482...
Validation: 458/482...
Validation: 459/482...
Validation: 460/482...
Validation: 461/482...
Validation: 462/482...
Validation: 463/482...
Validation: 464/482...
Validation: 465/482...
Validation: 466/482...
Validation: 467/482...
Validation: 468/482...
Validation: 469/482...
Validation: 470/482...
Validation: 471/482...
Validation: 472/482...
Validation: 473/482...
Validation: 474/482...
Validation: 475/482...
Validation: 476/482...
Validation: 477/482...
Validation: 478/482...
Validation: 479/482...
Validation: 480/482...
Validation: 481/482...
Validation: 482/482...
Validation Metric: PSNR=12.78, LPIPS=0.7763...
====================================================================================================
Train: 014200/020000, Loss/MSE: t(1):4.2e-03/4.2e-03, t(8):1.9e-01/1.9e-01, t(15):3.2e-01/3.2e-01, lr:5.00e-05
Train: 014400/020000, Loss/MSE: t(1):5.0e-03/5.0e-03, t(8):1.9e-01/1.9e-01, t(15):3.5e-01/3.5e-01, lr:5.00e-05
Train: 014600/020000, Loss/MSE: t(1):4.6e-03/4.6e-03, t(8):2.0e-01/2.0e-01, t(15):3.5e-01/3.5e-01, lr:5.00e-05
Train: 014800/020000, Loss/MSE: t(1):4.3e-03/4.3e-03, t(8):2.1e-01/2.1e-01, t(15):3.2e-01/3.2e-01, lr:5.00e-05
Train: 015000/020000, Loss/MSE: t(1):4.9e-03/4.9e-03, t(8):1.9e-01/1.9e-01, t(15):3.3e-01/3.3e-01, lr:5.00e-05
Train: 015200/020000, Loss/MSE: t(1):4.2e-03/4.2e-03, t(8):2.0e-01/2.0e-01, t(15):3.1e-01/3.1e-01, lr:5.00e-05
Train: 015400/020000, Loss/MSE: t(1):4.2e-03/4.2e-03, t(8):1.9e-01/1.9e-01, t(15):3.4e-01/3.4e-01, lr:5.00e-05
Train: 015600/020000, Loss/MSE: t(1):4.1e-03/4.1e-03, t(8):2.0e-01/2.0e-01, t(15):3.4e-01/3.4e-01, lr:5.00e-05
Train: 015800/020000, Loss/MSE: t(1):4.2e-03/4.2e-03, t(8):2.0e-01/2.0e-01, t(15):3.3e-01/3.3e-01, lr:5.00e-05
Train: 016000/020000, Loss/MSE: t(1):4.5e-03/4.5e-03, t(8):1.9e-01/1.9e-01, t(15):3.4e-01/3.4e-01, lr:5.00e-05
Elapsed time: 1365.87s
====================================================================================================
Validation: 01/482...
Validation: 02/482...
Validation: 03/482...
Validation: 04/482...
Validation: 05/482...
Validation: 06/482...
Validation: 07/482...
Validation: 08/482...
Validation: 09/482...
Validation: 10/482...
Validation: 11/482...
Validation: 12/482...
Validation: 13/482...
Validation: 14/482...
Validation: 15/482...
Validation: 16/482...
Validation: 17/482...
Validation: 18/482...
Validation: 19/482...
Validation: 20/482...
Validation: 21/482...
Validation: 22/482...
Validation: 23/482...
Validation: 24/482...
Validation: 25/482...
Validation: 26/482...
Validation: 27/482...
Validation: 28/482...
Validation: 29/482...
Validation: 30/482...
Validation: 31/482...
Validation: 32/482...
Validation: 33/482...
Validation: 34/482...
Validation: 35/482...
Validation: 36/482...
Validation: 37/482...
Validation: 38/482...
Validation: 39/482...
Validation: 40/482...
Validation: 41/482...
Validation: 42/482...
Validation: 43/482...
Validation: 44/482...
Validation: 45/482...
Validation: 46/482...
Validation: 47/482...
Validation: 48/482...
Validation: 49/482...
Validation: 50/482...
Validation: 51/482...
Validation: 52/482...
Validation: 53/482...
Validation: 54/482...
Validation: 55/482...
Validation: 56/482...
Validation: 57/482...
Validation: 58/482...
Validation: 59/482...
Validation: 60/482...
Validation: 61/482...
Validation: 62/482...
Validation: 63/482...
Validation: 64/482...
Validation: 65/482...
Validation: 66/482...
Validation: 67/482...
Validation: 68/482...
Validation: 69/482...
Validation: 70/482...
Validation: 71/482...
Validation: 72/482...
Validation: 73/482...
Validation: 74/482...
Validation: 75/482...
Validation: 76/482...
Validation: 77/482...
Validation: 78/482...
Validation: 79/482...
Validation: 80/482...
Validation: 81/482...
Validation: 82/482...
Validation: 83/482...
Validation: 84/482...
Validation: 85/482...
Validation: 86/482...
Validation: 87/482...
Validation: 88/482...
Validation: 89/482...
Validation: 90/482...
Validation: 91/482...
Validation: 92/482...
Validation: 93/482...
Validation: 94/482...
Validation: 95/482...
Validation: 96/482...
Validation: 97/482...
Validation: 98/482...
Validation: 99/482...
Validation: 100/482...
Validation: 101/482...
Validation: 102/482...
Validation: 103/482...
Validation: 104/482...
Validation: 105/482...
Validation: 106/482...
Validation: 107/482...
Validation: 108/482...
Validation: 109/482...
Validation: 110/482...
Validation: 111/482...
Validation: 112/482...
Validation: 113/482...
Validation: 114/482...
Validation: 115/482...
Validation: 116/482...
Validation: 117/482...
Validation: 118/482...
Validation: 119/482...
Validation: 120/482...
Validation: 121/482...
Validation: 122/482...
Validation: 123/482...
Validation: 124/482...
Validation: 125/482...
Validation: 126/482...
Validation: 127/482...
Validation: 128/482...
Validation: 129/482...
Validation: 130/482...
Validation: 131/482...
Validation: 132/482...
Validation: 133/482...
Validation: 134/482...
Validation: 135/482...
Validation: 136/482...
Validation: 137/482...
Validation: 138/482...
Validation: 139/482...
Validation: 140/482...
Validation: 141/482...
Validation: 142/482...
Validation: 143/482...
Validation: 144/482...
Validation: 145/482...
Validation: 146/482...
Validation: 147/482...
Validation: 148/482...
Validation: 149/482...
Validation: 150/482...
Validation: 151/482...
Validation: 152/482...
Validation: 153/482...
Validation: 154/482...
Validation: 155/482...
Validation: 156/482...
Validation: 157/482...
Validation: 158/482...
Validation: 159/482...
Validation: 160/482...
Validation: 161/482...
Validation: 162/482...
Validation: 163/482...
Validation: 164/482...
Validation: 165/482...
Validation: 166/482...
Validation: 167/482...
Validation: 168/482...
Validation: 169/482...
Validation: 170/482...
Validation: 171/482...
Validation: 172/482...
Validation: 173/482...
Validation: 174/482...
Validation: 175/482...
Validation: 176/482...
Validation: 177/482...
Validation: 178/482...
Validation: 179/482...
Validation: 180/482...
Validation: 181/482...
Validation: 182/482...
Validation: 183/482...
Validation: 184/482...
Validation: 185/482...
Validation: 186/482...
Validation: 187/482...
Validation: 188/482...
Validation: 189/482...
Validation: 190/482...
Validation: 191/482...
Validation: 192/482...
Validation: 193/482...
Validation: 194/482...
Validation: 195/482...
Validation: 196/482...
Validation: 197/482...
Validation: 198/482...
Validation: 199/482...
Validation: 200/482...
Validation: 201/482...
Validation: 202/482...
Validation: 203/482...
Validation: 204/482...
Validation: 205/482...
Validation: 206/482...
Validation: 207/482...
Validation: 208/482...
Validation: 209/482...
Validation: 210/482...
Validation: 211/482...
Validation: 212/482...
Validation: 213/482...
Validation: 214/482...
Validation: 215/482...
Validation: 216/482...
Validation: 217/482...
Validation: 218/482...
Validation: 219/482...
Validation: 220/482...
Validation: 221/482...
Validation: 222/482...
Validation: 223/482...
Validation: 224/482...
Validation: 225/482...
Validation: 226/482...
Validation: 227/482...
Validation: 228/482...
Validation: 229/482...
Validation: 230/482...
Validation: 231/482...
Validation: 232/482...
Validation: 233/482...
Validation: 234/482...
Validation: 235/482...
Validation: 236/482...
Validation: 237/482...
Validation: 238/482...
Validation: 239/482...
Validation: 240/482...
Validation: 241/482...
Validation: 242/482...
Validation: 243/482...
Validation: 244/482...
Validation: 245/482...
Validation: 246/482...
Validation: 247/482...
Validation: 248/482...
Validation: 249/482...
Validation: 250/482...
Validation: 251/482...
Validation: 252/482...
Validation: 253/482...
Validation: 254/482...
Validation: 255/482...
Validation: 256/482...
Validation: 257/482...
Validation: 258/482...
Validation: 259/482...
Validation: 260/482...
Validation: 261/482...
Validation: 262/482...
Validation: 263/482...
Validation: 264/482...
Validation: 265/482...
Validation: 266/482...
Validation: 267/482...
Validation: 268/482...
Validation: 269/482...
Validation: 270/482...
Validation: 271/482...
Validation: 272/482...
Validation: 273/482...
Validation: 274/482...
Validation: 275/482...
Validation: 276/482...
Validation: 277/482...
Validation: 278/482...
Validation: 279/482...
Validation: 280/482...
Validation: 281/482...
Validation: 282/482...
Validation: 283/482...
Validation: 284/482...
Validation: 285/482...
Validation: 286/482...
Validation: 287/482...
Validation: 288/482...
Validation: 289/482...
Validation: 290/482...
Validation: 291/482...
Validation: 292/482...
Validation: 293/482...
Validation: 294/482...
Validation: 295/482...
Validation: 296/482...
Validation: 297/482...
Validation: 298/482...
Validation: 299/482...
Validation: 300/482...
Validation: 301/482...
Validation: 302/482...
Validation: 303/482...
Validation: 304/482...
Validation: 305/482...
Validation: 306/482...
Validation: 307/482...
Validation: 308/482...
Validation: 309/482...
Validation: 310/482...
Validation: 311/482...
Validation: 312/482...
Validation: 313/482...
Validation: 314/482...
Validation: 315/482...
Validation: 316/482...
Validation: 317/482...
Validation: 318/482...
Validation: 319/482...
Validation: 320/482...
Validation: 321/482...
Validation: 322/482...
Validation: 323/482...
Validation: 324/482...
Validation: 325/482...
Validation: 326/482...
Validation: 327/482...
Validation: 328/482...
Validation: 329/482...
Validation: 330/482...
Validation: 331/482...
Validation: 332/482...
Validation: 333/482...
Validation: 334/482...
Validation: 335/482...
Validation: 336/482...
Validation: 337/482...
Validation: 338/482...
Validation: 339/482...
Validation: 340/482...
Validation: 341/482...
Validation: 342/482...
Validation: 343/482...
Validation: 344/482...
Validation: 345/482...
Validation: 346/482...
Validation: 347/482...
Validation: 348/482...
Validation: 349/482...
Validation: 350/482...
Validation: 351/482...
Validation: 352/482...
Validation: 353/482...
Validation: 354/482...
Validation: 355/482...
Validation: 356/482...
Validation: 357/482...
Validation: 358/482...
Validation: 359/482...
Validation: 360/482...
Validation: 361/482...
Validation: 362/482...
Validation: 363/482...
Validation: 364/482...
Validation: 365/482...
Validation: 366/482...
Validation: 367/482...
Validation: 368/482...
Validation: 369/482...
Validation: 370/482...
Validation: 371/482...
Validation: 372/482...
Validation: 373/482...
Validation: 374/482...
Validation: 375/482...
Validation: 376/482...
Validation: 377/482...
Validation: 378/482...
Validation: 379/482...
Validation: 380/482...
Validation: 381/482...
Validation: 382/482...
Validation: 383/482...
Validation: 384/482...
Validation: 385/482...
Validation: 386/482...
Validation: 387/482...
Validation: 388/482...
Validation: 389/482...
Validation: 390/482...
Validation: 391/482...
Validation: 392/482...
Validation: 393/482...
Validation: 394/482...
Validation: 395/482...
Validation: 396/482...
Validation: 397/482...
Validation: 398/482...
Validation: 399/482...
Validation: 400/482...
Validation: 401/482...
Validation: 402/482...
Validation: 403/482...
Validation: 404/482...
Validation: 405/482...
Validation: 406/482...
Validation: 407/482...
Validation: 408/482...
Validation: 409/482...
Validation: 410/482...
Validation: 411/482...
Validation: 412/482...
Validation: 413/482...
Validation: 414/482...
Validation: 415/482...
Validation: 416/482...
Validation: 417/482...
Validation: 418/482...
Validation: 419/482...
Validation: 420/482...
Validation: 421/482...
Validation: 422/482...
Validation: 423/482...
Validation: 424/482...
Validation: 425/482...
Validation: 426/482...
Validation: 427/482...
Validation: 428/482...
Validation: 429/482...
Validation: 430/482...
Validation: 431/482...
Validation: 432/482...
Validation: 433/482...
Validation: 434/482...
Validation: 435/482...
Validation: 436/482...
Validation: 437/482...
Validation: 438/482...
Validation: 439/482...
Validation: 440/482...
Validation: 441/482...
Validation: 442/482...
Validation: 443/482...
Validation: 444/482...
Validation: 445/482...
Validation: 446/482...
Validation: 447/482...
Validation: 448/482...
Validation: 449/482...
Validation: 450/482...
Validation: 451/482...
Validation: 452/482...
Validation: 453/482...
Validation: 454/482...
Validation: 455/482...
Validation: 456/482...
Validation: 457/482...
Validation: 458/482...
Validation: 459/482...
Validation: 460/482...
Validation: 461/482...
Validation: 462/482...
Validation: 463/482...
Validation: 464/482...
Validation: 465/482...
Validation: 466/482...
Validation: 467/482...
Validation: 468/482...
Validation: 469/482...
Validation: 470/482...
Validation: 471/482...
Validation: 472/482...
Validation: 473/482...
Validation: 474/482...
Validation: 475/482...
Validation: 476/482...
Validation: 477/482...
Validation: 478/482...
Validation: 479/482...
Validation: 480/482...
Validation: 481/482...
Validation: 482/482...
Validation Metric: PSNR=12.67, LPIPS=0.7803...
====================================================================================================
Train: 016200/020000, Loss/MSE: t(1):4.3e-03/4.3e-03, t(8):2.0e-01/2.0e-01, t(15):3.1e-01/3.1e-01, lr:5.00e-05
Train: 016400/020000, Loss/MSE: t(1):4.0e-03/4.0e-03, t(8):2.0e-01/2.0e-01, t(15):3.3e-01/3.3e-01, lr:5.00e-05
Train: 016600/020000, Loss/MSE: t(1):4.0e-03/4.0e-03, t(8):2.0e-01/2.0e-01, t(15):3.3e-01/3.3e-01, lr:5.00e-05
Train: 016800/020000, Loss/MSE: t(1):3.9e-03/3.9e-03, t(8):2.0e-01/2.0e-01, t(15):3.1e-01/3.1e-01, lr:5.00e-05
Train: 017000/020000, Loss/MSE: t(1):4.2e-03/4.2e-03, t(8):1.9e-01/1.9e-01, t(15):3.2e-01/3.2e-01, lr:5.00e-05
Train: 017200/020000, Loss/MSE: t(1):3.7e-03/3.7e-03, t(8):2.1e-01/2.1e-01, t(15):3.3e-01/3.3e-01, lr:5.00e-05
Train: 017400/020000, Loss/MSE: t(1):3.9e-03/3.9e-03, t(8):2.0e-01/2.0e-01, t(15):3.1e-01/3.1e-01, lr:5.00e-05
Train: 017600/020000, Loss/MSE: t(1):4.3e-03/4.3e-03, t(8):2.0e-01/2.0e-01, t(15):3.1e-01/3.1e-01, lr:5.00e-05
Train: 017800/020000, Loss/MSE: t(1):4.0e-03/4.0e-03, t(8):2.0e-01/2.0e-01, t(15):3.3e-01/3.3e-01, lr:5.00e-05
Train: 018000/020000, Loss/MSE: t(1):3.9e-03/3.9e-03, t(8):1.9e-01/1.9e-01, t(15):3.3e-01/3.3e-01, lr:5.00e-05
Elapsed time: 1355.35s
====================================================================================================
Validation: 01/482...
Validation: 02/482...
Validation: 03/482...
Validation: 04/482...
Validation: 05/482...
Validation: 06/482...
Validation: 07/482...
Validation: 08/482...
Validation: 09/482...
Validation: 10/482...
Validation: 11/482...
Validation: 12/482...
Validation: 13/482...
Validation: 14/482...
Validation: 15/482...
Validation: 16/482...
Validation: 17/482...
Validation: 18/482...
Validation: 19/482...
Validation: 20/482...
Validation: 21/482...
Validation: 22/482...
Validation: 23/482...
Validation: 24/482...
Validation: 25/482...
Validation: 26/482...
Validation: 27/482...
Validation: 28/482...
Validation: 29/482...
Validation: 30/482...
Validation: 31/482...
Validation: 32/482...
Validation: 33/482...
Validation: 34/482...
Validation: 35/482...
Validation: 36/482...
Validation: 37/482...
Validation: 38/482...
Validation: 39/482...
Validation: 40/482...
Validation: 41/482...
Validation: 42/482...
Validation: 43/482...
Validation: 44/482...
Validation: 45/482...
Validation: 46/482...
Validation: 47/482...
Validation: 48/482...
Validation: 49/482...
Validation: 50/482...
Validation: 51/482...
Validation: 52/482...
Validation: 53/482...
Validation: 54/482...
Validation: 55/482...
Validation: 56/482...
Validation: 57/482...
Validation: 58/482...
Validation: 59/482...
Validation: 60/482...
Validation: 61/482...
Validation: 62/482...
Validation: 63/482...
Validation: 64/482...
Validation: 65/482...
Validation: 66/482...
Validation: 67/482...
Validation: 68/482...
Validation: 69/482...
Validation: 70/482...
Validation: 71/482...
Validation: 72/482...
Validation: 73/482...
Validation: 74/482...
Validation: 75/482...
Validation: 76/482...
Validation: 77/482...
Validation: 78/482...
Validation: 79/482...
Validation: 80/482...
Validation: 81/482...
Validation: 82/482...
Validation: 83/482...
Validation: 84/482...
Validation: 85/482...
Validation: 86/482...
Validation: 87/482...
Validation: 88/482...
Validation: 89/482...
Validation: 90/482...
Validation: 91/482...
Validation: 92/482...
Validation: 93/482...
Validation: 94/482...
Validation: 95/482...
Validation: 96/482...
Validation: 97/482...
Validation: 98/482...
Validation: 99/482...
Validation: 100/482...
Validation: 101/482...
Validation: 102/482...
Validation: 103/482...
Validation: 104/482...
Validation: 105/482...
Validation: 106/482...
Validation: 107/482...
Validation: 108/482...
Validation: 109/482...
Validation: 110/482...
Validation: 111/482...
Validation: 112/482...
Validation: 113/482...
Validation: 114/482...
Validation: 115/482...
Validation: 116/482...
Validation: 117/482...
Validation: 118/482...
Validation: 119/482...
Validation: 120/482...
Validation: 121/482...
Validation: 122/482...
Validation: 123/482...
Validation: 124/482...
Validation: 125/482...
Validation: 126/482...
Validation: 127/482...
Validation: 128/482...
Validation: 129/482...
Validation: 130/482...
Validation: 131/482...
Validation: 132/482...
Validation: 133/482...
Validation: 134/482...
Validation: 135/482...
Validation: 136/482...
Validation: 137/482...
Validation: 138/482...
Validation: 139/482...
Validation: 140/482...
Validation: 141/482...
Validation: 142/482...
Validation: 143/482...
Validation: 144/482...
Validation: 145/482...
Validation: 146/482...
Validation: 147/482...
Validation: 148/482...
Validation: 149/482...
Validation: 150/482...
Validation: 151/482...
Validation: 152/482...
Validation: 153/482...
Validation: 154/482...
Validation: 155/482...
Validation: 156/482...
Validation: 157/482...
Validation: 158/482...
Validation: 159/482...
Validation: 160/482...
Validation: 161/482...
Validation: 162/482...
Validation: 163/482...
Validation: 164/482...
Validation: 165/482...
Validation: 166/482...
Validation: 167/482...
Validation: 168/482...
Validation: 169/482...
Validation: 170/482...
Validation: 171/482...
Validation: 172/482...
Validation: 173/482...
Validation: 174/482...
Validation: 175/482...
Validation: 176/482...
Validation: 177/482...
Validation: 178/482...
Validation: 179/482...
Validation: 180/482...
Validation: 181/482...
Validation: 182/482...
Validation: 183/482...
Validation: 184/482...
Validation: 185/482...
Validation: 186/482...
Validation: 187/482...
Validation: 188/482...
Validation: 189/482...
Validation: 190/482...
Validation: 191/482...
Validation: 192/482...
Validation: 193/482...
Validation: 194/482...
Validation: 195/482...
Validation: 196/482...
Validation: 197/482...
Validation: 198/482...
Validation: 199/482...
Validation: 200/482...
Validation: 201/482...
Validation: 202/482...
Validation: 203/482...
Validation: 204/482...
Validation: 205/482...
Validation: 206/482...
Validation: 207/482...
Validation: 208/482...
Validation: 209/482...
Validation: 210/482...
Validation: 211/482...
Validation: 212/482...
Validation: 213/482...
Validation: 214/482...
Validation: 215/482...
Validation: 216/482...
Validation: 217/482...
Validation: 218/482...
Validation: 219/482...
Validation: 220/482...
Validation: 221/482...
Validation: 222/482...
Validation: 223/482...
Validation: 224/482...
Validation: 225/482...
Validation: 226/482...
Validation: 227/482...
Validation: 228/482...
Validation: 229/482...
Validation: 230/482...
Validation: 231/482...
Validation: 232/482...
Validation: 233/482...
Validation: 234/482...
Validation: 235/482...
Validation: 236/482...
Validation: 237/482...
Validation: 238/482...
Validation: 239/482...
Validation: 240/482...
Validation: 241/482...
Validation: 242/482...
Validation: 243/482...
Validation: 244/482...
Validation: 245/482...
Validation: 246/482...
Validation: 247/482...
Validation: 248/482...
Validation: 249/482...
Validation: 250/482...
Validation: 251/482...
Validation: 252/482...
Validation: 253/482...
Validation: 254/482...
Validation: 255/482...
Validation: 256/482...
Validation: 257/482...
Validation: 258/482...
Validation: 259/482...
Validation: 260/482...
Validation: 261/482...
Validation: 262/482...
Validation: 263/482...
Validation: 264/482...
Validation: 265/482...
Validation: 266/482...
Validation: 267/482...
Validation: 268/482...
Validation: 269/482...
Validation: 270/482...
Validation: 271/482...
Validation: 272/482...
Validation: 273/482...
Validation: 274/482...
Validation: 275/482...
Validation: 276/482...
Validation: 277/482...
Validation: 278/482...
Validation: 279/482...
Validation: 280/482...
Validation: 281/482...
Validation: 282/482...
Validation: 283/482...
Validation: 284/482...
Validation: 285/482...
Validation: 286/482...
Validation: 287/482...
Validation: 288/482...
Validation: 289/482...
Validation: 290/482...
Validation: 291/482...
Validation: 292/482...
Validation: 293/482...
Validation: 294/482...
Validation: 295/482...
Validation: 296/482...
Validation: 297/482...
Validation: 298/482...
Validation: 299/482...
Validation: 300/482...
Validation: 301/482...
Validation: 302/482...
Validation: 303/482...
Validation: 304/482...
Validation: 305/482...
Validation: 306/482...
Validation: 307/482...
Validation: 308/482...
Validation: 309/482...
Validation: 310/482...
Validation: 311/482...
Validation: 312/482...
Validation: 313/482...
Validation: 314/482...
Validation: 315/482...
Validation: 316/482...
Validation: 317/482...
Validation: 318/482...
Validation: 319/482...
Validation: 320/482...
Validation: 321/482...
Validation: 322/482...
Validation: 323/482...
Validation: 324/482...
Validation: 325/482...
Validation: 326/482...
Validation: 327/482...
Validation: 328/482...
Validation: 329/482...
Validation: 330/482...
Validation: 331/482...
Validation: 332/482...
Validation: 333/482...
Validation: 334/482...
Validation: 335/482...
Validation: 336/482...
Validation: 337/482...
Validation: 338/482...
Validation: 339/482...
Validation: 340/482...
Validation: 341/482...
Validation: 342/482...
Validation: 343/482...
Validation: 344/482...
Validation: 345/482...
Validation: 346/482...
Validation: 347/482...
Validation: 348/482...
Validation: 349/482...
Validation: 350/482...
Validation: 351/482...
Validation: 352/482...
Validation: 353/482...
Validation: 354/482...
Validation: 355/482...
Validation: 356/482...
Validation: 357/482...
Validation: 358/482...
Validation: 359/482...
Validation: 360/482...
Validation: 361/482...
Validation: 362/482...
Validation: 363/482...
Validation: 364/482...
Validation: 365/482...
Validation: 366/482...
Validation: 367/482...
Validation: 368/482...
Validation: 369/482...
Validation: 370/482...
Validation: 371/482...
Validation: 372/482...
Validation: 373/482...
Validation: 374/482...
Validation: 375/482...
Validation: 376/482...
Validation: 377/482...
Validation: 378/482...
Validation: 379/482...
Validation: 380/482...
Validation: 381/482...
Validation: 382/482...
Validation: 383/482...
Validation: 384/482...
Validation: 385/482...
Validation: 386/482...
Validation: 387/482...
Validation: 388/482...
Validation: 389/482...
Validation: 390/482...
Validation: 391/482...
Validation: 392/482...
Validation: 393/482...
Validation: 394/482...
Validation: 395/482...
Validation: 396/482...
Validation: 397/482...
Validation: 398/482...
Validation: 399/482...
Validation: 400/482...
Validation: 401/482...
Validation: 402/482...
Validation: 403/482...
Validation: 404/482...
Validation: 405/482...
Validation: 406/482...
Validation: 407/482...
Validation: 408/482...
Validation: 409/482...
Validation: 410/482...
Validation: 411/482...
Validation: 412/482...
Validation: 413/482...
Validation: 414/482...
Validation: 415/482...
Validation: 416/482...
Validation: 417/482...
Validation: 418/482...
Validation: 419/482...
Validation: 420/482...
Validation: 421/482...
Validation: 422/482...
Validation: 423/482...
Validation: 424/482...
Validation: 425/482...
Validation: 426/482...
Validation: 427/482...
Validation: 428/482...
Validation: 429/482...
Validation: 430/482...
Validation: 431/482...
Validation: 432/482...
Validation: 433/482...
Validation: 434/482...
Validation: 435/482...
Validation: 436/482...
Validation: 437/482...
Validation: 438/482...
Validation: 439/482...
Validation: 440/482...
Validation: 441/482...
Validation: 442/482...
Validation: 443/482...
Validation: 444/482...
Validation: 445/482...
Validation: 446/482...
Validation: 447/482...
Validation: 448/482...
Validation: 449/482...
Validation: 450/482...
Validation: 451/482...
Validation: 452/482...
Validation: 453/482...
Validation: 454/482...
Validation: 455/482...
Validation: 456/482...
Validation: 457/482...
Validation: 458/482...
Validation: 459/482...
Validation: 460/482...
Validation: 461/482...
Validation: 462/482...
Validation: 463/482...
Validation: 464/482...
Validation: 465/482...
Validation: 466/482...
Validation: 467/482...
Validation: 468/482...
Validation: 469/482...
Validation: 470/482...
Validation: 471/482...
Validation: 472/482...
Validation: 473/482...
Validation: 474/482...
Validation: 475/482...
Validation: 476/482...
Validation: 477/482...
Validation: 478/482...
Validation: 479/482...
Validation: 480/482...
Validation: 481/482...
Validation: 482/482...
Validation Metric: PSNR=12.73, LPIPS=0.7798...
====================================================================================================
Train: 018200/020000, Loss/MSE: t(1):4.1e-03/4.1e-03, t(8):1.9e-01/1.9e-01, t(15):3.5e-01/3.5e-01, lr:5.00e-05
Train: 018400/020000, Loss/MSE: t(1):4.1e-03/4.1e-03, t(8):2.0e-01/2.0e-01, t(15):3.9e-01/3.9e-01, lr:5.00e-05
Train: 018600/020000, Loss/MSE: t(1):3.8e-03/3.8e-03, t(8):1.8e-01/1.8e-01, t(15):3.1e-01/3.1e-01, lr:5.00e-05
Train: 018800/020000, Loss/MSE: t(1):3.7e-03/3.7e-03, t(8):1.9e-01/1.9e-01, t(15):3.4e-01/3.4e-01, lr:5.00e-05
Train: 019000/020000, Loss/MSE: t(1):3.8e-03/3.8e-03, t(8):1.9e-01/1.9e-01, t(15):3.4e-01/3.4e-01, lr:5.00e-05
Train: 019200/020000, Loss/MSE: t(1):3.8e-03/3.8e-03, t(8):2.0e-01/2.0e-01, t(15):3.3e-01/3.3e-01, lr:5.00e-05
Train: 019400/020000, Loss/MSE: t(1):3.7e-03/3.7e-03, t(8):1.9e-01/1.9e-01, t(15):3.5e-01/3.5e-01, lr:5.00e-05
Train: 019600/020000, Loss/MSE: t(1):3.5e-03/3.5e-03, t(8):2.0e-01/2.0e-01, t(15):3.4e-01/3.4e-01, lr:5.00e-05
Train: 019800/020000, Loss/MSE: t(1):4.0e-03/4.0e-03, t(8):1.9e-01/1.9e-01, t(15):3.2e-01/3.2e-01, lr:5.00e-05
Train: 020000/020000, Loss/MSE: t(1):3.5e-03/3.5e-03, t(8):1.9e-01/1.9e-01, t(15):3.3e-01/3.3e-01, lr:5.00e-05
Elapsed time: 1362.80s
====================================================================================================
Validation: 01/482...
Validation: 02/482...
Validation: 03/482...
Validation: 04/482...
Validation: 05/482...
Validation: 06/482...
Validation: 07/482...
Validation: 08/482...
Validation: 09/482...
Validation: 10/482...
Validation: 11/482...
Validation: 12/482...
Validation: 13/482...
Validation: 14/482...
Validation: 15/482...
Validation: 16/482...
Validation: 17/482...
Validation: 18/482...
Validation: 19/482...
Validation: 20/482...
Validation: 21/482...
Validation: 22/482...
Validation: 23/482...
Validation: 24/482...
Validation: 25/482...
Validation: 26/482...
Validation: 27/482...
Validation: 28/482...
Validation: 29/482...
Validation: 30/482...
Validation: 31/482...
Validation: 32/482...
Validation: 33/482...
Validation: 34/482...
Validation: 35/482...
Validation: 36/482...
Validation: 37/482...
Validation: 38/482...
Validation: 39/482...
Validation: 40/482...
Validation: 41/482...
Validation: 42/482...
Validation: 43/482...
Validation: 44/482...
Validation: 45/482...
Validation: 46/482...
Validation: 47/482...
Validation: 48/482...
Validation: 49/482...
Validation: 50/482...
Validation: 51/482...
Validation: 52/482...
Validation: 53/482...
Validation: 54/482...
Validation: 55/482...
Validation: 56/482...
Validation: 57/482...
Validation: 58/482...
Validation: 59/482...
Validation: 60/482...
Validation: 61/482...
Validation: 62/482...
Validation: 63/482...
Validation: 64/482...
Validation: 65/482...
Validation: 66/482...
Validation: 67/482...
Validation: 68/482...
Validation: 69/482...
Validation: 70/482...
Validation: 71/482...
Validation: 72/482...
Validation: 73/482...
Validation: 74/482...
Validation: 75/482...
Validation: 76/482...
Validation: 77/482...
Validation: 78/482...
Validation: 79/482...
Validation: 80/482...
Validation: 81/482...
Validation: 82/482...
Validation: 83/482...
Validation: 84/482...
Validation: 85/482...
Validation: 86/482...
Validation: 87/482...
Validation: 88/482...
Validation: 89/482...
Validation: 90/482...
Validation: 91/482...
Validation: 92/482...
Validation: 93/482...
Validation: 94/482...
Validation: 95/482...
Validation: 96/482...
Validation: 97/482...
Validation: 98/482...
Validation: 99/482...
Validation: 100/482...
Validation: 101/482...
Validation: 102/482...
Validation: 103/482...
Validation: 104/482...
Validation: 105/482...
Validation: 106/482...
Validation: 107/482...
Validation: 108/482...
Validation: 109/482...
Validation: 110/482...
Validation: 111/482...
Validation: 112/482...
Validation: 113/482...
Validation: 114/482...
Validation: 115/482...
Validation: 116/482...
Validation: 117/482...
Validation: 118/482...
Validation: 119/482...
Validation: 120/482...
Validation: 121/482...
Validation: 122/482...
Validation: 123/482...
Validation: 124/482...
Validation: 125/482...
Validation: 126/482...
Validation: 127/482...
Validation: 128/482...
Validation: 129/482...
Validation: 130/482...
Validation: 131/482...
Validation: 132/482...
Validation: 133/482...
Validation: 134/482...
Validation: 135/482...
Validation: 136/482...
Validation: 137/482...
Validation: 138/482...
Validation: 139/482...
Validation: 140/482...
Validation: 141/482...
Validation: 142/482...
Validation: 143/482...
Validation: 144/482...
Validation: 145/482...
Validation: 146/482...
Validation: 147/482...
Validation: 148/482...
Validation: 149/482...
Validation: 150/482...
Validation: 151/482...
Validation: 152/482...
Validation: 153/482...
Validation: 154/482...
Validation: 155/482...
Validation: 156/482...
Validation: 157/482...
Validation: 158/482...
Validation: 159/482...
Validation: 160/482...
Validation: 161/482...
Validation: 162/482...
Validation: 163/482...
Validation: 164/482...
Validation: 165/482...
Validation: 166/482...
Validation: 167/482...
Validation: 168/482...
Validation: 169/482...
Validation: 170/482...
Validation: 171/482...
Validation: 172/482...
Validation: 173/482...
Validation: 174/482...
Validation: 175/482...
Validation: 176/482...
Validation: 177/482...
Validation: 178/482...
Validation: 179/482...
Validation: 180/482...
Validation: 181/482...
Validation: 182/482...
Validation: 183/482...
Validation: 184/482...
Validation: 185/482...
Validation: 186/482...
Validation: 187/482...
Validation: 188/482...
Validation: 189/482...
Validation: 190/482...
Validation: 191/482...
Validation: 192/482...
Validation: 193/482...
Validation: 194/482...
Validation: 195/482...
Validation: 196/482...
Validation: 197/482...
Validation: 198/482...
Validation: 199/482...
Validation: 200/482...
Validation: 201/482...
Validation: 202/482...
Validation: 203/482...
Validation: 204/482...
Validation: 205/482...
Validation: 206/482...
Validation: 207/482...
Validation: 208/482...
Validation: 209/482...
Validation: 210/482...
Validation: 211/482...
Validation: 212/482...
Validation: 213/482...
Validation: 214/482...
Validation: 215/482...
Validation: 216/482...
Validation: 217/482...
Validation: 218/482...
Validation: 219/482...
Validation: 220/482...
Validation: 221/482...
Validation: 222/482...
Validation: 223/482...
Validation: 224/482...
Validation: 225/482...
Validation: 226/482...
Validation: 227/482...
Validation: 228/482...
Validation: 229/482...
Validation: 230/482...
Validation: 231/482...
Validation: 232/482...
Validation: 233/482...
Validation: 234/482...
Validation: 235/482...
Validation: 236/482...
Validation: 237/482...
Validation: 238/482...
Validation: 239/482...
Validation: 240/482...
Validation: 241/482...
Validation: 242/482...
Validation: 243/482...
Validation: 244/482...
Validation: 245/482...
Validation: 246/482...
Validation: 247/482...
Validation: 248/482...
Validation: 249/482...
Validation: 250/482...
Validation: 251/482...
Validation: 252/482...
Validation: 253/482...
Validation: 254/482...
Validation: 255/482...
Validation: 256/482...
Validation: 257/482...
Validation: 258/482...
Validation: 259/482...
Validation: 260/482...
Validation: 261/482...
Validation: 262/482...
Validation: 263/482...
Validation: 264/482...
Validation: 265/482...
Validation: 266/482...
Validation: 267/482...
Validation: 268/482...
Validation: 269/482...
Validation: 270/482...
Validation: 271/482...
Validation: 272/482...
Validation: 273/482...
Validation: 274/482...
Validation: 275/482...
Validation: 276/482...
Validation: 277/482...
Validation: 278/482...
Validation: 279/482...
Validation: 280/482...
Validation: 281/482...
Validation: 282/482...
Validation: 283/482...
Validation: 284/482...
Validation: 285/482...
Validation: 286/482...
Validation: 287/482...
Validation: 288/482...
Validation: 289/482...
Validation: 290/482...
Validation: 291/482...
Validation: 292/482...
Validation: 293/482...
Validation: 294/482...
Validation: 295/482...
Validation: 296/482...
Validation: 297/482...
Validation: 298/482...
Validation: 299/482...
Validation: 300/482...
Validation: 301/482...
Validation: 302/482...
Validation: 303/482...
Validation: 304/482...
Validation: 305/482...
Validation: 306/482...
Validation: 307/482...
Validation: 308/482...
Validation: 309/482...
Validation: 310/482...
Validation: 311/482...
Validation: 312/482...
Validation: 313/482...
Validation: 314/482...
Validation: 315/482...
Validation: 316/482...
Validation: 317/482...
Validation: 318/482...
Validation: 319/482...
Validation: 320/482...
Validation: 321/482...
Validation: 322/482...
Validation: 323/482...
Validation: 324/482...
Validation: 325/482...
Validation: 326/482...
Validation: 327/482...
Validation: 328/482...
Validation: 329/482...
Validation: 330/482...
Validation: 331/482...
Validation: 332/482...
Validation: 333/482...
Validation: 334/482...
Validation: 335/482...
Validation: 336/482...
Validation: 337/482...
Validation: 338/482...
Validation: 339/482...
Validation: 340/482...
Validation: 341/482...
Validation: 342/482...
Validation: 343/482...
Validation: 344/482...
Validation: 345/482...
Validation: 346/482...
Validation: 347/482...
Validation: 348/482...
Validation: 349/482...
Validation: 350/482...
Validation: 351/482...
Validation: 352/482...
Validation: 353/482...
Validation: 354/482...
Validation: 355/482...
Validation: 356/482...
Validation: 357/482...
Validation: 358/482...
Validation: 359/482...
Validation: 360/482...
Validation: 361/482...
Validation: 362/482...
Validation: 363/482...
Validation: 364/482...
Validation: 365/482...
Validation: 366/482...
Validation: 367/482...
Validation: 368/482...
Validation: 369/482...
Validation: 370/482...
Validation: 371/482...
Validation: 372/482...
Validation: 373/482...
Validation: 374/482...
Validation: 375/482...
Validation: 376/482...
Validation: 377/482...
Validation: 378/482...
Validation: 379/482...
Validation: 380/482...
Validation: 381/482...
Validation: 382/482...
Validation: 383/482...
Validation: 384/482...
Validation: 385/482...
Validation: 386/482...
Validation: 387/482...
Validation: 388/482...
Validation: 389/482...
Validation: 390/482...
Validation: 391/482...
Validation: 392/482...
Validation: 393/482...
Validation: 394/482...
Validation: 395/482...
Validation: 396/482...
Validation: 397/482...
Validation: 398/482...
Validation: 399/482...
Validation: 400/482...
Validation: 401/482...
Validation: 402/482...
Validation: 403/482...
Validation: 404/482...
Validation: 405/482...
Validation: 406/482...
Validation: 407/482...
Validation: 408/482...
Validation: 409/482...
Validation: 410/482...
Validation: 411/482...
Validation: 412/482...
Validation: 413/482...
Validation: 414/482...
Validation: 415/482...
Validation: 416/482...
Validation: 417/482...
Validation: 418/482...
Validation: 419/482...
Validation: 420/482...
Validation: 421/482...
Validation: 422/482...
Validation: 423/482...
Validation: 424/482...
Validation: 425/482...
Validation: 426/482...
Validation: 427/482...
Validation: 428/482...
Validation: 429/482...
Validation: 430/482...
Validation: 431/482...
Validation: 432/482...
Validation: 433/482...
Validation: 434/482...
Validation: 435/482...
Validation: 436/482...
Validation: 437/482...
Validation: 438/482...
Validation: 439/482...
Validation: 440/482...
Validation: 441/482...
Validation: 442/482...
Validation: 443/482...
Validation: 444/482...
Validation: 445/482...
Validation: 446/482...
Validation: 447/482...
Validation: 448/482...
Validation: 449/482...
Validation: 450/482...
Validation: 451/482...
Validation: 452/482...
Validation: 453/482...
Validation: 454/482...
Validation: 455/482...
Validation: 456/482...
Validation: 457/482...
Validation: 458/482...
Validation: 459/482...
Validation: 460/482...
Validation: 461/482...
Validation: 462/482...
Validation: 463/482...
Validation: 464/482...
Validation: 465/482...
Validation: 466/482...
Validation: 467/482...
Validation: 468/482...
Validation: 469/482...
Validation: 470/482...
Validation: 471/482...
Validation: 472/482...
Validation: 473/482...
Validation: 474/482...
Validation: 475/482...
Validation: 476/482...
Validation: 477/482...
Validation: 478/482...
Validation: 479/482...
Validation: 480/482...
Validation: 481/482...
Validation: 482/482...
Validation Metric: PSNR=12.67, LPIPS=0.7809...
====================================================================================================
2026-07-13 06:58:55,930 [INFO] Entrenamiento completado. Checkpoints en: models\resshift_finetuned\resshift_fold_2_s15_lr5e5
2026-07-13 06:59:03,869 [INFO] ============================================================
2026-07-13 06:59:04,108 [INFO] ENTRENAMIENTO/FINETUNE — ResShift
2026-07-13 06:59:04,108 [INFO] ============================================================
2026-07-13 06:59:04,281 [INFO]   hr_dir: data\sr_kfold\fold_3\train\hr
2026-07-13 06:59:04,281 [INFO]   lr_dir: data\sr_kfold\fold_3\train\lr
2026-07-13 06:59:04,281 [INFO]   val_hr_dir: data\sr_kfold\fold_3\val\hr
2026-07-13 06:59:04,281 [INFO]   val_lr_dir: data\sr_kfold\fold_3\val\lr
2026-07-13 06:59:04,281 [INFO]   scale: 4
2026-07-13 06:59:04,281 [INFO]   config: ResShift\configs\realsr_swinunet_realesrgan256.yaml
2026-07-13 06:59:04,281 [INFO]   pretrained_ckpt: None
2026-07-13 06:59:04,281 [INFO]   iterations: 20000
2026-07-13 06:59:04,281 [INFO]   batch_size: 2
2026-07-13 06:59:04,281 [INFO]   lr: 5e-05
2026-07-13 06:59:04,281 [INFO]   save_freq: 2000
2026-07-13 06:59:04,281 [INFO]   val_freq: 2000
2026-07-13 06:59:04,282 [INFO]   resume_from: None
2026-07-13 06:59:04,282 [INFO]   tune_decoder: False
2026-07-13 06:59:04,282 [INFO]   lora_tune_decoder: False
2026-07-13 06:59:04,282 [INFO]   ema_rate: None
2026-07-13 06:59:04,282 [INFO]   augment: True
2026-07-13 06:59:04,282 [INFO]   num_workers: 2
2026-07-13 06:59:04,282 [INFO]   grad_accum_steps: 2
2026-07-13 06:59:04,282 [INFO]   output_dir: models\resshift_finetuned
2026-07-13 06:59:04,282 [INFO]   seed: 42
2026-07-13 06:59:04,282 [INFO]   exp_name: resshift_fold_3_s15_lr5e5
2026-07-13 06:59:04,282 [INFO]   log_level: INFO
2026-07-13 06:59:04,282 [INFO] ============================================================
2026-07-13 06:59:04,387 [INFO] Config base: ResShift\configs\realsr_swinunet_realesrgan256.yaml
2026-07-13 06:59:09,333 [INFO] YAML de finetune generado en: models\resshift_finetuned\resshift_fold_3_s15_lr5e5\finetune_config.yaml
2026-07-13 06:59:09,334 [INFO] Cargando configuración desde: models\resshift_finetuned\resshift_fold_3_s15_lr5e5\finetune_config.yaml
2026-07-13 06:59:09,377 [INFO] Inicializando trainer...
2026-07-13 06:59:12,834 [INFO] Iniciando entrenamiento por 20000 iteraciones...
trainer:
  target: custom_trainer.TrainerDifIRFixedVal
model:
  target: models.unet.UNetModelSwin
  ckpt_path: null
  params:
    image_size: 64
    in_channels: 3
    model_channels: 160
    out_channels: 3
    attention_resolutions:
    - 64
    - 32
    - 16
    - 8
    dropout: 0
    channel_mult:
    - 1
    - 2
    - 2
    - 4
    num_res_blocks:
    - 2
    - 2
    - 2
    - 2
    conv_resample: true
    dims: 2
    use_fp16: false
    num_head_channels: 32
    use_scale_shift_norm: true
    resblock_updown: false
    swin_depth: 2
    swin_embed_dim: 192
    window_size: 8
    mlp_ratio: 4
    cond_lq: true
    lq_size: 64
diffusion:
  target: models.script_util.create_gaussian_diffusion
  params:
    sf: 4
    schedule_name: exponential
    schedule_kwargs:
      power: 0.3
    etas_end: 0.99
    steps: 15
    min_noise_level: 0.04
    kappa: 2.0
    weighted_mse: false
    predict_type: xstart
    timestep_respacing: null
    scale_factor: 1.0
    normalize_input: true
    latent_flag: true
autoencoder:
  target: ldm.models.autoencoder.VQModelTorch
  ckpt_path: C:\TFM\ResShift\weights\autoencoder_vq_f4.pth
  use_fp16: true
  params:
    embed_dim: 3
    n_embed: 8192
    ddconfig:
      double_z: false
      z_channels: 3
      resolution: 256
      in_channels: 3
      out_ch: 3
      ch: 128
      ch_mult:
      - 1
      - 2
      - 4
      num_res_blocks: 2
      attn_resolutions: []
      dropout: 0.0
      padding_mode: zeros
    lora_tune_decoder: false
  tune_decoder: false
degradation:
  sf: 4
  resize_prob:
  - 0.2
  - 0.7
  - 0.1
  resize_range:
  - 0.15
  - 1.5
  gaussian_noise_prob: 0.5
  noise_range:
  - 1
  - 30
  poisson_scale_range:
  - 0.05
  - 3.0
  gray_noise_prob: 0.4
  jpeg_range:
  - 30
  - 95
  second_order_prob: 0.5
  second_blur_prob: 0.8
  resize_prob2:
  - 0.3
  - 0.4
  - 0.3
  resize_range2:
  - 0.3
  - 1.2
  gaussian_noise_prob2: 0.5
  noise_range2:
  - 1
  - 25
  poisson_scale_range2:
  - 0.05
  - 2.5
  gray_noise_prob2: 0.4
  jpeg_range2:
  - 30
  - 95
  gt_size: 256
  resize_back: false
  use_sharp: false
data:
  train:
    type: realesrgan
    params:
      dir_paths:
      - C:\TFM\data\sr_kfold\fold_3\train\hr
      txt_file_path: []
      im_exts:
      - JPG
      - jpg
      - png
      - PNG
      - jpeg
      io_backend:
        type: disk
      blur_kernel_size: 21
      kernel_list:
      - iso
      - aniso
      - generalized_iso
      - generalized_aniso
      - plateau_iso
      - plateau_aniso
      kernel_prob:
      - 0.45
      - 0.25
      - 0.12
      - 0.03
      - 0.12
      - 0.03
      sinc_prob: 0.1
      blur_sigma:
      - 0.2
      - 3.0
      betag_range:
      - 0.5
      - 4.0
      betap_range:
      - 1
      - 2.0
      blur_kernel_size2: 15
      kernel_list2:
      - iso
      - aniso
      - generalized_iso
      - generalized_aniso
      - plateau_iso
      - plateau_aniso
      kernel_prob2:
      - 0.45
      - 0.25
      - 0.12
      - 0.03
      - 0.12
      - 0.03
      sinc_prob2: 0.1
      blur_sigma2:
      - 0.2
      - 1.5
      betag_range2:
      - 0.5
      - 4.0
      betap_range2:
      - 1
      - 2.0
      final_sinc_prob: 0.8
      gt_size: 256
      crop_pad_size: 300
      use_hflip: true
      use_rot: true
      rescale_gt: true
  val:
    type: base
    params:
      dir_path: C:\TFM\data\sr_kfold\fold_3\val\hr
      im_exts: png
      transform_type: default
      transform_kwargs:
        mean: 0.5
        std: 0.5
      extra_dir_path: C:\TFM\data\sr_kfold\fold_3\val\lr
      extra_transform_type: default
      extra_transform_kwargs:
        mean: 0.5
        std: 0.5
      recursive: false
train:
  lr: 5.0e-05
  lr_min: 2.0e-05
  lr_schedule: null
  warmup_iterations: 5000
  batch:
  - 4
  - 1
  microbatch: 2
  num_workers: 2
  prefetch_factor: 2
  weight_decay: 0
  ema_rate: 0.999
  iterations: 20000
  save_freq: 2000
  log_freq:
  - 200
  - 400
  - 1
  local_logging: true
  tf_logging: false
  use_ema_val: true
  val_freq: 2000
  val_y_channel: true
  val_resolution: ${model.params.lq_size}
  val_padding_mode: constant
  use_amp: true
  seed: 42
  global_seeding: false
  compile:
    flag: false
    mode: reduce-overhead
save_dir: C:\TFM\models\resshift_finetuned\resshift_fold_3_s15_lr5e5
resume: ''

E:\Anaconda\envs\resshift\lib\site-packages\timm\models\layers\__init__.py:49: FutureWarning: Importing from timm.models.layers is deprecated, please import via timm.layers
  warnings.warn(f"Importing from {__name__} is deprecated, please import via timm.layers", FutureWarning)
2026-07-13 06:59:15,802 [WARNING] A matching Triton is not available, some optimizations will not be enabled
Traceback (most recent call last):
  File "E:\Anaconda\envs\resshift\lib\site-packages\xformers\__init__.py", line 57, in _is_triton_available
    import triton  # noqa
ModuleNotFoundError: No module named 'triton'
E:\Anaconda\envs\resshift\lib\site-packages\torch\functional.py:554: UserWarning: torch.meshgrid: in an upcoming release, it will be required to pass the indexing argument. (Triggered internally at C:\actions-runner\_work\pytorch\pytorch\pytorch\aten\src\ATen\native\TensorShape.cpp:4316.)
  return _VF.meshgrid(tensors, **kwargs)  # type: ignore[attr-defined]
Number of parameters: 118.59M
Restoring autoencoder from C:\TFM\ResShift\weights\autoencoder_vq_f4.pth
building MemoryEfficientAttnBlock with 512 in_channels...
Working with z of shape (1, 3, 64, 64) = 12288 dimensions.
building MemoryEfficientAttnBlock with 512 in_channels...
Loading autoencoder from C:\TFM\ResShift\weights\autoencoder_vq_f4.pth...
Loaded Done
Loading LIIPS Metric: vgg...
E:\Anaconda\envs\resshift\lib\site-packages\torchvision\models\_utils.py:208: UserWarning: The parameter 'pretrained' is deprecated since 0.13 and may be removed in the future, please use 'weights' instead.
  warnings.warn(
E:\Anaconda\envs\resshift\lib\site-packages\torchvision\models\_utils.py:223: UserWarning: Arguments other than a weight enum or `None` for 'weights' are deprecated since 0.13 and may be removed in the future. The current behavior is equivalent to passing `weights=VGG16_Weights.IMAGENET1K_V1`. You can also use `weights=VGG16_Weights.DEFAULT` to get the most up-to-date weights.
  warnings.warn(msg)
C:\TFM\ResShift\trainer.py:200: FutureWarning: `torch.cuda.amp.GradScaler(args...)` is deprecated. Please use `torch.amp.GradScaler('cuda', args...)` instead.
  self.amp_scaler = amp.GradScaler() if self.configs.train.use_amp else None
Setting up [LPIPS] perceptual loss: trunk [vgg], v[0.1], spatial [off]
Loading model from: E:\Anaconda\envs\resshift\lib\site-packages\lpips\weights\v0.1\vgg.pth
Number of images in train data set: 3856
Number of images in val data set: 482
C:\TFM\ResShift\trainer.py:731: FutureWarning: `torch.cuda.amp.autocast(args...)` is deprecated. Please use `torch.amp.autocast('cuda', args...)` instead.
  with context():
Train: 000200/020000, Loss/MSE: t(1):6.4e-01/6.4e-01, t(8):7.0e-01/7.0e-01, t(15):8.1e-01/8.1e-01, lr:1.99e-06
Train: 000400/020000, Loss/MSE: t(1):2.4e-01/2.4e-01, t(8):3.9e-01/3.9e-01, t(15):6.4e-01/6.4e-01, lr:3.99e-06
Train: 000600/020000, Loss/MSE: t(1):9.8e-02/9.8e-02, t(8):3.2e-01/3.2e-01, t(15):5.6e-01/5.6e-01, lr:5.99e-06
Train: 000800/020000, Loss/MSE: t(1):6.1e-02/6.1e-02, t(8):2.9e-01/2.9e-01, t(15):4.8e-01/4.8e-01, lr:7.99e-06
Train: 001000/020000, Loss/MSE: t(1):3.9e-02/3.9e-02, t(8):2.7e-01/2.7e-01, t(15):4.2e-01/4.2e-01, lr:9.99e-06
Train: 001200/020000, Loss/MSE: t(1):3.1e-02/3.1e-02, t(8):2.7e-01/2.7e-01, t(15):4.4e-01/4.4e-01, lr:1.20e-05
Train: 001400/020000, Loss/MSE: t(1):3.1e-02/3.1e-02, t(8):2.6e-01/2.6e-01, t(15):4.2e-01/4.2e-01, lr:1.40e-05
Train: 001600/020000, Loss/MSE: t(1):2.1e-02/2.1e-02, t(8):2.7e-01/2.7e-01, t(15):4.0e-01/4.0e-01, lr:1.60e-05
Train: 001800/020000, Loss/MSE: t(1):1.8e-02/1.8e-02, t(8):2.6e-01/2.6e-01, t(15):4.1e-01/4.1e-01, lr:1.80e-05
Train: 002000/020000, Loss/MSE: t(1):1.6e-02/1.6e-02, t(8):2.6e-01/2.6e-01, t(15):3.9e-01/3.9e-01, lr:2.00e-05
Elapsed time: 1346.50s
====================================================================================================
Validation: 01/482...
Validation: 02/482...
Validation: 03/482...
Validation: 04/482...
Validation: 05/482...
Validation: 06/482...
Validation: 07/482...
Validation: 08/482...
Validation: 09/482...
Validation: 10/482...
Validation: 11/482...
Validation: 12/482...
Validation: 13/482...
Validation: 14/482...
Validation: 15/482...
Validation: 16/482...
Validation: 17/482...
Validation: 18/482...
Validation: 19/482...
Validation: 20/482...
Validation: 21/482...
Validation: 22/482...
Validation: 23/482...
Validation: 24/482...
Validation: 25/482...
Validation: 26/482...
Validation: 27/482...
Validation: 28/482...
Validation: 29/482...
Validation: 30/482...
Validation: 31/482...
Validation: 32/482...
Validation: 33/482...
Validation: 34/482...
Validation: 35/482...
Validation: 36/482...
Validation: 37/482...
Validation: 38/482...
Validation: 39/482...
Validation: 40/482...
Validation: 41/482...
Validation: 42/482...
Validation: 43/482...
Validation: 44/482...
Validation: 45/482...
Validation: 46/482...
Validation: 47/482...
Validation: 48/482...
Validation: 49/482...
Validation: 50/482...
Validation: 51/482...
Validation: 52/482...
Validation: 53/482...
Validation: 54/482...
Validation: 55/482...
Validation: 56/482...
Validation: 57/482...
Validation: 58/482...
Validation: 59/482...
Validation: 60/482...
Validation: 61/482...
Validation: 62/482...
Validation: 63/482...
Validation: 64/482...
Validation: 65/482...
Validation: 66/482...
Validation: 67/482...
Validation: 68/482...
Validation: 69/482...
Validation: 70/482...
Validation: 71/482...
Validation: 72/482...
Validation: 73/482...
Validation: 74/482...
Validation: 75/482...
Validation: 76/482...
Validation: 77/482...
Validation: 78/482...
Validation: 79/482...
Validation: 80/482...
Validation: 81/482...
Validation: 82/482...
Validation: 83/482...
Validation: 84/482...
Validation: 85/482...
Validation: 86/482...
Validation: 87/482...
Validation: 88/482...
Validation: 89/482...
Validation: 90/482...
Validation: 91/482...
Validation: 92/482...
Validation: 93/482...
Validation: 94/482...
Validation: 95/482...
Validation: 96/482...
Validation: 97/482...
Validation: 98/482...
Validation: 99/482...
Validation: 100/482...
Validation: 101/482...
Validation: 102/482...
Validation: 103/482...
Validation: 104/482...
Validation: 105/482...
Validation: 106/482...
Validation: 107/482...
Validation: 108/482...
Validation: 109/482...
Validation: 110/482...
Validation: 111/482...
Validation: 112/482...
Validation: 113/482...
Validation: 114/482...
Validation: 115/482...
Validation: 116/482...
Validation: 117/482...
Validation: 118/482...
Validation: 119/482...
Validation: 120/482...
Validation: 121/482...
Validation: 122/482...
Validation: 123/482...
Validation: 124/482...
Validation: 125/482...
Validation: 126/482...
Validation: 127/482...
Validation: 128/482...
Validation: 129/482...
Validation: 130/482...
Validation: 131/482...
Validation: 132/482...
Validation: 133/482...
Validation: 134/482...
Validation: 135/482...
Validation: 136/482...
Validation: 137/482...
Validation: 138/482...
Validation: 139/482...
Validation: 140/482...
Validation: 141/482...
Validation: 142/482...
Validation: 143/482...
Validation: 144/482...
Validation: 145/482...
Validation: 146/482...
Validation: 147/482...
Validation: 148/482...
Validation: 149/482...
Validation: 150/482...
Validation: 151/482...
Validation: 152/482...
Validation: 153/482...
Validation: 154/482...
Validation: 155/482...
Validation: 156/482...
Validation: 157/482...
Validation: 158/482...
Validation: 159/482...
Validation: 160/482...
Validation: 161/482...
Validation: 162/482...
Validation: 163/482...
Validation: 164/482...
Validation: 165/482...
Validation: 166/482...
Validation: 167/482...
Validation: 168/482...
Validation: 169/482...
Validation: 170/482...
Validation: 171/482...
Validation: 172/482...
Validation: 173/482...
Validation: 174/482...
Validation: 175/482...
Validation: 176/482...
Validation: 177/482...
Validation: 178/482...
Validation: 179/482...
Validation: 180/482...
Validation: 181/482...
Validation: 182/482...
Validation: 183/482...
Validation: 184/482...
Validation: 185/482...
Validation: 186/482...
Validation: 187/482...
Validation: 188/482...
Validation: 189/482...
Validation: 190/482...
Validation: 191/482...
Validation: 192/482...
Validation: 193/482...
Validation: 194/482...
Validation: 195/482...
Validation: 196/482...
Validation: 197/482...
Validation: 198/482...
Validation: 199/482...
Validation: 200/482...
Validation: 201/482...
Validation: 202/482...
Validation: 203/482...
Validation: 204/482...
Validation: 205/482...
Validation: 206/482...
Validation: 207/482...
Validation: 208/482...
Validation: 209/482...
Validation: 210/482...
Validation: 211/482...
Validation: 212/482...
Validation: 213/482...
Validation: 214/482...
Validation: 215/482...
Validation: 216/482...
Validation: 217/482...
Validation: 218/482...
Validation: 219/482...
Validation: 220/482...
Validation: 221/482...
Validation: 222/482...
Validation: 223/482...
Validation: 224/482...
Validation: 225/482...
Validation: 226/482...
Validation: 227/482...
Validation: 228/482...
Validation: 229/482...
Validation: 230/482...
Validation: 231/482...
Validation: 232/482...
Validation: 233/482...
Validation: 234/482...
Validation: 235/482...
Validation: 236/482...
Validation: 237/482...
Validation: 238/482...
Validation: 239/482...
Validation: 240/482...
Validation: 241/482...
Validation: 242/482...
Validation: 243/482...
Validation: 244/482...
Validation: 245/482...
Validation: 246/482...
Validation: 247/482...
Validation: 248/482...
Validation: 249/482...
Validation: 250/482...
Validation: 251/482...
Validation: 252/482...
Validation: 253/482...
Validation: 254/482...
Validation: 255/482...
Validation: 256/482...
Validation: 257/482...
Validation: 258/482...
Validation: 259/482...
Validation: 260/482...
Validation: 261/482...
Validation: 262/482...
Validation: 263/482...
Validation: 264/482...
Validation: 265/482...
Validation: 266/482...
Validation: 267/482...
Validation: 268/482...
Validation: 269/482...
Validation: 270/482...
Validation: 271/482...
Validation: 272/482...
Validation: 273/482...
Validation: 274/482...
Validation: 275/482...
Validation: 276/482...
Validation: 277/482...
Validation: 278/482...
Validation: 279/482...
Validation: 280/482...
Validation: 281/482...
Validation: 282/482...
Validation: 283/482...
Validation: 284/482...
Validation: 285/482...
Validation: 286/482...
Validation: 287/482...
Validation: 288/482...
Validation: 289/482...
Validation: 290/482...
Validation: 291/482...
Validation: 292/482...
Validation: 293/482...
Validation: 294/482...
Validation: 295/482...
Validation: 296/482...
Validation: 297/482...
Validation: 298/482...
Validation: 299/482...
Validation: 300/482...
Validation: 301/482...
Validation: 302/482...
Validation: 303/482...
Validation: 304/482...
Validation: 305/482...
Validation: 306/482...
Validation: 307/482...
Validation: 308/482...
Validation: 309/482...
Validation: 310/482...
Validation: 311/482...
Validation: 312/482...
Validation: 313/482...
Validation: 314/482...
Validation: 315/482...
Validation: 316/482...
Validation: 317/482...
Validation: 318/482...
Validation: 319/482...
Validation: 320/482...
Validation: 321/482...
Validation: 322/482...
Validation: 323/482...
Validation: 324/482...
Validation: 325/482...
Validation: 326/482...
Validation: 327/482...
Validation: 328/482...
Validation: 329/482...
Validation: 330/482...
Validation: 331/482...
Validation: 332/482...
Validation: 333/482...
Validation: 334/482...
Validation: 335/482...
Validation: 336/482...
Validation: 337/482...
Validation: 338/482...
Validation: 339/482...
Validation: 340/482...
Validation: 341/482...
Validation: 342/482...
Validation: 343/482...
Validation: 344/482...
Validation: 345/482...
Validation: 346/482...
Validation: 347/482...
Validation: 348/482...
Validation: 349/482...
Validation: 350/482...
Validation: 351/482...
Validation: 352/482...
Validation: 353/482...
Validation: 354/482...
Validation: 355/482...
Validation: 356/482...
Validation: 357/482...
Validation: 358/482...
Validation: 359/482...
Validation: 360/482...
Validation: 361/482...
Validation: 362/482...
Validation: 363/482...
Validation: 364/482...
Validation: 365/482...
Validation: 366/482...
Validation: 367/482...
Validation: 368/482...
Validation: 369/482...
Validation: 370/482...
Validation: 371/482...
Validation: 372/482...
Validation: 373/482...
Validation: 374/482...
Validation: 375/482...
Validation: 376/482...
Validation: 377/482...
Validation: 378/482...
Validation: 379/482...
Validation: 380/482...
Validation: 381/482...
Validation: 382/482...
Validation: 383/482...
Validation: 384/482...
Validation: 385/482...
Validation: 386/482...
Validation: 387/482...
Validation: 388/482...
Validation: 389/482...
Validation: 390/482...
Validation: 391/482...
Validation: 392/482...
Validation: 393/482...
Validation: 394/482...
Validation: 395/482...
Validation: 396/482...
Validation: 397/482...
Validation: 398/482...
Validation: 399/482...
Validation: 400/482...
Validation: 401/482...
Validation: 402/482...
Validation: 403/482...
Validation: 404/482...
Validation: 405/482...
Validation: 406/482...
Validation: 407/482...
Validation: 408/482...
Validation: 409/482...
Validation: 410/482...
Validation: 411/482...
Validation: 412/482...
Validation: 413/482...
Validation: 414/482...
Validation: 415/482...
Validation: 416/482...
Validation: 417/482...
Validation: 418/482...
Validation: 419/482...
Validation: 420/482...
Validation: 421/482...
Validation: 422/482...
Validation: 423/482...
Validation: 424/482...
Validation: 425/482...
Validation: 426/482...
Validation: 427/482...
Validation: 428/482...
Validation: 429/482...
Validation: 430/482...
Validation: 431/482...
Validation: 432/482...
Validation: 433/482...
Validation: 434/482...
Validation: 435/482...
Validation: 436/482...
Validation: 437/482...
Validation: 438/482...
Validation: 439/482...
Validation: 440/482...
Validation: 441/482...
Validation: 442/482...
Validation: 443/482...
Validation: 444/482...
Validation: 445/482...
Validation: 446/482...
Validation: 447/482...
Validation: 448/482...
Validation: 449/482...
Validation: 450/482...
Validation: 451/482...
Validation: 452/482...
Validation: 453/482...
Validation: 454/482...
Validation: 455/482...
Validation: 456/482...
Validation: 457/482...
Validation: 458/482...
Validation: 459/482...
Validation: 460/482...
Validation: 461/482...
Validation: 462/482...
Validation: 463/482...
Validation: 464/482...
Validation: 465/482...
Validation: 466/482...
Validation: 467/482...
Validation: 468/482...
Validation: 469/482...
Validation: 470/482...
Validation: 471/482...
Validation: 472/482...
Validation: 473/482...
Validation: 474/482...
Validation: 475/482...
Validation: 476/482...
Validation: 477/482...
Validation: 478/482...
Validation: 479/482...
Validation: 480/482...
Validation: 481/482...
Validation: 482/482...
Validation Metric: PSNR=11.81, LPIPS=0.7526...
====================================================================================================
Train: 002200/020000, Loss/MSE: t(1):1.6e-02/1.6e-02, t(8):2.5e-01/2.5e-01, t(15):4.0e-01/4.0e-01, lr:2.20e-05
Train: 002400/020000, Loss/MSE: t(1):1.6e-02/1.6e-02, t(8):2.5e-01/2.5e-01, t(15):3.6e-01/3.6e-01, lr:2.40e-05
Train: 002600/020000, Loss/MSE: t(1):1.4e-02/1.4e-02, t(8):2.5e-01/2.5e-01, t(15):4.0e-01/4.0e-01, lr:2.60e-05
Train: 002800/020000, Loss/MSE: t(1):1.4e-02/1.4e-02, t(8):2.5e-01/2.5e-01, t(15):3.8e-01/3.8e-01, lr:2.80e-05
Train: 003000/020000, Loss/MSE: t(1):1.4e-02/1.4e-02, t(8):2.4e-01/2.4e-01, t(15):3.8e-01/3.8e-01, lr:3.00e-05
Train: 003200/020000, Loss/MSE: t(1):1.2e-02/1.2e-02, t(8):2.4e-01/2.4e-01, t(15):3.7e-01/3.7e-01, lr:3.20e-05
Train: 003400/020000, Loss/MSE: t(1):1.3e-02/1.3e-02, t(8):2.5e-01/2.5e-01, t(15):4.1e-01/4.1e-01, lr:3.40e-05
Train: 003600/020000, Loss/MSE: t(1):1.2e-02/1.2e-02, t(8):2.4e-01/2.4e-01, t(15):3.6e-01/3.6e-01, lr:3.60e-05
Train: 003800/020000, Loss/MSE: t(1):1.2e-02/1.2e-02, t(8):2.5e-01/2.5e-01, t(15):3.8e-01/3.8e-01, lr:3.80e-05
Train: 004000/020000, Loss/MSE: t(1):1.2e-02/1.2e-02, t(8):2.4e-01/2.4e-01, t(15):4.0e-01/4.0e-01, lr:4.00e-05
Elapsed time: 1343.84s
====================================================================================================
Validation: 01/482...
Validation: 02/482...
Validation: 03/482...
Validation: 04/482...
Validation: 05/482...
Validation: 06/482...
Validation: 07/482...
Validation: 08/482...
Validation: 09/482...
Validation: 10/482...
Validation: 11/482...
Validation: 12/482...
Validation: 13/482...
Validation: 14/482...
Validation: 15/482...
Validation: 16/482...
Validation: 17/482...
Validation: 18/482...
Validation: 19/482...
Validation: 20/482...
Validation: 21/482...
Validation: 22/482...
Validation: 23/482...
Validation: 24/482...
Validation: 25/482...
Validation: 26/482...
Validation: 27/482...
Validation: 28/482...
Validation: 29/482...
Validation: 30/482...
Validation: 31/482...
Validation: 32/482...
Validation: 33/482...
Validation: 34/482...
Validation: 35/482...
Validation: 36/482...
Validation: 37/482...
Validation: 38/482...
Validation: 39/482...
Validation: 40/482...
Validation: 41/482...
Validation: 42/482...
Validation: 43/482...
Validation: 44/482...
Validation: 45/482...
Validation: 46/482...
Validation: 47/482...
Validation: 48/482...
Validation: 49/482...
Validation: 50/482...
Validation: 51/482...
Validation: 52/482...
Validation: 53/482...
Validation: 54/482...
Validation: 55/482...
Validation: 56/482...
Validation: 57/482...
Validation: 58/482...
Validation: 59/482...
Validation: 60/482...
Validation: 61/482...
Validation: 62/482...
Validation: 63/482...
Validation: 64/482...
Validation: 65/482...
Validation: 66/482...
Validation: 67/482...
Validation: 68/482...
Validation: 69/482...
Validation: 70/482...
Validation: 71/482...
Validation: 72/482...
Validation: 73/482...
Validation: 74/482...
Validation: 75/482...
Validation: 76/482...
Validation: 77/482...
Validation: 78/482...
Validation: 79/482...
Validation: 80/482...
Validation: 81/482...
Validation: 82/482...
Validation: 83/482...
Validation: 84/482...
Validation: 85/482...
Validation: 86/482...
Validation: 87/482...
Validation: 88/482...
Validation: 89/482...
Validation: 90/482...
Validation: 91/482...
Validation: 92/482...
Validation: 93/482...
Validation: 94/482...
Validation: 95/482...
Validation: 96/482...
Validation: 97/482...
Validation: 98/482...
Validation: 99/482...
Validation: 100/482...
Validation: 101/482...
Validation: 102/482...
Validation: 103/482...
Validation: 104/482...
Validation: 105/482...
Validation: 106/482...
Validation: 107/482...
Validation: 108/482...
Validation: 109/482...
Validation: 110/482...
Validation: 111/482...
Validation: 112/482...
Validation: 113/482...
Validation: 114/482...
Validation: 115/482...
Validation: 116/482...
Validation: 117/482...
Validation: 118/482...
Validation: 119/482...
Validation: 120/482...
Validation: 121/482...
Validation: 122/482...
Validation: 123/482...
Validation: 124/482...
Validation: 125/482...
Validation: 126/482...
Validation: 127/482...
Validation: 128/482...
Validation: 129/482...
Validation: 130/482...
Validation: 131/482...
Validation: 132/482...
Validation: 133/482...
Validation: 134/482...
Validation: 135/482...
Validation: 136/482...
Validation: 137/482...
Validation: 138/482...
Validation: 139/482...
Validation: 140/482...
Validation: 141/482...
Validation: 142/482...
Validation: 143/482...
Validation: 144/482...
Validation: 145/482...
Validation: 146/482...
Validation: 147/482...
Validation: 148/482...
Validation: 149/482...
Validation: 150/482...
Validation: 151/482...
Validation: 152/482...
Validation: 153/482...
Validation: 154/482...
Validation: 155/482...
Validation: 156/482...
Validation: 157/482...
Validation: 158/482...
Validation: 159/482...
Validation: 160/482...
Validation: 161/482...
Validation: 162/482...
Validation: 163/482...
Validation: 164/482...
Validation: 165/482...
Validation: 166/482...
Validation: 167/482...
Validation: 168/482...
Validation: 169/482...
Validation: 170/482...
Validation: 171/482...
Validation: 172/482...
Validation: 173/482...
Validation: 174/482...
Validation: 175/482...
Validation: 176/482...
Validation: 177/482...
Validation: 178/482...
Validation: 179/482...
Validation: 180/482...
Validation: 181/482...
Validation: 182/482...
Validation: 183/482...
Validation: 184/482...
Validation: 185/482...
Validation: 186/482...
Validation: 187/482...
Validation: 188/482...
Validation: 189/482...
Validation: 190/482...
Validation: 191/482...
Validation: 192/482...
Validation: 193/482...
Validation: 194/482...
Validation: 195/482...
Validation: 196/482...
Validation: 197/482...
Validation: 198/482...
Validation: 199/482...
Validation: 200/482...
Validation: 201/482...
Validation: 202/482...
Validation: 203/482...
Validation: 204/482...
Validation: 205/482...
Validation: 206/482...
Validation: 207/482...
Validation: 208/482...
Validation: 209/482...
Validation: 210/482...
Validation: 211/482...
Validation: 212/482...
Validation: 213/482...
Validation: 214/482...
Validation: 215/482...
Validation: 216/482...
Validation: 217/482...
Validation: 218/482...
Validation: 219/482...
Validation: 220/482...
Validation: 221/482...
Validation: 222/482...
Validation: 223/482...
Validation: 224/482...
Validation: 225/482...
Validation: 226/482...
Validation: 227/482...
Validation: 228/482...
Validation: 229/482...
Validation: 230/482...
Validation: 231/482...
Validation: 232/482...
Validation: 233/482...
Validation: 234/482...
Validation: 235/482...
Validation: 236/482...
Validation: 237/482...
Validation: 238/482...
Validation: 239/482...
Validation: 240/482...
Validation: 241/482...
Validation: 242/482...
Validation: 243/482...
Validation: 244/482...
Validation: 245/482...
Validation: 246/482...
Validation: 247/482...
Validation: 248/482...
Validation: 249/482...
Validation: 250/482...
Validation: 251/482...
Validation: 252/482...
Validation: 253/482...
Validation: 254/482...
Validation: 255/482...
Validation: 256/482...
Validation: 257/482...
Validation: 258/482...
Validation: 259/482...
Validation: 260/482...
Validation: 261/482...
Validation: 262/482...
Validation: 263/482...
Validation: 264/482...
Validation: 265/482...
Validation: 266/482...
Validation: 267/482...
Validation: 268/482...
Validation: 269/482...
Validation: 270/482...
Validation: 271/482...
Validation: 272/482...
Validation: 273/482...
Validation: 274/482...
Validation: 275/482...
Validation: 276/482...
Validation: 277/482...
Validation: 278/482...
Validation: 279/482...
Validation: 280/482...
Validation: 281/482...
Validation: 282/482...
Validation: 283/482...
Validation: 284/482...
Validation: 285/482...
Validation: 286/482...
Validation: 287/482...
Validation: 288/482...
Validation: 289/482...
Validation: 290/482...
Validation: 291/482...
Validation: 292/482...
Validation: 293/482...
Validation: 294/482...
Validation: 295/482...
Validation: 296/482...
Validation: 297/482...
Validation: 298/482...
Validation: 299/482...
Validation: 300/482...
Validation: 301/482...
Validation: 302/482...
Validation: 303/482...
Validation: 304/482...
Validation: 305/482...
Validation: 306/482...
Validation: 307/482...
Validation: 308/482...
Validation: 309/482...
Validation: 310/482...
Validation: 311/482...
Validation: 312/482...
Validation: 313/482...
Validation: 314/482...
Validation: 315/482...
Validation: 316/482...
Validation: 317/482...
Validation: 318/482...
Validation: 319/482...
Validation: 320/482...
Validation: 321/482...
Validation: 322/482...
Validation: 323/482...
Validation: 324/482...
Validation: 325/482...
Validation: 326/482...
Validation: 327/482...
Validation: 328/482...
Validation: 329/482...
Validation: 330/482...
Validation: 331/482...
Validation: 332/482...
Validation: 333/482...
Validation: 334/482...
Validation: 335/482...
Validation: 336/482...
Validation: 337/482...
Validation: 338/482...
Validation: 339/482...
Validation: 340/482...
Validation: 341/482...
Validation: 342/482...
Validation: 343/482...
Validation: 344/482...
Validation: 345/482...
Validation: 346/482...
Validation: 347/482...
Validation: 348/482...
Validation: 349/482...
Validation: 350/482...
Validation: 351/482...
Validation: 352/482...
Validation: 353/482...
Validation: 354/482...
Validation: 355/482...
Validation: 356/482...
Validation: 357/482...
Validation: 358/482...
Validation: 359/482...
Validation: 360/482...
Validation: 361/482...
Validation: 362/482...
Validation: 363/482...
Validation: 364/482...
Validation: 365/482...
Validation: 366/482...
Validation: 367/482...
Validation: 368/482...
Validation: 369/482...
Validation: 370/482...
Validation: 371/482...
Validation: 372/482...
Validation: 373/482...
Validation: 374/482...
Validation: 375/482...
Validation: 376/482...
Validation: 377/482...
Validation: 378/482...
Validation: 379/482...
Validation: 380/482...
Validation: 381/482...
Validation: 382/482...
Validation: 383/482...
Validation: 384/482...
Validation: 385/482...
Validation: 386/482...
Validation: 387/482...
Validation: 388/482...
Validation: 389/482...
Validation: 390/482...
Validation: 391/482...
Validation: 392/482...
Validation: 393/482...
Validation: 394/482...
Validation: 395/482...
Validation: 396/482...
Validation: 397/482...
Validation: 398/482...
Validation: 399/482...
Validation: 400/482...
Validation: 401/482...
Validation: 402/482...
Validation: 403/482...
Validation: 404/482...
Validation: 405/482...
Validation: 406/482...
Validation: 407/482...
Validation: 408/482...
Validation: 409/482...
Validation: 410/482...
Validation: 411/482...
Validation: 412/482...
Validation: 413/482...
Validation: 414/482...
Validation: 415/482...
Validation: 416/482...
Validation: 417/482...
Validation: 418/482...
Validation: 419/482...
Validation: 420/482...
Validation: 421/482...
Validation: 422/482...
Validation: 423/482...
Validation: 424/482...
Validation: 425/482...
Validation: 426/482...
Validation: 427/482...
Validation: 428/482...
Validation: 429/482...
Validation: 430/482...
Validation: 431/482...
Validation: 432/482...
Validation: 433/482...
Validation: 434/482...
Validation: 435/482...
Validation: 436/482...
Validation: 437/482...
Validation: 438/482...
Validation: 439/482...
Validation: 440/482...
Validation: 441/482...
Validation: 442/482...
Validation: 443/482...
Validation: 444/482...
Validation: 445/482...
Validation: 446/482...
Validation: 447/482...
Validation: 448/482...
Validation: 449/482...
Validation: 450/482...
Validation: 451/482...
Validation: 452/482...
Validation: 453/482...
Validation: 454/482...
Validation: 455/482...
Validation: 456/482...
Validation: 457/482...
Validation: 458/482...
Validation: 459/482...
Validation: 460/482...
Validation: 461/482...
Validation: 462/482...
Validation: 463/482...
Validation: 464/482...
Validation: 465/482...
Validation: 466/482...
Validation: 467/482...
Validation: 468/482...
Validation: 469/482...
Validation: 470/482...
Validation: 471/482...
Validation: 472/482...
Validation: 473/482...
Validation: 474/482...
Validation: 475/482...
Validation: 476/482...
Validation: 477/482...
Validation: 478/482...
Validation: 479/482...
Validation: 480/482...
Validation: 481/482...
Validation: 482/482...
Validation Metric: PSNR=12.01, LPIPS=0.7884...
====================================================================================================
Train: 004200/020000, Loss/MSE: t(1):1.0e-02/1.0e-02, t(8):2.3e-01/2.3e-01, t(15):4.2e-01/4.2e-01, lr:4.20e-05
Train: 004400/020000, Loss/MSE: t(1):1.0e-02/1.0e-02, t(8):2.3e-01/2.3e-01, t(15):3.9e-01/3.9e-01, lr:4.40e-05
Train: 004600/020000, Loss/MSE: t(1):9.5e-03/9.5e-03, t(8):2.3e-01/2.3e-01, t(15):3.5e-01/3.5e-01, lr:4.60e-05
Train: 004800/020000, Loss/MSE: t(1):1.0e-02/1.0e-02, t(8):2.3e-01/2.3e-01, t(15):3.8e-01/3.8e-01, lr:4.80e-05
Train: 005000/020000, Loss/MSE: t(1):8.2e-03/8.2e-03, t(8):2.3e-01/2.3e-01, t(15):4.1e-01/4.1e-01, lr:5.00e-05
Train: 005200/020000, Loss/MSE: t(1):8.7e-03/8.7e-03, t(8):2.3e-01/2.3e-01, t(15):3.5e-01/3.5e-01, lr:5.00e-05
Train: 005400/020000, Loss/MSE: t(1):9.2e-03/9.2e-03, t(8):2.3e-01/2.3e-01, t(15):3.7e-01/3.7e-01, lr:5.00e-05
Train: 005600/020000, Loss/MSE: t(1):8.3e-03/8.3e-03, t(8):2.2e-01/2.2e-01, t(15):3.6e-01/3.6e-01, lr:5.00e-05
Train: 005800/020000, Loss/MSE: t(1):7.6e-03/7.6e-03, t(8):2.2e-01/2.2e-01, t(15):3.6e-01/3.6e-01, lr:5.00e-05
Train: 006000/020000, Loss/MSE: t(1):7.6e-03/7.6e-03, t(8):2.2e-01/2.2e-01, t(15):4.1e-01/4.1e-01, lr:5.00e-05
Elapsed time: 1347.30s
====================================================================================================
Validation: 01/482...
Validation: 02/482...
Validation: 03/482...
Validation: 04/482...
Validation: 05/482...
Validation: 06/482...
Validation: 07/482...
Validation: 08/482...
Validation: 09/482...
Validation: 10/482...
Validation: 11/482...
Validation: 12/482...
Validation: 13/482...
Validation: 14/482...
Validation: 15/482...
Validation: 16/482...
Validation: 17/482...
Validation: 18/482...
Validation: 19/482...
Validation: 20/482...
Validation: 21/482...
Validation: 22/482...
Validation: 23/482...
Validation: 24/482...
Validation: 25/482...
Validation: 26/482...
Validation: 27/482...
Validation: 28/482...
Validation: 29/482...
Validation: 30/482...
Validation: 31/482...
Validation: 32/482...
Validation: 33/482...
Validation: 34/482...
Validation: 35/482...
Validation: 36/482...
Validation: 37/482...
Validation: 38/482...
Validation: 39/482...
Validation: 40/482...
Validation: 41/482...
Validation: 42/482...
Validation: 43/482...
Validation: 44/482...
Validation: 45/482...
Validation: 46/482...
Validation: 47/482...
Validation: 48/482...
Validation: 49/482...
Validation: 50/482...
Validation: 51/482...
Validation: 52/482...
Validation: 53/482...
Validation: 54/482...
Validation: 55/482...
Validation: 56/482...
Validation: 57/482...
Validation: 58/482...
Validation: 59/482...
Validation: 60/482...
Validation: 61/482...
Validation: 62/482...
Validation: 63/482...
Validation: 64/482...
Validation: 65/482...
Validation: 66/482...
Validation: 67/482...
Validation: 68/482...
Validation: 69/482...
Validation: 70/482...
Validation: 71/482...
Validation: 72/482...
Validation: 73/482...
Validation: 74/482...
Validation: 75/482...
Validation: 76/482...
Validation: 77/482...
Validation: 78/482...
Validation: 79/482...
Validation: 80/482...
Validation: 81/482...
Validation: 82/482...
Validation: 83/482...
Validation: 84/482...
Validation: 85/482...
Validation: 86/482...
Validation: 87/482...
Validation: 88/482...
Validation: 89/482...
Validation: 90/482...
Validation: 91/482...
Validation: 92/482...
Validation: 93/482...
Validation: 94/482...
Validation: 95/482...
Validation: 96/482...
Validation: 97/482...
Validation: 98/482...
Validation: 99/482...
Validation: 100/482...
Validation: 101/482...
Validation: 102/482...
Validation: 103/482...
Validation: 104/482...
Validation: 105/482...
Validation: 106/482...
Validation: 107/482...
Validation: 108/482...
Validation: 109/482...
Validation: 110/482...
Validation: 111/482...
Validation: 112/482...
Validation: 113/482...
Validation: 114/482...
Validation: 115/482...
Validation: 116/482...
Validation: 117/482...
Validation: 118/482...
Validation: 119/482...
Validation: 120/482...
Validation: 121/482...
Validation: 122/482...
Validation: 123/482...
Validation: 124/482...
Validation: 125/482...
Validation: 126/482...
Validation: 127/482...
Validation: 128/482...
Validation: 129/482...
Validation: 130/482...
Validation: 131/482...
Validation: 132/482...
Validation: 133/482...
Validation: 134/482...
Validation: 135/482...
Validation: 136/482...
Validation: 137/482...
Validation: 138/482...
Validation: 139/482...
Validation: 140/482...
Validation: 141/482...
Validation: 142/482...
Validation: 143/482...
Validation: 144/482...
Validation: 145/482...
Validation: 146/482...
Validation: 147/482...
Validation: 148/482...
Validation: 149/482...
Validation: 150/482...
Validation: 151/482...
Validation: 152/482...
Validation: 153/482...
Validation: 154/482...
Validation: 155/482...
Validation: 156/482...
Validation: 157/482...
Validation: 158/482...
Validation: 159/482...
Validation: 160/482...
Validation: 161/482...
Validation: 162/482...
Validation: 163/482...
Validation: 164/482...
Validation: 165/482...
Validation: 166/482...
Validation: 167/482...
Validation: 168/482...
Validation: 169/482...
Validation: 170/482...
Validation: 171/482...
Validation: 172/482...
Validation: 173/482...
Validation: 174/482...
Validation: 175/482...
Validation: 176/482...
Validation: 177/482...
Validation: 178/482...
Validation: 179/482...
Validation: 180/482...
Validation: 181/482...
Validation: 182/482...
Validation: 183/482...
Validation: 184/482...
Validation: 185/482...
Validation: 186/482...
Validation: 187/482...
Validation: 188/482...
Validation: 189/482...
Validation: 190/482...
Validation: 191/482...
Validation: 192/482...
Validation: 193/482...
Validation: 194/482...
Validation: 195/482...
Validation: 196/482...
Validation: 197/482...
Validation: 198/482...
Validation: 199/482...
Validation: 200/482...
Validation: 201/482...
Validation: 202/482...
Validation: 203/482...
Validation: 204/482...
Validation: 205/482...
Validation: 206/482...
Validation: 207/482...
Validation: 208/482...
Validation: 209/482...
Validation: 210/482...
Validation: 211/482...
Validation: 212/482...
Validation: 213/482...
Validation: 214/482...
Validation: 215/482...
Validation: 216/482...
Validation: 217/482...
Validation: 218/482...
Validation: 219/482...
Validation: 220/482...
Validation: 221/482...
Validation: 222/482...
Validation: 223/482...
Validation: 224/482...
Validation: 225/482...
Validation: 226/482...
Validation: 227/482...
Validation: 228/482...
Validation: 229/482...
Validation: 230/482...
Validation: 231/482...
Validation: 232/482...
Validation: 233/482...
Validation: 234/482...
Validation: 235/482...
Validation: 236/482...
Validation: 237/482...
Validation: 238/482...
Validation: 239/482...
Validation: 240/482...
Validation: 241/482...
Validation: 242/482...
Validation: 243/482...
Validation: 244/482...
Validation: 245/482...
Validation: 246/482...
Validation: 247/482...
Validation: 248/482...
Validation: 249/482...
Validation: 250/482...
Validation: 251/482...
Validation: 252/482...
Validation: 253/482...
Validation: 254/482...
Validation: 255/482...
Validation: 256/482...
Validation: 257/482...
Validation: 258/482...
Validation: 259/482...
Validation: 260/482...
Validation: 261/482...
Validation: 262/482...
Validation: 263/482...
Validation: 264/482...
Validation: 265/482...
Validation: 266/482...
Validation: 267/482...
Validation: 268/482...
Validation: 269/482...
Validation: 270/482...
Validation: 271/482...
Validation: 272/482...
Validation: 273/482...
Validation: 274/482...
Validation: 275/482...
Validation: 276/482...
Validation: 277/482...
Validation: 278/482...
Validation: 279/482...
Validation: 280/482...
Validation: 281/482...
Validation: 282/482...
Validation: 283/482...
Validation: 284/482...
Validation: 285/482...
Validation: 286/482...
Validation: 287/482...
Validation: 288/482...
Validation: 289/482...
Validation: 290/482...
Validation: 291/482...
Validation: 292/482...
Validation: 293/482...
Validation: 294/482...
Validation: 295/482...
Validation: 296/482...
Validation: 297/482...
Validation: 298/482...
Validation: 299/482...
Validation: 300/482...
Validation: 301/482...
Validation: 302/482...
Validation: 303/482...
Validation: 304/482...
Validation: 305/482...
Validation: 306/482...
Validation: 307/482...
Validation: 308/482...
Validation: 309/482...
Validation: 310/482...
Validation: 311/482...
Validation: 312/482...
Validation: 313/482...
Validation: 314/482...
Validation: 315/482...
Validation: 316/482...
Validation: 317/482...
Validation: 318/482...
Validation: 319/482...
Validation: 320/482...
Validation: 321/482...
Validation: 322/482...
Validation: 323/482...
Validation: 324/482...
Validation: 325/482...
Validation: 326/482...
Validation: 327/482...
Validation: 328/482...
Validation: 329/482...
Validation: 330/482...
Validation: 331/482...
Validation: 332/482...
Validation: 333/482...
Validation: 334/482...
Validation: 335/482...
Validation: 336/482...
Validation: 337/482...
Validation: 338/482...
Validation: 339/482...
Validation: 340/482...
Validation: 341/482...
Validation: 342/482...
Validation: 343/482...
Validation: 344/482...
Validation: 345/482...
Validation: 346/482...
Validation: 347/482...
Validation: 348/482...
Validation: 349/482...
Validation: 350/482...
Validation: 351/482...
Validation: 352/482...
Validation: 353/482...
Validation: 354/482...
Validation: 355/482...
Validation: 356/482...
Validation: 357/482...
Validation: 358/482...
Validation: 359/482...
Validation: 360/482...
Validation: 361/482...
Validation: 362/482...
Validation: 363/482...
Validation: 364/482...
Validation: 365/482...
Validation: 366/482...
Validation: 367/482...
Validation: 368/482...
Validation: 369/482...
Validation: 370/482...
Validation: 371/482...
Validation: 372/482...
Validation: 373/482...
Validation: 374/482...
Validation: 375/482...
Validation: 376/482...
Validation: 377/482...
Validation: 378/482...
Validation: 379/482...
Validation: 380/482...
Validation: 381/482...
Validation: 382/482...
Validation: 383/482...
Validation: 384/482...
Validation: 385/482...
Validation: 386/482...
Validation: 387/482...
Validation: 388/482...
Validation: 389/482...
Validation: 390/482...
Validation: 391/482...
Validation: 392/482...
Validation: 393/482...
Validation: 394/482...
Validation: 395/482...
Validation: 396/482...
Validation: 397/482...
Validation: 398/482...
Validation: 399/482...
Validation: 400/482...
Validation: 401/482...
Validation: 402/482...
Validation: 403/482...
Validation: 404/482...
Validation: 405/482...
Validation: 406/482...
Validation: 407/482...
Validation: 408/482...
Validation: 409/482...
Validation: 410/482...
Validation: 411/482...
Validation: 412/482...
Validation: 413/482...
Validation: 414/482...
Validation: 415/482...
Validation: 416/482...
Validation: 417/482...
Validation: 418/482...
Validation: 419/482...
Validation: 420/482...
Validation: 421/482...
Validation: 422/482...
Validation: 423/482...
Validation: 424/482...
Validation: 425/482...
Validation: 426/482...
Validation: 427/482...
Validation: 428/482...
Validation: 429/482...
Validation: 430/482...
Validation: 431/482...
Validation: 432/482...
Validation: 433/482...
Validation: 434/482...
Validation: 435/482...
Validation: 436/482...
Validation: 437/482...
Validation: 438/482...
Validation: 439/482...
Validation: 440/482...
Validation: 441/482...
Validation: 442/482...
Validation: 443/482...
Validation: 444/482...
Validation: 445/482...
Validation: 446/482...
Validation: 447/482...
Validation: 448/482...
Validation: 449/482...
Validation: 450/482...
Validation: 451/482...
Validation: 452/482...
Validation: 453/482...
Validation: 454/482...
Validation: 455/482...
Validation: 456/482...
Validation: 457/482...
Validation: 458/482...
Validation: 459/482...
Validation: 460/482...
Validation: 461/482...
Validation: 462/482...
Validation: 463/482...
Validation: 464/482...
Validation: 465/482...
Validation: 466/482...
Validation: 467/482...
Validation: 468/482...
Validation: 469/482...
Validation: 470/482...
Validation: 471/482...
Validation: 472/482...
Validation: 473/482...
Validation: 474/482...
Validation: 475/482...
Validation: 476/482...
Validation: 477/482...
Validation: 478/482...
Validation: 479/482...
Validation: 480/482...
Validation: 481/482...
Validation: 482/482...
Validation Metric: PSNR=12.38, LPIPS=0.7784...
====================================================================================================
Train: 006200/020000, Loss/MSE: t(1):7.4e-03/7.4e-03, t(8):2.1e-01/2.1e-01, t(15):3.7e-01/3.7e-01, lr:5.00e-05
Train: 006400/020000, Loss/MSE: t(1):7.0e-03/7.0e-03, t(8):2.2e-01/2.2e-01, t(15):3.5e-01/3.5e-01, lr:5.00e-05
Train: 006600/020000, Loss/MSE: t(1):7.7e-03/7.7e-03, t(8):2.2e-01/2.2e-01, t(15):3.5e-01/3.5e-01, lr:5.00e-05
Train: 006800/020000, Loss/MSE: t(1):6.6e-03/6.6e-03, t(8):2.2e-01/2.2e-01, t(15):3.5e-01/3.5e-01, lr:5.00e-05
Train: 007000/020000, Loss/MSE: t(1):8.5e-03/8.5e-03, t(8):2.2e-01/2.2e-01, t(15):3.7e-01/3.7e-01, lr:5.00e-05
Train: 007200/020000, Loss/MSE: t(1):6.5e-03/6.5e-03, t(8):2.1e-01/2.1e-01, t(15):3.6e-01/3.6e-01, lr:5.00e-05
Train: 007400/020000, Loss/MSE: t(1):8.3e-03/8.3e-03, t(8):2.2e-01/2.2e-01, t(15):3.9e-01/3.9e-01, lr:5.00e-05
Train: 007600/020000, Loss/MSE: t(1):6.0e-03/6.0e-03, t(8):2.1e-01/2.1e-01, t(15):3.6e-01/3.6e-01, lr:5.00e-05
Train: 007800/020000, Loss/MSE: t(1):6.7e-03/6.7e-03, t(8):2.0e-01/2.0e-01, t(15):3.5e-01/3.5e-01, lr:5.00e-05
Train: 008000/020000, Loss/MSE: t(1):6.7e-03/6.7e-03, t(8):2.1e-01/2.1e-01, t(15):3.5e-01/3.5e-01, lr:5.00e-05
Elapsed time: 1343.89s
====================================================================================================
Validation: 01/482...
Validation: 02/482...
Validation: 03/482...
Validation: 04/482...
Validation: 05/482...
Validation: 06/482...
Validation: 07/482...
Validation: 08/482...
Validation: 09/482...
Validation: 10/482...
Validation: 11/482...
Validation: 12/482...
Validation: 13/482...
Validation: 14/482...
Validation: 15/482...
Validation: 16/482...
Validation: 17/482...
Validation: 18/482...
Validation: 19/482...
Validation: 20/482...
Validation: 21/482...
Validation: 22/482...
Validation: 23/482...
Validation: 24/482...
Validation: 25/482...
Validation: 26/482...
Validation: 27/482...
Validation: 28/482...
Validation: 29/482...
Validation: 30/482...
Validation: 31/482...
Validation: 32/482...
Validation: 33/482...
Validation: 34/482...
Validation: 35/482...
Validation: 36/482...
Validation: 37/482...
Validation: 38/482...
Validation: 39/482...
Validation: 40/482...
Validation: 41/482...
Validation: 42/482...
Validation: 43/482...
Validation: 44/482...
Validation: 45/482...
Validation: 46/482...
Validation: 47/482...
Validation: 48/482...
Validation: 49/482...
Validation: 50/482...
Validation: 51/482...
Validation: 52/482...
Validation: 53/482...
Validation: 54/482...
Validation: 55/482...
Validation: 56/482...
Validation: 57/482...
Validation: 58/482...
Validation: 59/482...
Validation: 60/482...
Validation: 61/482...
Validation: 62/482...
Validation: 63/482...
Validation: 64/482...
Validation: 65/482...
Validation: 66/482...
Validation: 67/482...
Validation: 68/482...
Validation: 69/482...
Validation: 70/482...
Validation: 71/482...
Validation: 72/482...
Validation: 73/482...
Validation: 74/482...
Validation: 75/482...
Validation: 76/482...
Validation: 77/482...
Validation: 78/482...
Validation: 79/482...
Validation: 80/482...
Validation: 81/482...
Validation: 82/482...
Validation: 83/482...
Validation: 84/482...
Validation: 85/482...
Validation: 86/482...
Validation: 87/482...
Validation: 88/482...
Validation: 89/482...
Validation: 90/482...
Validation: 91/482...
Validation: 92/482...
Validation: 93/482...
Validation: 94/482...
Validation: 95/482...
Validation: 96/482...
Validation: 97/482...
Validation: 98/482...
Validation: 99/482...
Validation: 100/482...
Validation: 101/482...
Validation: 102/482...
Validation: 103/482...
Validation: 104/482...
Validation: 105/482...
Validation: 106/482...
Validation: 107/482...
Validation: 108/482...
Validation: 109/482...
Validation: 110/482...
Validation: 111/482...
Validation: 112/482...
Validation: 113/482...
Validation: 114/482...
Validation: 115/482...
Validation: 116/482...
Validation: 117/482...
Validation: 118/482...
Validation: 119/482...
Validation: 120/482...
Validation: 121/482...
Validation: 122/482...
Validation: 123/482...
Validation: 124/482...
Validation: 125/482...
Validation: 126/482...
Validation: 127/482...
Validation: 128/482...
Validation: 129/482...
Validation: 130/482...
Validation: 131/482...
Validation: 132/482...
Validation: 133/482...
Validation: 134/482...
Validation: 135/482...
Validation: 136/482...
Validation: 137/482...
Validation: 138/482...
Validation: 139/482...
Validation: 140/482...
Validation: 141/482...
Validation: 142/482...
Validation: 143/482...
Validation: 144/482...
Validation: 145/482...
Validation: 146/482...
Validation: 147/482...
Validation: 148/482...
Validation: 149/482...
Validation: 150/482...
Validation: 151/482...
Validation: 152/482...
Validation: 153/482...
Validation: 154/482...
Validation: 155/482...
Validation: 156/482...
Validation: 157/482...
Validation: 158/482...
Validation: 159/482...
Validation: 160/482...
Validation: 161/482...
Validation: 162/482...
Validation: 163/482...
Validation: 164/482...
Validation: 165/482...
Validation: 166/482...
Validation: 167/482...
Validation: 168/482...
Validation: 169/482...
Validation: 170/482...
Validation: 171/482...
Validation: 172/482...
Validation: 173/482...
Validation: 174/482...
Validation: 175/482...
Validation: 176/482...
Validation: 177/482...
Validation: 178/482...
Validation: 179/482...
Validation: 180/482...
Validation: 181/482...
Validation: 182/482...
Validation: 183/482...
Validation: 184/482...
Validation: 185/482...
Validation: 186/482...
Validation: 187/482...
Validation: 188/482...
Validation: 189/482...
Validation: 190/482...
Validation: 191/482...
Validation: 192/482...
Validation: 193/482...
Validation: 194/482...
Validation: 195/482...
Validation: 196/482...
Validation: 197/482...
Validation: 198/482...
Validation: 199/482...
Validation: 200/482...
Validation: 201/482...
Validation: 202/482...
Validation: 203/482...
Validation: 204/482...
Validation: 205/482...
Validation: 206/482...
Validation: 207/482...
Validation: 208/482...
Validation: 209/482...
Validation: 210/482...
Validation: 211/482...
Validation: 212/482...
Validation: 213/482...
Validation: 214/482...
Validation: 215/482...
Validation: 216/482...
Validation: 217/482...
Validation: 218/482...
Validation: 219/482...
Validation: 220/482...
Validation: 221/482...
Validation: 222/482...
Validation: 223/482...
Validation: 224/482...
Validation: 225/482...
Validation: 226/482...
Validation: 227/482...
Validation: 228/482...
Validation: 229/482...
Validation: 230/482...
Validation: 231/482...
Validation: 232/482...
Validation: 233/482...
Validation: 234/482...
Validation: 235/482...
Validation: 236/482...
Validation: 237/482...
Validation: 238/482...
Validation: 239/482...
Validation: 240/482...
Validation: 241/482...
Validation: 242/482...
Validation: 243/482...
Validation: 244/482...
Validation: 245/482...
Validation: 246/482...
Validation: 247/482...
Validation: 248/482...
Validation: 249/482...
Validation: 250/482...
Validation: 251/482...
Validation: 252/482...
Validation: 253/482...
Validation: 254/482...
Validation: 255/482...
Validation: 256/482...
Validation: 257/482...
Validation: 258/482...
Validation: 259/482...
Validation: 260/482...
Validation: 261/482...
Validation: 262/482...
Validation: 263/482...
Validation: 264/482...
Validation: 265/482...
Validation: 266/482...
Validation: 267/482...
Validation: 268/482...
Validation: 269/482...
Validation: 270/482...
Validation: 271/482...
Validation: 272/482...
Validation: 273/482...
Validation: 274/482...
Validation: 275/482...
Validation: 276/482...
Validation: 277/482...
Validation: 278/482...
Validation: 279/482...
Validation: 280/482...
Validation: 281/482...
Validation: 282/482...
Validation: 283/482...
Validation: 284/482...
Validation: 285/482...
Validation: 286/482...
Validation: 287/482...
Validation: 288/482...
Validation: 289/482...
Validation: 290/482...
Validation: 291/482...
Validation: 292/482...
Validation: 293/482...
Validation: 294/482...
Validation: 295/482...
Validation: 296/482...
Validation: 297/482...
Validation: 298/482...
Validation: 299/482...
Validation: 300/482...
Validation: 301/482...
Validation: 302/482...
Validation: 303/482...
Validation: 304/482...
Validation: 305/482...
Validation: 306/482...
Validation: 307/482...
Validation: 308/482...
Validation: 309/482...
Validation: 310/482...
Validation: 311/482...
Validation: 312/482...
Validation: 313/482...
Validation: 314/482...
Validation: 315/482...
Validation: 316/482...
Validation: 317/482...
Validation: 318/482...
Validation: 319/482...
Validation: 320/482...
Validation: 321/482...
Validation: 322/482...
Validation: 323/482...
Validation: 324/482...
Validation: 325/482...
Validation: 326/482...
Validation: 327/482...
Validation: 328/482...
Validation: 329/482...
Validation: 330/482...
Validation: 331/482...
Validation: 332/482...
Validation: 333/482...
Validation: 334/482...
Validation: 335/482...
Validation: 336/482...
Validation: 337/482...
Validation: 338/482...
Validation: 339/482...
Validation: 340/482...
Validation: 341/482...
Validation: 342/482...
Validation: 343/482...
Validation: 344/482...
Validation: 345/482...
Validation: 346/482...
Validation: 347/482...
Validation: 348/482...
Validation: 349/482...
Validation: 350/482...
Validation: 351/482...
Validation: 352/482...
Validation: 353/482...
Validation: 354/482...
Validation: 355/482...
Validation: 356/482...
Validation: 357/482...
Validation: 358/482...
Validation: 359/482...
Validation: 360/482...
Validation: 361/482...
Validation: 362/482...
Validation: 363/482...
Validation: 364/482...
Validation: 365/482...
Validation: 366/482...
Validation: 367/482...
Validation: 368/482...
Validation: 369/482...
Validation: 370/482...
Validation: 371/482...
Validation: 372/482...
Validation: 373/482...
Validation: 374/482...
Validation: 375/482...
Validation: 376/482...
Validation: 377/482...
Validation: 378/482...
Validation: 379/482...
Validation: 380/482...
Validation: 381/482...
Validation: 382/482...
Validation: 383/482...
Validation: 384/482...
Validation: 385/482...
Validation: 386/482...
Validation: 387/482...
Validation: 388/482...
Validation: 389/482...
Validation: 390/482...
Validation: 391/482...
Validation: 392/482...
Validation: 393/482...
Validation: 394/482...
Validation: 395/482...
Validation: 396/482...
Validation: 397/482...
Validation: 398/482...
Validation: 399/482...
Validation: 400/482...
Validation: 401/482...
Validation: 402/482...
Validation: 403/482...
Validation: 404/482...
Validation: 405/482...
Validation: 406/482...
Validation: 407/482...
Validation: 408/482...
Validation: 409/482...
Validation: 410/482...
Validation: 411/482...
Validation: 412/482...
Validation: 413/482...
Validation: 414/482...
Validation: 415/482...
Validation: 416/482...
Validation: 417/482...
Validation: 418/482...
Validation: 419/482...
Validation: 420/482...
Validation: 421/482...
Validation: 422/482...
Validation: 423/482...
Validation: 424/482...
Validation: 425/482...
Validation: 426/482...
Validation: 427/482...
Validation: 428/482...
Validation: 429/482...
Validation: 430/482...
Validation: 431/482...
Validation: 432/482...
Validation: 433/482...
Validation: 434/482...
Validation: 435/482...
Validation: 436/482...
Validation: 437/482...
Validation: 438/482...
Validation: 439/482...
Validation: 440/482...
Validation: 441/482...
Validation: 442/482...
Validation: 443/482...
Validation: 444/482...
Validation: 445/482...
Validation: 446/482...
Validation: 447/482...
Validation: 448/482...
Validation: 449/482...
Validation: 450/482...
Validation: 451/482...
Validation: 452/482...
Validation: 453/482...
Validation: 454/482...
Validation: 455/482...
Validation: 456/482...
Validation: 457/482...
Validation: 458/482...
Validation: 459/482...
Validation: 460/482...
Validation: 461/482...
Validation: 462/482...
Validation: 463/482...
Validation: 464/482...
Validation: 465/482...
Validation: 466/482...
Validation: 467/482...
Validation: 468/482...
Validation: 469/482...
Validation: 470/482...
Validation: 471/482...
Validation: 472/482...
Validation: 473/482...
Validation: 474/482...
Validation: 475/482...
Validation: 476/482...
Validation: 477/482...
Validation: 478/482...
Validation: 479/482...
Validation: 480/482...
Validation: 481/482...
Validation: 482/482...
Validation Metric: PSNR=12.39, LPIPS=0.7843...
====================================================================================================
Train: 008200/020000, Loss/MSE: t(1):6.0e-03/6.0e-03, t(8):2.1e-01/2.1e-01, t(15):3.7e-01/3.7e-01, lr:5.00e-05
Train: 008400/020000, Loss/MSE: t(1):5.9e-03/5.9e-03, t(8):2.1e-01/2.1e-01, t(15):3.4e-01/3.4e-01, lr:5.00e-05
Train: 008600/020000, Loss/MSE: t(1):5.5e-03/5.5e-03, t(8):2.1e-01/2.1e-01, t(15):3.5e-01/3.5e-01, lr:5.00e-05
Train: 008800/020000, Loss/MSE: t(1):6.3e-03/6.3e-03, t(8):2.1e-01/2.1e-01, t(15):3.7e-01/3.7e-01, lr:5.00e-05
Train: 009000/020000, Loss/MSE: t(1):5.7e-03/5.7e-03, t(8):2.0e-01/2.0e-01, t(15):3.4e-01/3.4e-01, lr:5.00e-05
Train: 009200/020000, Loss/MSE: t(1):6.1e-03/6.1e-03, t(8):2.1e-01/2.1e-01, t(15):3.4e-01/3.4e-01, lr:5.00e-05
Train: 009400/020000, Loss/MSE: t(1):6.4e-03/6.4e-03, t(8):2.1e-01/2.1e-01, t(15):3.5e-01/3.5e-01, lr:5.00e-05
Train: 009600/020000, Loss/MSE: t(1):5.4e-03/5.4e-03, t(8):2.0e-01/2.0e-01, t(15):3.5e-01/3.5e-01, lr:5.00e-05
Train: 009800/020000, Loss/MSE: t(1):5.0e-03/5.0e-03, t(8):2.1e-01/2.1e-01, t(15):3.2e-01/3.2e-01, lr:5.00e-05
Train: 010000/020000, Loss/MSE: t(1):5.7e-03/5.7e-03, t(8):2.1e-01/2.1e-01, t(15):3.4e-01/3.4e-01, lr:5.00e-05
Elapsed time: 1338.98s
====================================================================================================
Validation: 01/482...
Validation: 02/482...
Validation: 03/482...
Validation: 04/482...
Validation: 05/482...
Validation: 06/482...
Validation: 07/482...
Validation: 08/482...
Validation: 09/482...
Validation: 10/482...
Validation: 11/482...
Validation: 12/482...
Validation: 13/482...
Validation: 14/482...
Validation: 15/482...
Validation: 16/482...
Validation: 17/482...
Validation: 18/482...
Validation: 19/482...
Validation: 20/482...
Validation: 21/482...
Validation: 22/482...
Validation: 23/482...
Validation: 24/482...
Validation: 25/482...
Validation: 26/482...
Validation: 27/482...
Validation: 28/482...
Validation: 29/482...
Validation: 30/482...
Validation: 31/482...
Validation: 32/482...
Validation: 33/482...
Validation: 34/482...
Validation: 35/482...
Validation: 36/482...
Validation: 37/482...
Validation: 38/482...
Validation: 39/482...
Validation: 40/482...
Validation: 41/482...
Validation: 42/482...
Validation: 43/482...
Validation: 44/482...
Validation: 45/482...
Validation: 46/482...
Validation: 47/482...
Validation: 48/482...
Validation: 49/482...
Validation: 50/482...
Validation: 51/482...
Validation: 52/482...
Validation: 53/482...
Validation: 54/482...
Validation: 55/482...
Validation: 56/482...
Validation: 57/482...
Validation: 58/482...
Validation: 59/482...
Validation: 60/482...
Validation: 61/482...
Validation: 62/482...
Validation: 63/482...
Validation: 64/482...
Validation: 65/482...
Validation: 66/482...
Validation: 67/482...
Validation: 68/482...
Validation: 69/482...
Validation: 70/482...
Validation: 71/482...
Validation: 72/482...
Validation: 73/482...
Validation: 74/482...
Validation: 75/482...
Validation: 76/482...
Validation: 77/482...
Validation: 78/482...
Validation: 79/482...
Validation: 80/482...
Validation: 81/482...
Validation: 82/482...
Validation: 83/482...
Validation: 84/482...
Validation: 85/482...
Validation: 86/482...
Validation: 87/482...
Validation: 88/482...
Validation: 89/482...
Validation: 90/482...
Validation: 91/482...
Validation: 92/482...
Validation: 93/482...
Validation: 94/482...
Validation: 95/482...
Validation: 96/482...
Validation: 97/482...
Validation: 98/482...
Validation: 99/482...
Validation: 100/482...
Validation: 101/482...
Validation: 102/482...
Validation: 103/482...
Validation: 104/482...
Validation: 105/482...
Validation: 106/482...
Validation: 107/482...
Validation: 108/482...
Validation: 109/482...
Validation: 110/482...
Validation: 111/482...
Validation: 112/482...
Validation: 113/482...
Validation: 114/482...
Validation: 115/482...
Validation: 116/482...
Validation: 117/482...
Validation: 118/482...
Validation: 119/482...
Validation: 120/482...
Validation: 121/482...
Validation: 122/482...
Validation: 123/482...
Validation: 124/482...
Validation: 125/482...
Validation: 126/482...
Validation: 127/482...
Validation: 128/482...
Validation: 129/482...
Validation: 130/482...
Validation: 131/482...
Validation: 132/482...
Validation: 133/482...
Validation: 134/482...
Validation: 135/482...
Validation: 136/482...
Validation: 137/482...
Validation: 138/482...
Validation: 139/482...
Validation: 140/482...
Validation: 141/482...
Validation: 142/482...
Validation: 143/482...
Validation: 144/482...
Validation: 145/482...
Validation: 146/482...
Validation: 147/482...
Validation: 148/482...
Validation: 149/482...
Validation: 150/482...
Validation: 151/482...
Validation: 152/482...
Validation: 153/482...
Validation: 154/482...
Validation: 155/482...
Validation: 156/482...
Validation: 157/482...
Validation: 158/482...
Validation: 159/482...
Validation: 160/482...
Validation: 161/482...
Validation: 162/482...
Validation: 163/482...
Validation: 164/482...
Validation: 165/482...
Validation: 166/482...
Validation: 167/482...
Validation: 168/482...
Validation: 169/482...
Validation: 170/482...
Validation: 171/482...
Validation: 172/482...
Validation: 173/482...
Validation: 174/482...
Validation: 175/482...
Validation: 176/482...
Validation: 177/482...
Validation: 178/482...
Validation: 179/482...
Validation: 180/482...
Validation: 181/482...
Validation: 182/482...
Validation: 183/482...
Validation: 184/482...
Validation: 185/482...
Validation: 186/482...
Validation: 187/482...
Validation: 188/482...
Validation: 189/482...
Validation: 190/482...
Validation: 191/482...
Validation: 192/482...
Validation: 193/482...
Validation: 194/482...
Validation: 195/482...
Validation: 196/482...
Validation: 197/482...
Validation: 198/482...
Validation: 199/482...
Validation: 200/482...
Validation: 201/482...
Validation: 202/482...
Validation: 203/482...
Validation: 204/482...
Validation: 205/482...
Validation: 206/482...
Validation: 207/482...
Validation: 208/482...
Validation: 209/482...
Validation: 210/482...
Validation: 211/482...
Validation: 212/482...
Validation: 213/482...
Validation: 214/482...
Validation: 215/482...
Validation: 216/482...
Validation: 217/482...
Validation: 218/482...
Validation: 219/482...
Validation: 220/482...
Validation: 221/482...
Validation: 222/482...
Validation: 223/482...
Validation: 224/482...
Validation: 225/482...
Validation: 226/482...
Validation: 227/482...
Validation: 228/482...
Validation: 229/482...
Validation: 230/482...
Validation: 231/482...
Validation: 232/482...
Validation: 233/482...
Validation: 234/482...
Validation: 235/482...
Validation: 236/482...
Validation: 237/482...
Validation: 238/482...
Validation: 239/482...
Validation: 240/482...
Validation: 241/482...
Validation: 242/482...
Validation: 243/482...
Validation: 244/482...
Validation: 245/482...
Validation: 246/482...
Validation: 247/482...
Validation: 248/482...
Validation: 249/482...
Validation: 250/482...
Validation: 251/482...
Validation: 252/482...
Validation: 253/482...
Validation: 254/482...
Validation: 255/482...
Validation: 256/482...
Validation: 257/482...
Validation: 258/482...
Validation: 259/482...
Validation: 260/482...
Validation: 261/482...
Validation: 262/482...
Validation: 263/482...
Validation: 264/482...
Validation: 265/482...
Validation: 266/482...
Validation: 267/482...
Validation: 268/482...
Validation: 269/482...
Validation: 270/482...
Validation: 271/482...
Validation: 272/482...
Validation: 273/482...
Validation: 274/482...
Validation: 275/482...
Validation: 276/482...
Validation: 277/482...
Validation: 278/482...
Validation: 279/482...
Validation: 280/482...
Validation: 281/482...
Validation: 282/482...
Validation: 283/482...
Validation: 284/482...
Validation: 285/482...
Validation: 286/482...
Validation: 287/482...
Validation: 288/482...
Validation: 289/482...
Validation: 290/482...
Validation: 291/482...
Validation: 292/482...
Validation: 293/482...
Validation: 294/482...
Validation: 295/482...
Validation: 296/482...
Validation: 297/482...
Validation: 298/482...
Validation: 299/482...
Validation: 300/482...
Validation: 301/482...
Validation: 302/482...
Validation: 303/482...
Validation: 304/482...
Validation: 305/482...
Validation: 306/482...
Validation: 307/482...
Validation: 308/482...
Validation: 309/482...
Validation: 310/482...
Validation: 311/482...
Validation: 312/482...
Validation: 313/482...
Validation: 314/482...
Validation: 315/482...
Validation: 316/482...
Validation: 317/482...
Validation: 318/482...
Validation: 319/482...
Validation: 320/482...
Validation: 321/482...
Validation: 322/482...
Validation: 323/482...
Validation: 324/482...
Validation: 325/482...
Validation: 326/482...
Validation: 327/482...
Validation: 328/482...
Validation: 329/482...
Validation: 330/482...
Validation: 331/482...
Validation: 332/482...
Validation: 333/482...
Validation: 334/482...
Validation: 335/482...
Validation: 336/482...
Validation: 337/482...
Validation: 338/482...
Validation: 339/482...
Validation: 340/482...
Validation: 341/482...
Validation: 342/482...
Validation: 343/482...
Validation: 344/482...
Validation: 345/482...
Validation: 346/482...
Validation: 347/482...
Validation: 348/482...
Validation: 349/482...
Validation: 350/482...
Validation: 351/482...
Validation: 352/482...
Validation: 353/482...
Validation: 354/482...
Validation: 355/482...
Validation: 356/482...
Validation: 357/482...
Validation: 358/482...
Validation: 359/482...
Validation: 360/482...
Validation: 361/482...
Validation: 362/482...
Validation: 363/482...
Validation: 364/482...
Validation: 365/482...
Validation: 366/482...
Validation: 367/482...
Validation: 368/482...
Validation: 369/482...
Validation: 370/482...
Validation: 371/482...
Validation: 372/482...
Validation: 373/482...
Validation: 374/482...
Validation: 375/482...
Validation: 376/482...
Validation: 377/482...
Validation: 378/482...
Validation: 379/482...
Validation: 380/482...
Validation: 381/482...
Validation: 382/482...
Validation: 383/482...
Validation: 384/482...
Validation: 385/482...
Validation: 386/482...
Validation: 387/482...
Validation: 388/482...
Validation: 389/482...
Validation: 390/482...
Validation: 391/482...
Validation: 392/482...
Validation: 393/482...
Validation: 394/482...
Validation: 395/482...
Validation: 396/482...
Validation: 397/482...
Validation: 398/482...
Validation: 399/482...
Validation: 400/482...
Validation: 401/482...
Validation: 402/482...
Validation: 403/482...
Validation: 404/482...
Validation: 405/482...
Validation: 406/482...
Validation: 407/482...
Validation: 408/482...
Validation: 409/482...
Validation: 410/482...
Validation: 411/482...
Validation: 412/482...
Validation: 413/482...
Validation: 414/482...
Validation: 415/482...
Validation: 416/482...
Validation: 417/482...
Validation: 418/482...
Validation: 419/482...
Validation: 420/482...
Validation: 421/482...
Validation: 422/482...
Validation: 423/482...
Validation: 424/482...
Validation: 425/482...
Validation: 426/482...
Validation: 427/482...
Validation: 428/482...
Validation: 429/482...
Validation: 430/482...
Validation: 431/482...
Validation: 432/482...
Validation: 433/482...
Validation: 434/482...
Validation: 435/482...
Validation: 436/482...
Validation: 437/482...
Validation: 438/482...
Validation: 439/482...
Validation: 440/482...
Validation: 441/482...
Validation: 442/482...
Validation: 443/482...
Validation: 444/482...
Validation: 445/482...
Validation: 446/482...
Validation: 447/482...
Validation: 448/482...
Validation: 449/482...
Validation: 450/482...
Validation: 451/482...
Validation: 452/482...
Validation: 453/482...
Validation: 454/482...
Validation: 455/482...
Validation: 456/482...
Validation: 457/482...
Validation: 458/482...
Validation: 459/482...
Validation: 460/482...
Validation: 461/482...
Validation: 462/482...
Validation: 463/482...
Validation: 464/482...
Validation: 465/482...
Validation: 466/482...
Validation: 467/482...
Validation: 468/482...
Validation: 469/482...
Validation: 470/482...
Validation: 471/482...
Validation: 472/482...
Validation: 473/482...
Validation: 474/482...
Validation: 475/482...
Validation: 476/482...
Validation: 477/482...
Validation: 478/482...
Validation: 479/482...
Validation: 480/482...
Validation: 481/482...
Validation: 482/482...
Validation Metric: PSNR=12.46, LPIPS=0.7841...
====================================================================================================
Train: 010200/020000, Loss/MSE: t(1):5.6e-03/5.6e-03, t(8):2.1e-01/2.1e-01, t(15):3.6e-01/3.6e-01, lr:5.00e-05
Train: 010400/020000, Loss/MSE: t(1):5.1e-03/5.1e-03, t(8):2.0e-01/2.0e-01, t(15):3.7e-01/3.7e-01, lr:5.00e-05
Train: 010600/020000, Loss/MSE: t(1):5.7e-03/5.7e-03, t(8):2.0e-01/2.0e-01, t(15):3.5e-01/3.5e-01, lr:5.00e-05
Train: 010800/020000, Loss/MSE: t(1):6.0e-03/6.0e-03, t(8):2.1e-01/2.1e-01, t(15):3.6e-01/3.6e-01, lr:5.00e-05
Train: 011000/020000, Loss/MSE: t(1):5.1e-03/5.1e-03, t(8):2.0e-01/2.0e-01, t(15):3.3e-01/3.3e-01, lr:5.00e-05
Train: 011200/020000, Loss/MSE: t(1):5.1e-03/5.1e-03, t(8):2.1e-01/2.1e-01, t(15):3.3e-01/3.3e-01, lr:5.00e-05
Train: 011400/020000, Loss/MSE: t(1):5.1e-03/5.1e-03, t(8):2.0e-01/2.0e-01, t(15):3.4e-01/3.4e-01, lr:5.00e-05
Train: 011600/020000, Loss/MSE: t(1):4.4e-03/4.4e-03, t(8):2.1e-01/2.1e-01, t(15):3.4e-01/3.4e-01, lr:5.00e-05
Train: 011800/020000, Loss/MSE: t(1):4.9e-03/4.9e-03, t(8):2.1e-01/2.1e-01, t(15):3.4e-01/3.4e-01, lr:5.00e-05
Train: 012000/020000, Loss/MSE: t(1):4.5e-03/4.5e-03, t(8):2.0e-01/2.0e-01, t(15):3.4e-01/3.4e-01, lr:5.00e-05
Elapsed time: 1345.29s
====================================================================================================
Validation: 01/482...
Validation: 02/482...
Validation: 03/482...
Validation: 04/482...
Validation: 05/482...
Validation: 06/482...
Validation: 07/482...
Validation: 08/482...
Validation: 09/482...
Validation: 10/482...
Validation: 11/482...
Validation: 12/482...
Validation: 13/482...
Validation: 14/482...
Validation: 15/482...
Validation: 16/482...
Validation: 17/482...
Validation: 18/482...
Validation: 19/482...
Validation: 20/482...
Validation: 21/482...
Validation: 22/482...
Validation: 23/482...
Validation: 24/482...
Validation: 25/482...
Validation: 26/482...
Validation: 27/482...
Validation: 28/482...
Validation: 29/482...
Validation: 30/482...
Validation: 31/482...
Validation: 32/482...
Validation: 33/482...
Validation: 34/482...
Validation: 35/482...
Validation: 36/482...
Validation: 37/482...
Validation: 38/482...
Validation: 39/482...
Validation: 40/482...
Validation: 41/482...
Validation: 42/482...
Validation: 43/482...
Validation: 44/482...
Validation: 45/482...
Validation: 46/482...
Validation: 47/482...
Validation: 48/482...
Validation: 49/482...
Validation: 50/482...
Validation: 51/482...
Validation: 52/482...
Validation: 53/482...
Validation: 54/482...
Validation: 55/482...
Validation: 56/482...
Validation: 57/482...
Validation: 58/482...
Validation: 59/482...
Validation: 60/482...
Validation: 61/482...
Validation: 62/482...
Validation: 63/482...
Validation: 64/482...
Validation: 65/482...
Validation: 66/482...
Validation: 67/482...
Validation: 68/482...
Validation: 69/482...
Validation: 70/482...
Validation: 71/482...
Validation: 72/482...
Validation: 73/482...
Validation: 74/482...
Validation: 75/482...
Validation: 76/482...
Validation: 77/482...
Validation: 78/482...
Validation: 79/482...
Validation: 80/482...
Validation: 81/482...
Validation: 82/482...
Validation: 83/482...
Validation: 84/482...
Validation: 85/482...
Validation: 86/482...
Validation: 87/482...
Validation: 88/482...
Validation: 89/482...
Validation: 90/482...
Validation: 91/482...
Validation: 92/482...
Validation: 93/482...
Validation: 94/482...
Validation: 95/482...
Validation: 96/482...
Validation: 97/482...
Validation: 98/482...
Validation: 99/482...
Validation: 100/482...
Validation: 101/482...
Validation: 102/482...
Validation: 103/482...
Validation: 104/482...
Validation: 105/482...
Validation: 106/482...
Validation: 107/482...
Validation: 108/482...
Validation: 109/482...
Validation: 110/482...
Validation: 111/482...
Validation: 112/482...
Validation: 113/482...
Validation: 114/482...
Validation: 115/482...
Validation: 116/482...
Validation: 117/482...
Validation: 118/482...
Validation: 119/482...
Validation: 120/482...
Validation: 121/482...
Validation: 122/482...
Validation: 123/482...
Validation: 124/482...
Validation: 125/482...
Validation: 126/482...
Validation: 127/482...
Validation: 128/482...
Validation: 129/482...
Validation: 130/482...
Validation: 131/482...
Validation: 132/482...
Validation: 133/482...
Validation: 134/482...
Validation: 135/482...
Validation: 136/482...
Validation: 137/482...
Validation: 138/482...
Validation: 139/482...
Validation: 140/482...
Validation: 141/482...
Validation: 142/482...
Validation: 143/482...
Validation: 144/482...
Validation: 145/482...
Validation: 146/482...
Validation: 147/482...
Validation: 148/482...
Validation: 149/482...
Validation: 150/482...
Validation: 151/482...
Validation: 152/482...
Validation: 153/482...
Validation: 154/482...
Validation: 155/482...
Validation: 156/482...
Validation: 157/482...
Validation: 158/482...
Validation: 159/482...
Validation: 160/482...
Validation: 161/482...
Validation: 162/482...
Validation: 163/482...
Validation: 164/482...
Validation: 165/482...
Validation: 166/482...
Validation: 167/482...
Validation: 168/482...
Validation: 169/482...
Validation: 170/482...
Validation: 171/482...
Validation: 172/482...
Validation: 173/482...
Validation: 174/482...
Validation: 175/482...
Validation: 176/482...
Validation: 177/482...
Validation: 178/482...
Validation: 179/482...
Validation: 180/482...
Validation: 181/482...
Validation: 182/482...
Validation: 183/482...
Validation: 184/482...
Validation: 185/482...
Validation: 186/482...
Validation: 187/482...
Validation: 188/482...
Validation: 189/482...
Validation: 190/482...
Validation: 191/482...
Validation: 192/482...
Validation: 193/482...
Validation: 194/482...
Validation: 195/482...
Validation: 196/482...
Validation: 197/482...
Validation: 198/482...
Validation: 199/482...
Validation: 200/482...
Validation: 201/482...
Validation: 202/482...
Validation: 203/482...
Validation: 204/482...
Validation: 205/482...
Validation: 206/482...
Validation: 207/482...
Validation: 208/482...
Validation: 209/482...
Validation: 210/482...
Validation: 211/482...
Validation: 212/482...
Validation: 213/482...
Validation: 214/482...
Validation: 215/482...
Validation: 216/482...
Validation: 217/482...
Validation: 218/482...
Validation: 219/482...
Validation: 220/482...
Validation: 221/482...
Validation: 222/482...
Validation: 223/482...
Validation: 224/482...
Validation: 225/482...
Validation: 226/482...
Validation: 227/482...
Validation: 228/482...
Validation: 229/482...
Validation: 230/482...
Validation: 231/482...
Validation: 232/482...
Validation: 233/482...
Validation: 234/482...
Validation: 235/482...
Validation: 236/482...
Validation: 237/482...
Validation: 238/482...
Validation: 239/482...
Validation: 240/482...
Validation: 241/482...
Validation: 242/482...
Validation: 243/482...
Validation: 244/482...
Validation: 245/482...
Validation: 246/482...
Validation: 247/482...
Validation: 248/482...
Validation: 249/482...
Validation: 250/482...
Validation: 251/482...
Validation: 252/482...
Validation: 253/482...
Validation: 254/482...
Validation: 255/482...
Validation: 256/482...
Validation: 257/482...
Validation: 258/482...
Validation: 259/482...
Validation: 260/482...
Validation: 261/482...
Validation: 262/482...
Validation: 263/482...
Validation: 264/482...
Validation: 265/482...
Validation: 266/482...
Validation: 267/482...
Validation: 268/482...
Validation: 269/482...
Validation: 270/482...
Validation: 271/482...
Validation: 272/482...
Validation: 273/482...
Validation: 274/482...
Validation: 275/482...
Validation: 276/482...
Validation: 277/482...
Validation: 278/482...
Validation: 279/482...
Validation: 280/482...
Validation: 281/482...
Validation: 282/482...
Validation: 283/482...
Validation: 284/482...
Validation: 285/482...
Validation: 286/482...
Validation: 287/482...
Validation: 288/482...
Validation: 289/482...
Validation: 290/482...
Validation: 291/482...
Validation: 292/482...
Validation: 293/482...
Validation: 294/482...
Validation: 295/482...
Validation: 296/482...
Validation: 297/482...
Validation: 298/482...
Validation: 299/482...
Validation: 300/482...
Validation: 301/482...
Validation: 302/482...
Validation: 303/482...
Validation: 304/482...
Validation: 305/482...
Validation: 306/482...
Validation: 307/482...
Validation: 308/482...
Validation: 309/482...
Validation: 310/482...
Validation: 311/482...
Validation: 312/482...
Validation: 313/482...
Validation: 314/482...
Validation: 315/482...
Validation: 316/482...
Validation: 317/482...
Validation: 318/482...
Validation: 319/482...
Validation: 320/482...
Validation: 321/482...
Validation: 322/482...
Validation: 323/482...
Validation: 324/482...
Validation: 325/482...
Validation: 326/482...
Validation: 327/482...
Validation: 328/482...
Validation: 329/482...
Validation: 330/482...
Validation: 331/482...
Validation: 332/482...
Validation: 333/482...
Validation: 334/482...
Validation: 335/482...
Validation: 336/482...
Validation: 337/482...
Validation: 338/482...
Validation: 339/482...
Validation: 340/482...
Validation: 341/482...
Validation: 342/482...
Validation: 343/482...
Validation: 344/482...
Validation: 345/482...
Validation: 346/482...
Validation: 347/482...
Validation: 348/482...
Validation: 349/482...
Validation: 350/482...
Validation: 351/482...
Validation: 352/482...
Validation: 353/482...
Validation: 354/482...
Validation: 355/482...
Validation: 356/482...
Validation: 357/482...
Validation: 358/482...
Validation: 359/482...
Validation: 360/482...
Validation: 361/482...
Validation: 362/482...
Validation: 363/482...
Validation: 364/482...
Validation: 365/482...
Validation: 366/482...
Validation: 367/482...
Validation: 368/482...
Validation: 369/482...
Validation: 370/482...
Validation: 371/482...
Validation: 372/482...
Validation: 373/482...
Validation: 374/482...
Validation: 375/482...
Validation: 376/482...
Validation: 377/482...
Validation: 378/482...
Validation: 379/482...
Validation: 380/482...
Validation: 381/482...
Validation: 382/482...
Validation: 383/482...
Validation: 384/482...
Validation: 385/482...
Validation: 386/482...
Validation: 387/482...
Validation: 388/482...
Validation: 389/482...
Validation: 390/482...
Validation: 391/482...
Validation: 392/482...
Validation: 393/482...
Validation: 394/482...
Validation: 395/482...
Validation: 396/482...
Validation: 397/482...
Validation: 398/482...
Validation: 399/482...
Validation: 400/482...
Validation: 401/482...
Validation: 402/482...
Validation: 403/482...
Validation: 404/482...
Validation: 405/482...
Validation: 406/482...
Validation: 407/482...
Validation: 408/482...
Validation: 409/482...
Validation: 410/482...
Validation: 411/482...
Validation: 412/482...
Validation: 413/482...
Validation: 414/482...
Validation: 415/482...
Validation: 416/482...
Validation: 417/482...
Validation: 418/482...
Validation: 419/482...
Validation: 420/482...
Validation: 421/482...
Validation: 422/482...
Validation: 423/482...
Validation: 424/482...
Validation: 425/482...
Validation: 426/482...
Validation: 427/482...
Validation: 428/482...
Validation: 429/482...
Validation: 430/482...
Validation: 431/482...
Validation: 432/482...
Validation: 433/482...
Validation: 434/482...
Validation: 435/482...
Validation: 436/482...
Validation: 437/482...
Validation: 438/482...
Validation: 439/482...
Validation: 440/482...
Validation: 441/482...
Validation: 442/482...
Validation: 443/482...
Validation: 444/482...
Validation: 445/482...
Validation: 446/482...
Validation: 447/482...
Validation: 448/482...
Validation: 449/482...
Validation: 450/482...
Validation: 451/482...
Validation: 452/482...
Validation: 453/482...
Validation: 454/482...
Validation: 455/482...
Validation: 456/482...
Validation: 457/482...
Validation: 458/482...
Validation: 459/482...
Validation: 460/482...
Validation: 461/482...
Validation: 462/482...
Validation: 463/482...
Validation: 464/482...
Validation: 465/482...
Validation: 466/482...
Validation: 467/482...
Validation: 468/482...
Validation: 469/482...
Validation: 470/482...
Validation: 471/482...
Validation: 472/482...
Validation: 473/482...
Validation: 474/482...
Validation: 475/482...
Validation: 476/482...
Validation: 477/482...
Validation: 478/482...
Validation: 479/482...
Validation: 480/482...
Validation: 481/482...
Validation: 482/482...
Validation Metric: PSNR=12.59, LPIPS=0.7819...
====================================================================================================
Train: 012200/020000, Loss/MSE: t(1):5.3e-03/5.3e-03, t(8):2.0e-01/2.0e-01, t(15):3.4e-01/3.4e-01, lr:5.00e-05
Train: 012400/020000, Loss/MSE: t(1):4.2e-03/4.2e-03, t(8):2.0e-01/2.0e-01, t(15):3.6e-01/3.6e-01, lr:5.00e-05
Train: 012600/020000, Loss/MSE: t(1):4.9e-03/4.9e-03, t(8):2.0e-01/2.0e-01, t(15):3.3e-01/3.3e-01, lr:5.00e-05
Train: 012800/020000, Loss/MSE: t(1):4.7e-03/4.7e-03, t(8):2.0e-01/2.0e-01, t(15):3.3e-01/3.3e-01, lr:5.00e-05
Train: 013000/020000, Loss/MSE: t(1):4.7e-03/4.7e-03, t(8):2.0e-01/2.0e-01, t(15):3.4e-01/3.4e-01, lr:5.00e-05
Train: 013200/020000, Loss/MSE: t(1):4.9e-03/4.9e-03, t(8):2.0e-01/2.0e-01, t(15):3.3e-01/3.3e-01, lr:5.00e-05
Train: 013400/020000, Loss/MSE: t(1):4.1e-03/4.1e-03, t(8):1.9e-01/1.9e-01, t(15):3.4e-01/3.4e-01, lr:5.00e-05
Train: 013600/020000, Loss/MSE: t(1):4.7e-03/4.7e-03, t(8):2.0e-01/2.0e-01, t(15):3.1e-01/3.1e-01, lr:5.00e-05
Train: 013800/020000, Loss/MSE: t(1):4.3e-03/4.3e-03, t(8):2.0e-01/2.0e-01, t(15):3.5e-01/3.5e-01, lr:5.00e-05
Train: 014000/020000, Loss/MSE: t(1):4.6e-03/4.6e-03, t(8):2.0e-01/2.0e-01, t(15):3.4e-01/3.4e-01, lr:5.00e-05
Elapsed time: 1334.97s
====================================================================================================
Validation: 01/482...
Validation: 02/482...
Validation: 03/482...
Validation: 04/482...
Validation: 05/482...
Validation: 06/482...
Validation: 07/482...
Validation: 08/482...
Validation: 09/482...
Validation: 10/482...
Validation: 11/482...
Validation: 12/482...
Validation: 13/482...
Validation: 14/482...
Validation: 15/482...
Validation: 16/482...
Validation: 17/482...
Validation: 18/482...
Validation: 19/482...
Validation: 20/482...
Validation: 21/482...
Validation: 22/482...
Validation: 23/482...
Validation: 24/482...
Validation: 25/482...
Validation: 26/482...
Validation: 27/482...
Validation: 28/482...
Validation: 29/482...
Validation: 30/482...
Validation: 31/482...
Validation: 32/482...
Validation: 33/482...
Validation: 34/482...
Validation: 35/482...
Validation: 36/482...
Validation: 37/482...
Validation: 38/482...
Validation: 39/482...
Validation: 40/482...
Validation: 41/482...
Validation: 42/482...
Validation: 43/482...
Validation: 44/482...
Validation: 45/482...
Validation: 46/482...
Validation: 47/482...
Validation: 48/482...
Validation: 49/482...
Validation: 50/482...
Validation: 51/482...
Validation: 52/482...
Validation: 53/482...
Validation: 54/482...
Validation: 55/482...
Validation: 56/482...
Validation: 57/482...
Validation: 58/482...
Validation: 59/482...
Validation: 60/482...
Validation: 61/482...
Validation: 62/482...
Validation: 63/482...
Validation: 64/482...
Validation: 65/482...
Validation: 66/482...
Validation: 67/482...
Validation: 68/482...
Validation: 69/482...
Validation: 70/482...
Validation: 71/482...
Validation: 72/482...
Validation: 73/482...
Validation: 74/482...
Validation: 75/482...
Validation: 76/482...
Validation: 77/482...
Validation: 78/482...
Validation: 79/482...
Validation: 80/482...
Validation: 81/482...
Validation: 82/482...
Validation: 83/482...
Validation: 84/482...
Validation: 85/482...
Validation: 86/482...
Validation: 87/482...
Validation: 88/482...
Validation: 89/482...
Validation: 90/482...
Validation: 91/482...
Validation: 92/482...
Validation: 93/482...
Validation: 94/482...
Validation: 95/482...
Validation: 96/482...
Validation: 97/482...
Validation: 98/482...
Validation: 99/482...
Validation: 100/482...
Validation: 101/482...
Validation: 102/482...
Validation: 103/482...
Validation: 104/482...
Validation: 105/482...
Validation: 106/482...
Validation: 107/482...
Validation: 108/482...
Validation: 109/482...
Validation: 110/482...
Validation: 111/482...
Validation: 112/482...
Validation: 113/482...
Validation: 114/482...
Validation: 115/482...
Validation: 116/482...
Validation: 117/482...
Validation: 118/482...
Validation: 119/482...
Validation: 120/482...
Validation: 121/482...
Validation: 122/482...
Validation: 123/482...
Validation: 124/482...
Validation: 125/482...
Validation: 126/482...
Validation: 127/482...
Validation: 128/482...
Validation: 129/482...
Validation: 130/482...
Validation: 131/482...
Validation: 132/482...
Validation: 133/482...
Validation: 134/482...
Validation: 135/482...
Validation: 136/482...
Validation: 137/482...
Validation: 138/482...
Validation: 139/482...
Validation: 140/482...
Validation: 141/482...
Validation: 142/482...
Validation: 143/482...
Validation: 144/482...
Validation: 145/482...
Validation: 146/482...
Validation: 147/482...
Validation: 148/482...
Validation: 149/482...
Validation: 150/482...
Validation: 151/482...
Validation: 152/482...
Validation: 153/482...
Validation: 154/482...
Validation: 155/482...
Validation: 156/482...
Validation: 157/482...
Validation: 158/482...
Validation: 159/482...
Validation: 160/482...
Validation: 161/482...
Validation: 162/482...
Validation: 163/482...
Validation: 164/482...
Validation: 165/482...
Validation: 166/482...
Validation: 167/482...
Validation: 168/482...
Validation: 169/482...
Validation: 170/482...
Validation: 171/482...
Validation: 172/482...
Validation: 173/482...
Validation: 174/482...
Validation: 175/482...
Validation: 176/482...
Validation: 177/482...
Validation: 178/482...
Validation: 179/482...
Validation: 180/482...
Validation: 181/482...
Validation: 182/482...
Validation: 183/482...
Validation: 184/482...
Validation: 185/482...
Validation: 186/482...
Validation: 187/482...
Validation: 188/482...
Validation: 189/482...
Validation: 190/482...
Validation: 191/482...
Validation: 192/482...
Validation: 193/482...
Validation: 194/482...
Validation: 195/482...
Validation: 196/482...
Validation: 197/482...
Validation: 198/482...
Validation: 199/482...
Validation: 200/482...
Validation: 201/482...
Validation: 202/482...
Validation: 203/482...
Validation: 204/482...
Validation: 205/482...
Validation: 206/482...
Validation: 207/482...
Validation: 208/482...
Validation: 209/482...
Validation: 210/482...
Validation: 211/482...
Validation: 212/482...
Validation: 213/482...
Validation: 214/482...
Validation: 215/482...
Validation: 216/482...
Validation: 217/482...
Validation: 218/482...
Validation: 219/482...
Validation: 220/482...
Validation: 221/482...
Validation: 222/482...
Validation: 223/482...
Validation: 224/482...
Validation: 225/482...
Validation: 226/482...
Validation: 227/482...
Validation: 228/482...
Validation: 229/482...
Validation: 230/482...
Validation: 231/482...
Validation: 232/482...
Validation: 233/482...
Validation: 234/482...
Validation: 235/482...
Validation: 236/482...
Validation: 237/482...
Validation: 238/482...
Validation: 239/482...
Validation: 240/482...
Validation: 241/482...
Validation: 242/482...
Validation: 243/482...
Validation: 244/482...
Validation: 245/482...
Validation: 246/482...
Validation: 247/482...
Validation: 248/482...
Validation: 249/482...
Validation: 250/482...
Validation: 251/482...
Validation: 252/482...
Validation: 253/482...
Validation: 254/482...
Validation: 255/482...
Validation: 256/482...
Validation: 257/482...
Validation: 258/482...
Validation: 259/482...
Validation: 260/482...
Validation: 261/482...
Validation: 262/482...
Validation: 263/482...
Validation: 264/482...
Validation: 265/482...
Validation: 266/482...
Validation: 267/482...
Validation: 268/482...
Validation: 269/482...
Validation: 270/482...
Validation: 271/482...
Validation: 272/482...
Validation: 273/482...
Validation: 274/482...
Validation: 275/482...
Validation: 276/482...
Validation: 277/482...
Validation: 278/482...
Validation: 279/482...
Validation: 280/482...
Validation: 281/482...
Validation: 282/482...
Validation: 283/482...
Validation: 284/482...
Validation: 285/482...
Validation: 286/482...
Validation: 287/482...
Validation: 288/482...
Validation: 289/482...
Validation: 290/482...
Validation: 291/482...
Validation: 292/482...
Validation: 293/482...
Validation: 294/482...
Validation: 295/482...
Validation: 296/482...
Validation: 297/482...
Validation: 298/482...
Validation: 299/482...
Validation: 300/482...
Validation: 301/482...
Validation: 302/482...
Validation: 303/482...
Validation: 304/482...
Validation: 305/482...
Validation: 306/482...
Validation: 307/482...
Validation: 308/482...
Validation: 309/482...
Validation: 310/482...
Validation: 311/482...
Validation: 312/482...
Validation: 313/482...
Validation: 314/482...
Validation: 315/482...
Validation: 316/482...
Validation: 317/482...
Validation: 318/482...
Validation: 319/482...
Validation: 320/482...
Validation: 321/482...
Validation: 322/482...
Validation: 323/482...
Validation: 324/482...
Validation: 325/482...
Validation: 326/482...
Validation: 327/482...
Validation: 328/482...
Validation: 329/482...
Validation: 330/482...
Validation: 331/482...
Validation: 332/482...
Validation: 333/482...
Validation: 334/482...
Validation: 335/482...
Validation: 336/482...
Validation: 337/482...
Validation: 338/482...
Validation: 339/482...
Validation: 340/482...
Validation: 341/482...
Validation: 342/482...
Validation: 343/482...
Validation: 344/482...
Validation: 345/482...
Validation: 346/482...
Validation: 347/482...
Validation: 348/482...
Validation: 349/482...
Validation: 350/482...
Validation: 351/482...
Validation: 352/482...
Validation: 353/482...
Validation: 354/482...
Validation: 355/482...
Validation: 356/482...
Validation: 357/482...
Validation: 358/482...
Validation: 359/482...
Validation: 360/482...
Validation: 361/482...
Validation: 362/482...
Validation: 363/482...
Validation: 364/482...
Validation: 365/482...
Validation: 366/482...
Validation: 367/482...
Validation: 368/482...
Validation: 369/482...
Validation: 370/482...
Validation: 371/482...
Validation: 372/482...
Validation: 373/482...
Validation: 374/482...
Validation: 375/482...
Validation: 376/482...
Validation: 377/482...
Validation: 378/482...
Validation: 379/482...
Validation: 380/482...
Validation: 381/482...
Validation: 382/482...
Validation: 383/482...
Validation: 384/482...
Validation: 385/482...
Validation: 386/482...
Validation: 387/482...
Validation: 388/482...
Validation: 389/482...
Validation: 390/482...
Validation: 391/482...
Validation: 392/482...
Validation: 393/482...
Validation: 394/482...
Validation: 395/482...
Validation: 396/482...
Validation: 397/482...
Validation: 398/482...
Validation: 399/482...
Validation: 400/482...
Validation: 401/482...
Validation: 402/482...
Validation: 403/482...
Validation: 404/482...
Validation: 405/482...
Validation: 406/482...
Validation: 407/482...
Validation: 408/482...
Validation: 409/482...
Validation: 410/482...
Validation: 411/482...
Validation: 412/482...
Validation: 413/482...
Validation: 414/482...
Validation: 415/482...
Validation: 416/482...
Validation: 417/482...
Validation: 418/482...
Validation: 419/482...
Validation: 420/482...
Validation: 421/482...
Validation: 422/482...
Validation: 423/482...
Validation: 424/482...
Validation: 425/482...
Validation: 426/482...
Validation: 427/482...
Validation: 428/482...
Validation: 429/482...
Validation: 430/482...
Validation: 431/482...
Validation: 432/482...
Validation: 433/482...
Validation: 434/482...
Validation: 435/482...
Validation: 436/482...
Validation: 437/482...
Validation: 438/482...
Validation: 439/482...
Validation: 440/482...
Validation: 441/482...
Validation: 442/482...
Validation: 443/482...
Validation: 444/482...
Validation: 445/482...
Validation: 446/482...
Validation: 447/482...
Validation: 448/482...
Validation: 449/482...
Validation: 450/482...
Validation: 451/482...
Validation: 452/482...
Validation: 453/482...
Validation: 454/482...
Validation: 455/482...
Validation: 456/482...
Validation: 457/482...
Validation: 458/482...
Validation: 459/482...
Validation: 460/482...
Validation: 461/482...
Validation: 462/482...
Validation: 463/482...
Validation: 464/482...
Validation: 465/482...
Validation: 466/482...
Validation: 467/482...
Validation: 468/482...
Validation: 469/482...
Validation: 470/482...
Validation: 471/482...
Validation: 472/482...
Validation: 473/482...
Validation: 474/482...
Validation: 475/482...
Validation: 476/482...
Validation: 477/482...
Validation: 478/482...
Validation: 479/482...
Validation: 480/482...
Validation: 481/482...
Validation: 482/482...
Validation Metric: PSNR=12.64, LPIPS=0.7804...
====================================================================================================
Train: 014200/020000, Loss/MSE: t(1):4.3e-03/4.3e-03, t(8):2.0e-01/2.0e-01, t(15):3.3e-01/3.3e-01, lr:5.00e-05
Train: 014400/020000, Loss/MSE: t(1):4.6e-03/4.6e-03, t(8):1.9e-01/1.9e-01, t(15):3.6e-01/3.6e-01, lr:5.00e-05
Train: 014600/020000, Loss/MSE: t(1):4.4e-03/4.4e-03, t(8):1.9e-01/1.9e-01, t(15):3.4e-01/3.4e-01, lr:5.00e-05
Train: 014800/020000, Loss/MSE: t(1):4.9e-03/4.9e-03, t(8):2.0e-01/2.0e-01, t(15):3.2e-01/3.2e-01, lr:5.00e-05
Train: 015000/020000, Loss/MSE: t(1):4.3e-03/4.3e-03, t(8):1.9e-01/1.9e-01, t(15):3.3e-01/3.3e-01, lr:5.00e-05
Train: 015200/020000, Loss/MSE: t(1):4.2e-03/4.2e-03, t(8):1.9e-01/1.9e-01, t(15):3.1e-01/3.1e-01, lr:5.00e-05
Train: 015400/020000, Loss/MSE: t(1):4.6e-03/4.6e-03, t(8):1.9e-01/1.9e-01, t(15):3.5e-01/3.5e-01, lr:5.00e-05
Train: 015600/020000, Loss/MSE: t(1):4.2e-03/4.2e-03, t(8):2.0e-01/2.0e-01, t(15):3.5e-01/3.5e-01, lr:5.00e-05
Train: 015800/020000, Loss/MSE: t(1):4.8e-03/4.8e-03, t(8):2.0e-01/2.0e-01, t(15):3.5e-01/3.5e-01, lr:5.00e-05
Train: 016000/020000, Loss/MSE: t(1):4.0e-03/4.0e-03, t(8):2.0e-01/2.0e-01, t(15):3.3e-01/3.3e-01, lr:5.00e-05
Elapsed time: 1324.56s
====================================================================================================
Validation: 01/482...
Validation: 02/482...
Validation: 03/482...
Validation: 04/482...
Validation: 05/482...
Validation: 06/482...
Validation: 07/482...
Validation: 08/482...
Validation: 09/482...
Validation: 10/482...
Validation: 11/482...
Validation: 12/482...
Validation: 13/482...
Validation: 14/482...
Validation: 15/482...
Validation: 16/482...
Validation: 17/482...
Validation: 18/482...
Validation: 19/482...
Validation: 20/482...
Validation: 21/482...
Validation: 22/482...
Validation: 23/482...
Validation: 24/482...
Validation: 25/482...
Validation: 26/482...
Validation: 27/482...
Validation: 28/482...
Validation: 29/482...
Validation: 30/482...
Validation: 31/482...
Validation: 32/482...
Validation: 33/482...
Validation: 34/482...
Validation: 35/482...
Validation: 36/482...
Validation: 37/482...
Validation: 38/482...
Validation: 39/482...
Validation: 40/482...
Validation: 41/482...
Validation: 42/482...
Validation: 43/482...
Validation: 44/482...
Validation: 45/482...
Validation: 46/482...
Validation: 47/482...
Validation: 48/482...
Validation: 49/482...
Validation: 50/482...
Validation: 51/482...
Validation: 52/482...
Validation: 53/482...
Validation: 54/482...
Validation: 55/482...
Validation: 56/482...
Validation: 57/482...
Validation: 58/482...
Validation: 59/482...
Validation: 60/482...
Validation: 61/482...
Validation: 62/482...
Validation: 63/482...
Validation: 64/482...
Validation: 65/482...
Validation: 66/482...
Validation: 67/482...
Validation: 68/482...
Validation: 69/482...
Validation: 70/482...
Validation: 71/482...
Validation: 72/482...
Validation: 73/482...
Validation: 74/482...
Validation: 75/482...
Validation: 76/482...
Validation: 77/482...
Validation: 78/482...
Validation: 79/482...
Validation: 80/482...
Validation: 81/482...
Validation: 82/482...
Validation: 83/482...
Validation: 84/482...
Validation: 85/482...
Validation: 86/482...
Validation: 87/482...
Validation: 88/482...
Validation: 89/482...
Validation: 90/482...
Validation: 91/482...
Validation: 92/482...
Validation: 93/482...
Validation: 94/482...
Validation: 95/482...
Validation: 96/482...
Validation: 97/482...
Validation: 98/482...
Validation: 99/482...
Validation: 100/482...
Validation: 101/482...
Validation: 102/482...
Validation: 103/482...
Validation: 104/482...
Validation: 105/482...
Validation: 106/482...
Validation: 107/482...
Validation: 108/482...
Validation: 109/482...
Validation: 110/482...
Validation: 111/482...
Validation: 112/482...
Validation: 113/482...
Validation: 114/482...
Validation: 115/482...
Validation: 116/482...
Validation: 117/482...
Validation: 118/482...
Validation: 119/482...
Validation: 120/482...
Validation: 121/482...
Validation: 122/482...
Validation: 123/482...
Validation: 124/482...
Validation: 125/482...
Validation: 126/482...
Validation: 127/482...
Validation: 128/482...
Validation: 129/482...
Validation: 130/482...
Validation: 131/482...
Validation: 132/482...
Validation: 133/482...
Validation: 134/482...
Validation: 135/482...
Validation: 136/482...
Validation: 137/482...
Validation: 138/482...
Validation: 139/482...
Validation: 140/482...
Validation: 141/482...
Validation: 142/482...
Validation: 143/482...
Validation: 144/482...
Validation: 145/482...
Validation: 146/482...
Validation: 147/482...
Validation: 148/482...
Validation: 149/482...
Validation: 150/482...
Validation: 151/482...
Validation: 152/482...
Validation: 153/482...
Validation: 154/482...
Validation: 155/482...
Validation: 156/482...
Validation: 157/482...
Validation: 158/482...
Validation: 159/482...
Validation: 160/482...
Validation: 161/482...
Validation: 162/482...
Validation: 163/482...
Validation: 164/482...
Validation: 165/482...
Validation: 166/482...
Validation: 167/482...
Validation: 168/482...
Validation: 169/482...
Validation: 170/482...
Validation: 171/482...
Validation: 172/482...
Validation: 173/482...
Validation: 174/482...
Validation: 175/482...
Validation: 176/482...
Validation: 177/482...
Validation: 178/482...
Validation: 179/482...
Validation: 180/482...
Validation: 181/482...
Validation: 182/482...
Validation: 183/482...
Validation: 184/482...
Validation: 185/482...
Validation: 186/482...
Validation: 187/482...
Validation: 188/482...
Validation: 189/482...
Validation: 190/482...
Validation: 191/482...
Validation: 192/482...
Validation: 193/482...
Validation: 194/482...
Validation: 195/482...
Validation: 196/482...
Validation: 197/482...
Validation: 198/482...
Validation: 199/482...
Validation: 200/482...
Validation: 201/482...
Validation: 202/482...
Validation: 203/482...
Validation: 204/482...
Validation: 205/482...
Validation: 206/482...
Validation: 207/482...
Validation: 208/482...
Validation: 209/482...
Validation: 210/482...
Validation: 211/482...
Validation: 212/482...
Validation: 213/482...
Validation: 214/482...
Validation: 215/482...
Validation: 216/482...
Validation: 217/482...
Validation: 218/482...
Validation: 219/482...
Validation: 220/482...
Validation: 221/482...
Validation: 222/482...
Validation: 223/482...
Validation: 224/482...
Validation: 225/482...
Validation: 226/482...
Validation: 227/482...
Validation: 228/482...
Validation: 229/482...
Validation: 230/482...
Validation: 231/482...
Validation: 232/482...
Validation: 233/482...
Validation: 234/482...
Validation: 235/482...
Validation: 236/482...
Validation: 237/482...
Validation: 238/482...
Validation: 239/482...
Validation: 240/482...
Validation: 241/482...
Validation: 242/482...
Validation: 243/482...
Validation: 244/482...
Validation: 245/482...
Validation: 246/482...
Validation: 247/482...
Validation: 248/482...
Validation: 249/482...
Validation: 250/482...
Validation: 251/482...
Validation: 252/482...
Validation: 253/482...
Validation: 254/482...
Validation: 255/482...
Validation: 256/482...
Validation: 257/482...
Validation: 258/482...
Validation: 259/482...
Validation: 260/482...
Validation: 261/482...
Validation: 262/482...
Validation: 263/482...
Validation: 264/482...
Validation: 265/482...
Validation: 266/482...
Validation: 267/482...
Validation: 268/482...
Validation: 269/482...
Validation: 270/482...
Validation: 271/482...
Validation: 272/482...
Validation: 273/482...
Validation: 274/482...
Validation: 275/482...
Validation: 276/482...
Validation: 277/482...
Validation: 278/482...
Validation: 279/482...
Validation: 280/482...
Validation: 281/482...
Validation: 282/482...
Validation: 283/482...
Validation: 284/482...
Validation: 285/482...
Validation: 286/482...
Validation: 287/482...
Validation: 288/482...
Validation: 289/482...
Validation: 290/482...
Validation: 291/482...
Validation: 292/482...
Validation: 293/482...
Validation: 294/482...
Validation: 295/482...
Validation: 296/482...
Validation: 297/482...
Validation: 298/482...
Validation: 299/482...
Validation: 300/482...
Validation: 301/482...
Validation: 302/482...
Validation: 303/482...
Validation: 304/482...
Validation: 305/482...
Validation: 306/482...
Validation: 307/482...
Validation: 308/482...
Validation: 309/482...
Validation: 310/482...
Validation: 311/482...
Validation: 312/482...
Validation: 313/482...
Validation: 314/482...
Validation: 315/482...
Validation: 316/482...
Validation: 317/482...
Validation: 318/482...
Validation: 319/482...
Validation: 320/482...
Validation: 321/482...
Validation: 322/482...
Validation: 323/482...
Validation: 324/482...
Validation: 325/482...
Validation: 326/482...
Validation: 327/482...
Validation: 328/482...
Validation: 329/482...
Validation: 330/482...
Validation: 331/482...
Validation: 332/482...
Validation: 333/482...
Validation: 334/482...
Validation: 335/482...
Validation: 336/482...
Validation: 337/482...
Validation: 338/482...
Validation: 339/482...
Validation: 340/482...
Validation: 341/482...
Validation: 342/482...
Validation: 343/482...
Validation: 344/482...
Validation: 345/482...
Validation: 346/482...
Validation: 347/482...
Validation: 348/482...
Validation: 349/482...
Validation: 350/482...
Validation: 351/482...
Validation: 352/482...
Validation: 353/482...
Validation: 354/482...
Validation: 355/482...
Validation: 356/482...
Validation: 357/482...
Validation: 358/482...
Validation: 359/482...
Validation: 360/482...
Validation: 361/482...
Validation: 362/482...
Validation: 363/482...
Validation: 364/482...
Validation: 365/482...
Validation: 366/482...
Validation: 367/482...
Validation: 368/482...
Validation: 369/482...
Validation: 370/482...
Validation: 371/482...
Validation: 372/482...
Validation: 373/482...
Validation: 374/482...
Validation: 375/482...
Validation: 376/482...
Validation: 377/482...
Validation: 378/482...
Validation: 379/482...
Validation: 380/482...
Validation: 381/482...
Validation: 382/482...
Validation: 383/482...
Validation: 384/482...
Validation: 385/482...
Validation: 386/482...
Validation: 387/482...
Validation: 388/482...
Validation: 389/482...
Validation: 390/482...
Validation: 391/482...
Validation: 392/482...
Validation: 393/482...
Validation: 394/482...
Validation: 395/482...
Validation: 396/482...
Validation: 397/482...
Validation: 398/482...
Validation: 399/482...
Validation: 400/482...
Validation: 401/482...
Validation: 402/482...
Validation: 403/482...
Validation: 404/482...
Validation: 405/482...
Validation: 406/482...
Validation: 407/482...
Validation: 408/482...
Validation: 409/482...
Validation: 410/482...
Validation: 411/482...
Validation: 412/482...
Validation: 413/482...
Validation: 414/482...
Validation: 415/482...
Validation: 416/482...
Validation: 417/482...
Validation: 418/482...
Validation: 419/482...
Validation: 420/482...
Validation: 421/482...
Validation: 422/482...
Validation: 423/482...
Validation: 424/482...
Validation: 425/482...
Validation: 426/482...
Validation: 427/482...
Validation: 428/482...
Validation: 429/482...
Validation: 430/482...
Validation: 431/482...
Validation: 432/482...
Validation: 433/482...
Validation: 434/482...
Validation: 435/482...
Validation: 436/482...
Validation: 437/482...
Validation: 438/482...
Validation: 439/482...
Validation: 440/482...
Validation: 441/482...
Validation: 442/482...
Validation: 443/482...
Validation: 444/482...
Validation: 445/482...
Validation: 446/482...
Validation: 447/482...
Validation: 448/482...
Validation: 449/482...
Validation: 450/482...
Validation: 451/482...
Validation: 452/482...
Validation: 453/482...
Validation: 454/482...
Validation: 455/482...
Validation: 456/482...
Validation: 457/482...
Validation: 458/482...
Validation: 459/482...
Validation: 460/482...
Validation: 461/482...
Validation: 462/482...
Validation: 463/482...
Validation: 464/482...
Validation: 465/482...
Validation: 466/482...
Validation: 467/482...
Validation: 468/482...
Validation: 469/482...
Validation: 470/482...
Validation: 471/482...
Validation: 472/482...
Validation: 473/482...
Validation: 474/482...
Validation: 475/482...
Validation: 476/482...
Validation: 477/482...
Validation: 478/482...
Validation: 479/482...
Validation: 480/482...
Validation: 481/482...
Validation: 482/482...
Validation Metric: PSNR=12.62, LPIPS=0.7792...
====================================================================================================
Train: 016200/020000, Loss/MSE: t(1):4.4e-03/4.4e-03, t(8):1.9e-01/1.9e-01, t(15):3.1e-01/3.1e-01, lr:5.00e-05
Train: 016400/020000, Loss/MSE: t(1):4.2e-03/4.2e-03, t(8):1.9e-01/1.9e-01, t(15):3.3e-01/3.3e-01, lr:5.00e-05
Train: 016600/020000, Loss/MSE: t(1):4.2e-03/4.2e-03, t(8):2.0e-01/2.0e-01, t(15):3.3e-01/3.3e-01, lr:5.00e-05
Train: 016800/020000, Loss/MSE: t(1):3.7e-03/3.7e-03, t(8):1.9e-01/1.9e-01, t(15):3.1e-01/3.1e-01, lr:5.00e-05
Train: 017000/020000, Loss/MSE: t(1):4.2e-03/4.2e-03, t(8):1.9e-01/1.9e-01, t(15):3.3e-01/3.3e-01, lr:5.00e-05
Train: 017200/020000, Loss/MSE: t(1):3.7e-03/3.7e-03, t(8):2.0e-01/2.0e-01, t(15):3.4e-01/3.4e-01, lr:5.00e-05
Train: 017400/020000, Loss/MSE: t(1):4.0e-03/4.0e-03, t(8):1.9e-01/1.9e-01, t(15):3.1e-01/3.1e-01, lr:5.00e-05
Train: 017600/020000, Loss/MSE: t(1):4.3e-03/4.3e-03, t(8):2.0e-01/2.0e-01, t(15):3.2e-01/3.2e-01, lr:5.00e-05
Train: 017800/020000, Loss/MSE: t(1):4.0e-03/4.0e-03, t(8):1.9e-01/1.9e-01, t(15):3.2e-01/3.2e-01, lr:5.00e-05
Train: 018000/020000, Loss/MSE: t(1):3.9e-03/3.9e-03, t(8):1.9e-01/1.9e-01, t(15):3.3e-01/3.3e-01, lr:5.00e-05
Elapsed time: 1353.24s
====================================================================================================
Validation: 01/482...
Validation: 02/482...
Validation: 03/482...
Validation: 04/482...
Validation: 05/482...
Validation: 06/482...
Validation: 07/482...
Validation: 08/482...
Validation: 09/482...
Validation: 10/482...
Validation: 11/482...
Validation: 12/482...
Validation: 13/482...
Validation: 14/482...
Validation: 15/482...
Validation: 16/482...
Validation: 17/482...
Validation: 18/482...
Validation: 19/482...
Validation: 20/482...
Validation: 21/482...
Validation: 22/482...
Validation: 23/482...
Validation: 24/482...
Validation: 25/482...
Validation: 26/482...
Validation: 27/482...
Validation: 28/482...
Validation: 29/482...
Validation: 30/482...
Validation: 31/482...
Validation: 32/482...
Validation: 33/482...
Validation: 34/482...
Validation: 35/482...
Validation: 36/482...
Validation: 37/482...
Validation: 38/482...
Validation: 39/482...
Validation: 40/482...
Validation: 41/482...
Validation: 42/482...
Validation: 43/482...
Validation: 44/482...
Validation: 45/482...
Validation: 46/482...
Validation: 47/482...
Validation: 48/482...
Validation: 49/482...
Validation: 50/482...
Validation: 51/482...
Validation: 52/482...
Validation: 53/482...
Validation: 54/482...
Validation: 55/482...
Validation: 56/482...
Validation: 57/482...
Validation: 58/482...
Validation: 59/482...
Validation: 60/482...
Validation: 61/482...
Validation: 62/482...
Validation: 63/482...
Validation: 64/482...
Validation: 65/482...
Validation: 66/482...
Validation: 67/482...
Validation: 68/482...
Validation: 69/482...
Validation: 70/482...
Validation: 71/482...
Validation: 72/482...
Validation: 73/482...
Validation: 74/482...
Validation: 75/482...
Validation: 76/482...
Validation: 77/482...
Validation: 78/482...
Validation: 79/482...
Validation: 80/482...
Validation: 81/482...
Validation: 82/482...
Validation: 83/482...
Validation: 84/482...
Validation: 85/482...
Validation: 86/482...
Validation: 87/482...
Validation: 88/482...
Validation: 89/482...
Validation: 90/482...
Validation: 91/482...
Validation: 92/482...
Validation: 93/482...
Validation: 94/482...
Validation: 95/482...
Validation: 96/482...
Validation: 97/482...
Validation: 98/482...
Validation: 99/482...
Validation: 100/482...
Validation: 101/482...
Validation: 102/482...
Validation: 103/482...
Validation: 104/482...
Validation: 105/482...
Validation: 106/482...
Validation: 107/482...
Validation: 108/482...
Validation: 109/482...
Validation: 110/482...
Validation: 111/482...
Validation: 112/482...
Validation: 113/482...
Validation: 114/482...
Validation: 115/482...
Validation: 116/482...
Validation: 117/482...
Validation: 118/482...
Validation: 119/482...
Validation: 120/482...
Validation: 121/482...
Validation: 122/482...
Validation: 123/482...
Validation: 124/482...
Validation: 125/482...
Validation: 126/482...
Validation: 127/482...
Validation: 128/482...
Validation: 129/482...
Validation: 130/482...
Validation: 131/482...
Validation: 132/482...
Validation: 133/482...
Validation: 134/482...
Validation: 135/482...
Validation: 136/482...
Validation: 137/482...
Validation: 138/482...
Validation: 139/482...
Validation: 140/482...
Validation: 141/482...
Validation: 142/482...
Validation: 143/482...
Validation: 144/482...
Validation: 145/482...
Validation: 146/482...
Validation: 147/482...
Validation: 148/482...
Validation: 149/482...
Validation: 150/482...
Validation: 151/482...
Validation: 152/482...
Validation: 153/482...
Validation: 154/482...
Validation: 155/482...
Validation: 156/482...
Validation: 157/482...
Validation: 158/482...
Validation: 159/482...
Validation: 160/482...
Validation: 161/482...
Validation: 162/482...
Validation: 163/482...
Validation: 164/482...
Validation: 165/482...
Validation: 166/482...
Validation: 167/482...
Validation: 168/482...
Validation: 169/482...
Validation: 170/482...
Validation: 171/482...
Validation: 172/482...
Validation: 173/482...
Validation: 174/482...
Validation: 175/482...
Validation: 176/482...
Validation: 177/482...
Validation: 178/482...
Validation: 179/482...
Validation: 180/482...
Validation: 181/482...
Validation: 182/482...
Validation: 183/482...
Validation: 184/482...
Validation: 185/482...
Validation: 186/482...
Validation: 187/482...
Validation: 188/482...
Validation: 189/482...
Validation: 190/482...
Validation: 191/482...
Validation: 192/482...
Validation: 193/482...
Validation: 194/482...
Validation: 195/482...
Validation: 196/482...
Validation: 197/482...
Validation: 198/482...
Validation: 199/482...
Validation: 200/482...
Validation: 201/482...
Validation: 202/482...
Validation: 203/482...
Validation: 204/482...
Validation: 205/482...
Validation: 206/482...
Validation: 207/482...
Validation: 208/482...
Validation: 209/482...
Validation: 210/482...
Validation: 211/482...
Validation: 212/482...
Validation: 213/482...
Validation: 214/482...
Validation: 215/482...
Validation: 216/482...
Validation: 217/482...
Validation: 218/482...
Validation: 219/482...
Validation: 220/482...
Validation: 221/482...
Validation: 222/482...
Validation: 223/482...
Validation: 224/482...
Validation: 225/482...
Validation: 226/482...
Validation: 227/482...
Validation: 228/482...
Validation: 229/482...
Validation: 230/482...
Validation: 231/482...
Validation: 232/482...
Validation: 233/482...
Validation: 234/482...
Validation: 235/482...
Validation: 236/482...
Validation: 237/482...
Validation: 238/482...
Validation: 239/482...
Validation: 240/482...
Validation: 241/482...
Validation: 242/482...
Validation: 243/482...
Validation: 244/482...
Validation: 245/482...
Validation: 246/482...
Validation: 247/482...
Validation: 248/482...
Validation: 249/482...
Validation: 250/482...
Validation: 251/482...
Validation: 252/482...
Validation: 253/482...
Validation: 254/482...
Validation: 255/482...
Validation: 256/482...
Validation: 257/482...
Validation: 258/482...
Validation: 259/482...
Validation: 260/482...
Validation: 261/482...
Validation: 262/482...
Validation: 263/482...
Validation: 264/482...
Validation: 265/482...
Validation: 266/482...
Validation: 267/482...
Validation: 268/482...
Validation: 269/482...
Validation: 270/482...
Validation: 271/482...
Validation: 272/482...
Validation: 273/482...
Validation: 274/482...
Validation: 275/482...
Validation: 276/482...
Validation: 277/482...
Validation: 278/482...
Validation: 279/482...
Validation: 280/482...
Validation: 281/482...
Validation: 282/482...
Validation: 283/482...
Validation: 284/482...
Validation: 285/482...
Validation: 286/482...
Validation: 287/482...
Validation: 288/482...
Validation: 289/482...
Validation: 290/482...
Validation: 291/482...
Validation: 292/482...
Validation: 293/482...
Validation: 294/482...
Validation: 295/482...
Validation: 296/482...
Validation: 297/482...
Validation: 298/482...
Validation: 299/482...
Validation: 300/482...
Validation: 301/482...
Validation: 302/482...
Validation: 303/482...
Validation: 304/482...
Validation: 305/482...
Validation: 306/482...
Validation: 307/482...
Validation: 308/482...
Validation: 309/482...
Validation: 310/482...
Validation: 311/482...
Validation: 312/482...
Validation: 313/482...
Validation: 314/482...
Validation: 315/482...
Validation: 316/482...
Validation: 317/482...
Validation: 318/482...
Validation: 319/482...
Validation: 320/482...
Validation: 321/482...
Validation: 322/482...
Validation: 323/482...
Validation: 324/482...
Validation: 325/482...
Validation: 326/482...
Validation: 327/482...
Validation: 328/482...
Validation: 329/482...
Validation: 330/482...
Validation: 331/482...
Validation: 332/482...
Validation: 333/482...
Validation: 334/482...
Validation: 335/482...
Validation: 336/482...
Validation: 337/482...
Validation: 338/482...
Validation: 339/482...
Validation: 340/482...
Validation: 341/482...
Validation: 342/482...
Validation: 343/482...
Validation: 344/482...
Validation: 345/482...
Validation: 346/482...
Validation: 347/482...
Validation: 348/482...
Validation: 349/482...
Validation: 350/482...
Validation: 351/482...
Validation: 352/482...
Validation: 353/482...
Validation: 354/482...
Validation: 355/482...
Validation: 356/482...
Validation: 357/482...
Validation: 358/482...
Validation: 359/482...
Validation: 360/482...
Validation: 361/482...
Validation: 362/482...
Validation: 363/482...
Validation: 364/482...
Validation: 365/482...
Validation: 366/482...
Validation: 367/482...
Validation: 368/482...
Validation: 369/482...
Validation: 370/482...
Validation: 371/482...
Validation: 372/482...
Validation: 373/482...
Validation: 374/482...
Validation: 375/482...
Validation: 376/482...
Validation: 377/482...
Validation: 378/482...
Validation: 379/482...
Validation: 380/482...
Validation: 381/482...
Validation: 382/482...
Validation: 383/482...
Validation: 384/482...
Validation: 385/482...
Validation: 386/482...
Validation: 387/482...
Validation: 388/482...
Validation: 389/482...
Validation: 390/482...
Validation: 391/482...
Validation: 392/482...
Validation: 393/482...
Validation: 394/482...
Validation: 395/482...
Validation: 396/482...
Validation: 397/482...
Validation: 398/482...
Validation: 399/482...
Validation: 400/482...
Validation: 401/482...
Validation: 402/482...
Validation: 403/482...
Validation: 404/482...
Validation: 405/482...
Validation: 406/482...
Validation: 407/482...
Validation: 408/482...
Validation: 409/482...
Validation: 410/482...
Validation: 411/482...
Validation: 412/482...
Validation: 413/482...
Validation: 414/482...
Validation: 415/482...
Validation: 416/482...
Validation: 417/482...
Validation: 418/482...
Validation: 419/482...
Validation: 420/482...
Validation: 421/482...
Validation: 422/482...
Validation: 423/482...
Validation: 424/482...
Validation: 425/482...
Validation: 426/482...
Validation: 427/482...
Validation: 428/482...
Validation: 429/482...
Validation: 430/482...
Validation: 431/482...
Validation: 432/482...
Validation: 433/482...
Validation: 434/482...
Validation: 435/482...
Validation: 436/482...
Validation: 437/482...
Validation: 438/482...
Validation: 439/482...
Validation: 440/482...
Validation: 441/482...
Validation: 442/482...
Validation: 443/482...
Validation: 444/482...
Validation: 445/482...
Validation: 446/482...
Validation: 447/482...
Validation: 448/482...
Validation: 449/482...
Validation: 450/482...
Validation: 451/482...
Validation: 452/482...
Validation: 453/482...
Validation: 454/482...
Validation: 455/482...
Validation: 456/482...
Validation: 457/482...
Validation: 458/482...
Validation: 459/482...
Validation: 460/482...
Validation: 461/482...
Validation: 462/482...
Validation: 463/482...
Validation: 464/482...
Validation: 465/482...
Validation: 466/482...
Validation: 467/482...
Validation: 468/482...
Validation: 469/482...
Validation: 470/482...
Validation: 471/482...
Validation: 472/482...
Validation: 473/482...
Validation: 474/482...
Validation: 475/482...
Validation: 476/482...
Validation: 477/482...
Validation: 478/482...
Validation: 479/482...
Validation: 480/482...
Validation: 481/482...
Validation: 482/482...
Validation Metric: PSNR=12.44, LPIPS=0.7820...
====================================================================================================
Train: 018200/020000, Loss/MSE: t(1):3.8e-03/3.8e-03, t(8):1.9e-01/1.9e-01, t(15):3.4e-01/3.4e-01, lr:5.00e-05
Train: 018400/020000, Loss/MSE: t(1):4.2e-03/4.2e-03, t(8):2.0e-01/2.0e-01, t(15):4.0e-01/4.0e-01, lr:5.00e-05
Train: 018600/020000, Loss/MSE: t(1):3.6e-03/3.6e-03, t(8):1.9e-01/1.9e-01, t(15):3.1e-01/3.1e-01, lr:5.00e-05
Train: 018800/020000, Loss/MSE: t(1):4.0e-03/4.0e-03, t(8):1.8e-01/1.8e-01, t(15):3.3e-01/3.3e-01, lr:5.00e-05
Train: 019000/020000, Loss/MSE: t(1):3.7e-03/3.7e-03, t(8):2.0e-01/2.0e-01, t(15):3.5e-01/3.5e-01, lr:5.00e-05
Train: 019200/020000, Loss/MSE: t(1):4.1e-03/4.1e-03, t(8):2.0e-01/2.0e-01, t(15):3.2e-01/3.2e-01, lr:5.00e-05
Train: 019400/020000, Loss/MSE: t(1):3.8e-03/3.8e-03, t(8):1.9e-01/1.9e-01, t(15):3.5e-01/3.5e-01, lr:5.00e-05
Train: 019600/020000, Loss/MSE: t(1):3.6e-03/3.6e-03, t(8):1.9e-01/1.9e-01, t(15):3.2e-01/3.2e-01, lr:5.00e-05
Train: 019800/020000, Loss/MSE: t(1):3.5e-03/3.5e-03, t(8):1.9e-01/1.9e-01, t(15):3.4e-01/3.4e-01, lr:5.00e-05
Train: 020000/020000, Loss/MSE: t(1):3.4e-03/3.4e-03, t(8):1.9e-01/1.9e-01, t(15):3.3e-01/3.3e-01, lr:5.00e-05
Elapsed time: 1350.75s
====================================================================================================
Validation: 01/482...
Validation: 02/482...
Validation: 03/482...
Validation: 04/482...
Validation: 05/482...
Validation: 06/482...
Validation: 07/482...
Validation: 08/482...
Validation: 09/482...
Validation: 10/482...
Validation: 11/482...
Validation: 12/482...
Validation: 13/482...
Validation: 14/482...
Validation: 15/482...
Validation: 16/482...
Validation: 17/482...
Validation: 18/482...
Validation: 19/482...
Validation: 20/482...
Validation: 21/482...
Validation: 22/482...
Validation: 23/482...
Validation: 24/482...
Validation: 25/482...
Validation: 26/482...
Validation: 27/482...
Validation: 28/482...
Validation: 29/482...
Validation: 30/482...
Validation: 31/482...
Validation: 32/482...
Validation: 33/482...
Validation: 34/482...
Validation: 35/482...
Validation: 36/482...
Validation: 37/482...
Validation: 38/482...
Validation: 39/482...
Validation: 40/482...
Validation: 41/482...
Validation: 42/482...
Validation: 43/482...
Validation: 44/482...
Validation: 45/482...
Validation: 46/482...
Validation: 47/482...
Validation: 48/482...
Validation: 49/482...
Validation: 50/482...
Validation: 51/482...
Validation: 52/482...
Validation: 53/482...
Validation: 54/482...
Validation: 55/482...
Validation: 56/482...
Validation: 57/482...
Validation: 58/482...
Validation: 59/482...
Validation: 60/482...
Validation: 61/482...
Validation: 62/482...
Validation: 63/482...
Validation: 64/482...
Validation: 65/482...
Validation: 66/482...
Validation: 67/482...
Validation: 68/482...
Validation: 69/482...
Validation: 70/482...
Validation: 71/482...
Validation: 72/482...
Validation: 73/482...
Validation: 74/482...
Validation: 75/482...
Validation: 76/482...
Validation: 77/482...
Validation: 78/482...
Validation: 79/482...
Validation: 80/482...
Validation: 81/482...
Validation: 82/482...
Validation: 83/482...
Validation: 84/482...
Validation: 85/482...
Validation: 86/482...
Validation: 87/482...
Validation: 88/482...
Validation: 89/482...
Validation: 90/482...
Validation: 91/482...
Validation: 92/482...
Validation: 93/482...
Validation: 94/482...
Validation: 95/482...
Validation: 96/482...
Validation: 97/482...
Validation: 98/482...
Validation: 99/482...
Validation: 100/482...
Validation: 101/482...
Validation: 102/482...
Validation: 103/482...
Validation: 104/482...
Validation: 105/482...
Validation: 106/482...
Validation: 107/482...
Validation: 108/482...
Validation: 109/482...
Validation: 110/482...
Validation: 111/482...
Validation: 112/482...
Validation: 113/482...
Validation: 114/482...
Validation: 115/482...
Validation: 116/482...
Validation: 117/482...
Validation: 118/482...
Validation: 119/482...
Validation: 120/482...
Validation: 121/482...
Validation: 122/482...
Validation: 123/482...
Validation: 124/482...
Validation: 125/482...
Validation: 126/482...
Validation: 127/482...
Validation: 128/482...
Validation: 129/482...
Validation: 130/482...
Validation: 131/482...
Validation: 132/482...
Validation: 133/482...
Validation: 134/482...
Validation: 135/482...
Validation: 136/482...
Validation: 137/482...
Validation: 138/482...
Validation: 139/482...
Validation: 140/482...
Validation: 141/482...
Validation: 142/482...
Validation: 143/482...
Validation: 144/482...
Validation: 145/482...
Validation: 146/482...
Validation: 147/482...
Validation: 148/482...
Validation: 149/482...
Validation: 150/482...
Validation: 151/482...
Validation: 152/482...
Validation: 153/482...
Validation: 154/482...
Validation: 155/482...
Validation: 156/482...
Validation: 157/482...
Validation: 158/482...
Validation: 159/482...
Validation: 160/482...
Validation: 161/482...
Validation: 162/482...
Validation: 163/482...
Validation: 164/482...
Validation: 165/482...
Validation: 166/482...
Validation: 167/482...
Validation: 168/482...
Validation: 169/482...
Validation: 170/482...
Validation: 171/482...
Validation: 172/482...
Validation: 173/482...
Validation: 174/482...
Validation: 175/482...
Validation: 176/482...
Validation: 177/482...
Validation: 178/482...
Validation: 179/482...
Validation: 180/482...
Validation: 181/482...
Validation: 182/482...
Validation: 183/482...
Validation: 184/482...
Validation: 185/482...
Validation: 186/482...
Validation: 187/482...
Validation: 188/482...
Validation: 189/482...
Validation: 190/482...
Validation: 191/482...
Validation: 192/482...
Validation: 193/482...
Validation: 194/482...
Validation: 195/482...
Validation: 196/482...
Validation: 197/482...
Validation: 198/482...
Validation: 199/482...
Validation: 200/482...
Validation: 201/482...
Validation: 202/482...
Validation: 203/482...
Validation: 204/482...
Validation: 205/482...
Validation: 206/482...
Validation: 207/482...
Validation: 208/482...
Validation: 209/482...
Validation: 210/482...
Validation: 211/482...
Validation: 212/482...
Validation: 213/482...
Validation: 214/482...
Validation: 215/482...
Validation: 216/482...
Validation: 217/482...
Validation: 218/482...
Validation: 219/482...
Validation: 220/482...
Validation: 221/482...
Validation: 222/482...
Validation: 223/482...
Validation: 224/482...
Validation: 225/482...
Validation: 226/482...
Validation: 227/482...
Validation: 228/482...
Validation: 229/482...
Validation: 230/482...
Validation: 231/482...
Validation: 232/482...
Validation: 233/482...
Validation: 234/482...
Validation: 235/482...
Validation: 236/482...
Validation: 237/482...
Validation: 238/482...
Validation: 239/482...
Validation: 240/482...
Validation: 241/482...
Validation: 242/482...
Validation: 243/482...
Validation: 244/482...
Validation: 245/482...
Validation: 246/482...
Validation: 247/482...
Validation: 248/482...
Validation: 249/482...
Validation: 250/482...
Validation: 251/482...
Validation: 252/482...
Validation: 253/482...
Validation: 254/482...
Validation: 255/482...
Validation: 256/482...
Validation: 257/482...
Validation: 258/482...
Validation: 259/482...
Validation: 260/482...
Validation: 261/482...
Validation: 262/482...
Validation: 263/482...
Validation: 264/482...
Validation: 265/482...
Validation: 266/482...
Validation: 267/482...
Validation: 268/482...
Validation: 269/482...
Validation: 270/482...
Validation: 271/482...
Validation: 272/482...
Validation: 273/482...
Validation: 274/482...
Validation: 275/482...
Validation: 276/482...
Validation: 277/482...
Validation: 278/482...
Validation: 279/482...
Validation: 280/482...
Validation: 281/482...
Validation: 282/482...
Validation: 283/482...
Validation: 284/482...
Validation: 285/482...
Validation: 286/482...
Validation: 287/482...
Validation: 288/482...
Validation: 289/482...
Validation: 290/482...
Validation: 291/482...
Validation: 292/482...
Validation: 293/482...
Validation: 294/482...
Validation: 295/482...
Validation: 296/482...
Validation: 297/482...
Validation: 298/482...
Validation: 299/482...
Validation: 300/482...
Validation: 301/482...
Validation: 302/482...
Validation: 303/482...
Validation: 304/482...
Validation: 305/482...
Validation: 306/482...
Validation: 307/482...
Validation: 308/482...
Validation: 309/482...
Validation: 310/482...
Validation: 311/482...
Validation: 312/482...
Validation: 313/482...
Validation: 314/482...
Validation: 315/482...
Validation: 316/482...
Validation: 317/482...
Validation: 318/482...
Validation: 319/482...
Validation: 320/482...
Validation: 321/482...
Validation: 322/482...
Validation: 323/482...
Validation: 324/482...
Validation: 325/482...
Validation: 326/482...
Validation: 327/482...
Validation: 328/482...
Validation: 329/482...
Validation: 330/482...
Validation: 331/482...
Validation: 332/482...
Validation: 333/482...
Validation: 334/482...
Validation: 335/482...
Validation: 336/482...
Validation: 337/482...
Validation: 338/482...
Validation: 339/482...
Validation: 340/482...
Validation: 341/482...
Validation: 342/482...
Validation: 343/482...
Validation: 344/482...
Validation: 345/482...
Validation: 346/482...
Validation: 347/482...
Validation: 348/482...
Validation: 349/482...
Validation: 350/482...
Validation: 351/482...
Validation: 352/482...
Validation: 353/482...
Validation: 354/482...
Validation: 355/482...
Validation: 356/482...
Validation: 357/482...
Validation: 358/482...
Validation: 359/482...
Validation: 360/482...
Validation: 361/482...
Validation: 362/482...
Validation: 363/482...
Validation: 364/482...
Validation: 365/482...
Validation: 366/482...
Validation: 367/482...
Validation: 368/482...
Validation: 369/482...
Validation: 370/482...
Validation: 371/482...
Validation: 372/482...
Validation: 373/482...
Validation: 374/482...
Validation: 375/482...
Validation: 376/482...
Validation: 377/482...
Validation: 378/482...
Validation: 379/482...
Validation: 380/482...
Validation: 381/482...
Validation: 382/482...
Validation: 383/482...
Validation: 384/482...
Validation: 385/482...
Validation: 386/482...
Validation: 387/482...
Validation: 388/482...
Validation: 389/482...
Validation: 390/482...
Validation: 391/482...
Validation: 392/482...
Validation: 393/482...
Validation: 394/482...
Validation: 395/482...
Validation: 396/482...
Validation: 397/482...
Validation: 398/482...
Validation: 399/482...
Validation: 400/482...
Validation: 401/482...
Validation: 402/482...
Validation: 403/482...
Validation: 404/482...
Validation: 405/482...
Validation: 406/482...
Validation: 407/482...
Validation: 408/482...
Validation: 409/482...
Validation: 410/482...
Validation: 411/482...
Validation: 412/482...
Validation: 413/482...
Validation: 414/482...
Validation: 415/482...
Validation: 416/482...
Validation: 417/482...
Validation: 418/482...
Validation: 419/482...
Validation: 420/482...
Validation: 421/482...
Validation: 422/482...
Validation: 423/482...
Validation: 424/482...
Validation: 425/482...
Validation: 426/482...
Validation: 427/482...
Validation: 428/482...
Validation: 429/482...
Validation: 430/482...
Validation: 431/482...
Validation: 432/482...
Validation: 433/482...
Validation: 434/482...
Validation: 435/482...
Validation: 436/482...
Validation: 437/482...
Validation: 438/482...
Validation: 439/482...
Validation: 440/482...
Validation: 441/482...
Validation: 442/482...
Validation: 443/482...
Validation: 444/482...
Validation: 445/482...
Validation: 446/482...
Validation: 447/482...
Validation: 448/482...
Validation: 449/482...
Validation: 450/482...
Validation: 451/482...
Validation: 452/482...
Validation: 453/482...
Validation: 454/482...
Validation: 455/482...
Validation: 456/482...
Validation: 457/482...
Validation: 458/482...
Validation: 459/482...
Validation: 460/482...
Validation: 461/482...
Validation: 462/482...
Validation: 463/482...
Validation: 464/482...
Validation: 465/482...
Validation: 466/482...
Validation: 467/482...
Validation: 468/482...
Validation: 469/482...
Validation: 470/482...
Validation: 471/482...
Validation: 472/482...
Validation: 473/482...
Validation: 474/482...
Validation: 475/482...
Validation: 476/482...
Validation: 477/482...
Validation: 478/482...
Validation: 479/482...
Validation: 480/482...
Validation: 481/482...
Validation: 482/482...
Validation Metric: PSNR=12.69, LPIPS=0.7782...
====================================================================================================
2026-07-13 12:47:18,670 [INFO] Entrenamiento completado. Checkpoints en: models\resshift_finetuned\resshift_fold_3_s15_lr5e5
2026-07-13 12:47:31,025 [INFO] ============================================================
2026-07-13 12:47:31,025 [INFO] ENTRENAMIENTO/FINETUNE — ResShift
2026-07-13 12:47:31,025 [INFO] ============================================================
2026-07-13 12:47:31,025 [INFO]   hr_dir: data\sr_kfold\fold_4\train\hr
2026-07-13 12:47:31,025 [INFO]   lr_dir: data\sr_kfold\fold_4\train\lr
2026-07-13 12:47:31,025 [INFO]   val_hr_dir: data\sr_kfold\fold_4\val\hr
2026-07-13 12:47:31,025 [INFO]   val_lr_dir: data\sr_kfold\fold_4\val\lr
2026-07-13 12:47:31,025 [INFO]   scale: 4
2026-07-13 12:47:31,025 [INFO]   config: ResShift\configs\realsr_swinunet_realesrgan256.yaml
2026-07-13 12:47:31,025 [INFO]   pretrained_ckpt: None
2026-07-13 12:47:31,025 [INFO]   iterations: 20000
2026-07-13 12:47:31,025 [INFO]   batch_size: 2
2026-07-13 12:47:31,025 [INFO]   lr: 5e-05
2026-07-13 12:47:31,025 [INFO]   save_freq: 2000
2026-07-13 12:47:31,025 [INFO]   val_freq: 2000
2026-07-13 12:47:31,025 [INFO]   resume_from: None
2026-07-13 12:47:31,026 [INFO]   tune_decoder: False
2026-07-13 12:47:31,026 [INFO]   lora_tune_decoder: False
2026-07-13 12:47:31,026 [INFO]   ema_rate: None
2026-07-13 12:47:31,026 [INFO]   augment: True
2026-07-13 12:47:31,026 [INFO]   num_workers: 2
2026-07-13 12:47:31,026 [INFO]   grad_accum_steps: 2
2026-07-13 12:47:31,026 [INFO]   output_dir: models\resshift_finetuned
2026-07-13 12:47:31,026 [INFO]   seed: 42
2026-07-13 12:47:31,026 [INFO]   exp_name: resshift_fold_4_s15_lr5e5
2026-07-13 12:47:31,026 [INFO]   log_level: INFO
2026-07-13 12:47:31,026 [INFO] ============================================================
2026-07-13 12:47:31,160 [INFO] Config base: ResShift\configs\realsr_swinunet_realesrgan256.yaml
2026-07-13 12:47:31,227 [INFO] YAML de finetune generado en: models\resshift_finetuned\resshift_fold_4_s15_lr5e5\finetune_config.yaml
2026-07-13 12:47:31,228 [INFO] Cargando configuración desde: models\resshift_finetuned\resshift_fold_4_s15_lr5e5\finetune_config.yaml
2026-07-13 12:47:31,271 [INFO] Inicializando trainer...
2026-07-13 12:47:55,566 [INFO] Iniciando entrenamiento por 20000 iteraciones...
trainer:
  target: custom_trainer.TrainerDifIRFixedVal
model:
  target: models.unet.UNetModelSwin
  ckpt_path: null
  params:
    image_size: 64
    in_channels: 3
    model_channels: 160
    out_channels: 3
    attention_resolutions:
    - 64
    - 32
    - 16
    - 8
    dropout: 0
    channel_mult:
    - 1
    - 2
    - 2
    - 4
    num_res_blocks:
    - 2
    - 2
    - 2
    - 2
    conv_resample: true
    dims: 2
    use_fp16: false
    num_head_channels: 32
    use_scale_shift_norm: true
    resblock_updown: false
    swin_depth: 2
    swin_embed_dim: 192
    window_size: 8
    mlp_ratio: 4
    cond_lq: true
    lq_size: 64
diffusion:
  target: models.script_util.create_gaussian_diffusion
  params:
    sf: 4
    schedule_name: exponential
    schedule_kwargs:
      power: 0.3
    etas_end: 0.99
    steps: 15
    min_noise_level: 0.04
    kappa: 2.0
    weighted_mse: false
    predict_type: xstart
    timestep_respacing: null
    scale_factor: 1.0
    normalize_input: true
    latent_flag: true
autoencoder:
  target: ldm.models.autoencoder.VQModelTorch
  ckpt_path: C:\TFM\ResShift\weights\autoencoder_vq_f4.pth
  use_fp16: true
  params:
    embed_dim: 3
    n_embed: 8192
    ddconfig:
      double_z: false
      z_channels: 3
      resolution: 256
      in_channels: 3
      out_ch: 3
      ch: 128
      ch_mult:
      - 1
      - 2
      - 4
      num_res_blocks: 2
      attn_resolutions: []
      dropout: 0.0
      padding_mode: zeros
    lora_tune_decoder: false
  tune_decoder: false
degradation:
  sf: 4
  resize_prob:
  - 0.2
  - 0.7
  - 0.1
  resize_range:
  - 0.15
  - 1.5
  gaussian_noise_prob: 0.5
  noise_range:
  - 1
  - 30
  poisson_scale_range:
  - 0.05
  - 3.0
  gray_noise_prob: 0.4
  jpeg_range:
  - 30
  - 95
  second_order_prob: 0.5
  second_blur_prob: 0.8
  resize_prob2:
  - 0.3
  - 0.4
  - 0.3
  resize_range2:
  - 0.3
  - 1.2
  gaussian_noise_prob2: 0.5
  noise_range2:
  - 1
  - 25
  poisson_scale_range2:
  - 0.05
  - 2.5
  gray_noise_prob2: 0.4
  jpeg_range2:
  - 30
  - 95
  gt_size: 256
  resize_back: false
  use_sharp: false
data:
  train:
    type: realesrgan
    params:
      dir_paths:
      - C:\TFM\data\sr_kfold\fold_4\train\hr
      txt_file_path: []
      im_exts:
      - JPG
      - jpg
      - png
      - PNG
      - jpeg
      io_backend:
        type: disk
      blur_kernel_size: 21
      kernel_list:
      - iso
      - aniso
      - generalized_iso
      - generalized_aniso
      - plateau_iso
      - plateau_aniso
      kernel_prob:
      - 0.45
      - 0.25
      - 0.12
      - 0.03
      - 0.12
      - 0.03
      sinc_prob: 0.1
      blur_sigma:
      - 0.2
      - 3.0
      betag_range:
      - 0.5
      - 4.0
      betap_range:
      - 1
      - 2.0
      blur_kernel_size2: 15
      kernel_list2:
      - iso
      - aniso
      - generalized_iso
      - generalized_aniso
      - plateau_iso
      - plateau_aniso
      kernel_prob2:
      - 0.45
      - 0.25
      - 0.12
      - 0.03
      - 0.12
      - 0.03
      sinc_prob2: 0.1
      blur_sigma2:
      - 0.2
      - 1.5
      betag_range2:
      - 0.5
      - 4.0
      betap_range2:
      - 1
      - 2.0
      final_sinc_prob: 0.8
      gt_size: 256
      crop_pad_size: 300
      use_hflip: true
      use_rot: true
      rescale_gt: true
  val:
    type: base
    params:
      dir_path: C:\TFM\data\sr_kfold\fold_4\val\hr
      im_exts: png
      transform_type: default
      transform_kwargs:
        mean: 0.5
        std: 0.5
      extra_dir_path: C:\TFM\data\sr_kfold\fold_4\val\lr
      extra_transform_type: default
      extra_transform_kwargs:
        mean: 0.5
        std: 0.5
      recursive: false
train:
  lr: 5.0e-05
  lr_min: 2.0e-05
  lr_schedule: null
  warmup_iterations: 5000
  batch:
  - 4
  - 1
  microbatch: 2
  num_workers: 2
  prefetch_factor: 2
  weight_decay: 0
  ema_rate: 0.999
  iterations: 20000
  save_freq: 2000
  log_freq:
  - 200
  - 400
  - 1
  local_logging: true
  tf_logging: false
  use_ema_val: true
  val_freq: 2000
  val_y_channel: true
  val_resolution: ${model.params.lq_size}
  val_padding_mode: constant
  use_amp: true
  seed: 42
  global_seeding: false
  compile:
    flag: false
    mode: reduce-overhead
save_dir: C:\TFM\models\resshift_finetuned\resshift_fold_4_s15_lr5e5
resume: ''

E:\Anaconda\envs\resshift\lib\site-packages\timm\models\layers\__init__.py:49: FutureWarning: Importing from timm.models.layers is deprecated, please import via timm.layers
  warnings.warn(f"Importing from {__name__} is deprecated, please import via timm.layers", FutureWarning)
2026-07-13 12:48:00,202 [WARNING] A matching Triton is not available, some optimizations will not be enabled
Traceback (most recent call last):
  File "E:\Anaconda\envs\resshift\lib\site-packages\xformers\__init__.py", line 57, in _is_triton_available
    import triton  # noqa
ModuleNotFoundError: No module named 'triton'
E:\Anaconda\envs\resshift\lib\site-packages\torch\functional.py:554: UserWarning: torch.meshgrid: in an upcoming release, it will be required to pass the indexing argument. (Triggered internally at C:\actions-runner\_work\pytorch\pytorch\pytorch\aten\src\ATen\native\TensorShape.cpp:4316.)
  return _VF.meshgrid(tensors, **kwargs)  # type: ignore[attr-defined]
Number of parameters: 118.59M
Restoring autoencoder from C:\TFM\ResShift\weights\autoencoder_vq_f4.pth
building MemoryEfficientAttnBlock with 512 in_channels...
Working with z of shape (1, 3, 64, 64) = 12288 dimensions.
building MemoryEfficientAttnBlock with 512 in_channels...
Loading autoencoder from C:\TFM\ResShift\weights\autoencoder_vq_f4.pth...
Loaded Done
Loading LIIPS Metric: vgg...
E:\Anaconda\envs\resshift\lib\site-packages\torchvision\models\_utils.py:208: UserWarning: The parameter 'pretrained' is deprecated since 0.13 and may be removed in the future, please use 'weights' instead.
  warnings.warn(
E:\Anaconda\envs\resshift\lib\site-packages\torchvision\models\_utils.py:223: UserWarning: Arguments other than a weight enum or `None` for 'weights' are deprecated since 0.13 and may be removed in the future. The current behavior is equivalent to passing `weights=VGG16_Weights.IMAGENET1K_V1`. You can also use `weights=VGG16_Weights.DEFAULT` to get the most up-to-date weights.
  warnings.warn(msg)
C:\TFM\ResShift\trainer.py:200: FutureWarning: `torch.cuda.amp.GradScaler(args...)` is deprecated. Please use `torch.amp.GradScaler('cuda', args...)` instead.
  self.amp_scaler = amp.GradScaler() if self.configs.train.use_amp else None
Setting up [LPIPS] perceptual loss: trunk [vgg], v[0.1], spatial [off]
Loading model from: E:\Anaconda\envs\resshift\lib\site-packages\lpips\weights\v0.1\vgg.pth
Number of images in train data set: 3856
Number of images in val data set: 482
C:\TFM\ResShift\trainer.py:731: FutureWarning: `torch.cuda.amp.autocast(args...)` is deprecated. Please use `torch.amp.autocast('cuda', args...)` instead.
  with context():
Train: 000200/020000, Loss/MSE: t(1):6.2e-01/6.2e-01, t(8):7.0e-01/7.0e-01, t(15):8.1e-01/8.1e-01, lr:1.99e-06
Train: 000400/020000, Loss/MSE: t(1):2.5e-01/2.5e-01, t(8):4.0e-01/4.0e-01, t(15):6.2e-01/6.2e-01, lr:3.99e-06
Train: 000600/020000, Loss/MSE: t(1):9.6e-02/9.6e-02, t(8):3.1e-01/3.1e-01, t(15):5.6e-01/5.6e-01, lr:5.99e-06
Train: 000800/020000, Loss/MSE: t(1):5.9e-02/5.9e-02, t(8):2.9e-01/2.9e-01, t(15):4.7e-01/4.7e-01, lr:7.99e-06
Train: 001000/020000, Loss/MSE: t(1):3.9e-02/3.9e-02, t(8):2.8e-01/2.8e-01, t(15):4.3e-01/4.3e-01, lr:9.99e-06
Train: 001200/020000, Loss/MSE: t(1):3.3e-02/3.3e-02, t(8):2.7e-01/2.7e-01, t(15):4.4e-01/4.4e-01, lr:1.20e-05
Train: 001400/020000, Loss/MSE: t(1):2.6e-02/2.6e-02, t(8):2.6e-01/2.6e-01, t(15):4.1e-01/4.1e-01, lr:1.40e-05
Train: 001600/020000, Loss/MSE: t(1):2.4e-02/2.4e-02, t(8):2.6e-01/2.6e-01, t(15):4.0e-01/4.0e-01, lr:1.60e-05
Train: 001800/020000, Loss/MSE: t(1):1.9e-02/1.9e-02, t(8):2.6e-01/2.6e-01, t(15):4.1e-01/4.1e-01, lr:1.80e-05
Train: 002000/020000, Loss/MSE: t(1):1.6e-02/1.6e-02, t(8):2.5e-01/2.5e-01, t(15):4.1e-01/4.1e-01, lr:2.00e-05
Elapsed time: 1360.52s
====================================================================================================
Validation: 01/482...
Validation: 02/482...
Validation: 03/482...
Validation: 04/482...
Validation: 05/482...
Validation: 06/482...
Validation: 07/482...
Validation: 08/482...
Validation: 09/482...
Validation: 10/482...
Validation: 11/482...
Validation: 12/482...
Validation: 13/482...
Validation: 14/482...
Validation: 15/482...
Validation: 16/482...
Validation: 17/482...
Validation: 18/482...
Validation: 19/482...
Validation: 20/482...
Validation: 21/482...
Validation: 22/482...
Validation: 23/482...
Validation: 24/482...
Validation: 25/482...
Validation: 26/482...
Validation: 27/482...
Validation: 28/482...
Validation: 29/482...
Validation: 30/482...
Validation: 31/482...
Validation: 32/482...
Validation: 33/482...
Validation: 34/482...
Validation: 35/482...
Validation: 36/482...
Validation: 37/482...
Validation: 38/482...
Validation: 39/482...
Validation: 40/482...
Validation: 41/482...
Validation: 42/482...
Validation: 43/482...
Validation: 44/482...
Validation: 45/482...
Validation: 46/482...
Validation: 47/482...
Validation: 48/482...
Validation: 49/482...
Validation: 50/482...
Validation: 51/482...
Validation: 52/482...
Validation: 53/482...
Validation: 54/482...
Validation: 55/482...
Validation: 56/482...
Validation: 57/482...
Validation: 58/482...
Validation: 59/482...
Validation: 60/482...
Validation: 61/482...
Validation: 62/482...
Validation: 63/482...
Validation: 64/482...
Validation: 65/482...
Validation: 66/482...
Validation: 67/482...
Validation: 68/482...
Validation: 69/482...
Validation: 70/482...
Validation: 71/482...
Validation: 72/482...
Validation: 73/482...
Validation: 74/482...
Validation: 75/482...
Validation: 76/482...
Validation: 77/482...
Validation: 78/482...
Validation: 79/482...
Validation: 80/482...
Validation: 81/482...
Validation: 82/482...
Validation: 83/482...
Validation: 84/482...
Validation: 85/482...
Validation: 86/482...
Validation: 87/482...
Validation: 88/482...
Validation: 89/482...
Validation: 90/482...
Validation: 91/482...
Validation: 92/482...
Validation: 93/482...
Validation: 94/482...
Validation: 95/482...
Validation: 96/482...
Validation: 97/482...
Validation: 98/482...
Validation: 99/482...
Validation: 100/482...
Validation: 101/482...
Validation: 102/482...
Validation: 103/482...
Validation: 104/482...
Validation: 105/482...
Validation: 106/482...
Validation: 107/482...
Validation: 108/482...
Validation: 109/482...
Validation: 110/482...
Validation: 111/482...
Validation: 112/482...
Validation: 113/482...
Validation: 114/482...
Validation: 115/482...
Validation: 116/482...
Validation: 117/482...
Validation: 118/482...
Validation: 119/482...
Validation: 120/482...
Validation: 121/482...
Validation: 122/482...
Validation: 123/482...
Validation: 124/482...
Validation: 125/482...
Validation: 126/482...
Validation: 127/482...
Validation: 128/482...
Validation: 129/482...
Validation: 130/482...
Validation: 131/482...
Validation: 132/482...
Validation: 133/482...
Validation: 134/482...
Validation: 135/482...
Validation: 136/482...
Validation: 137/482...
Validation: 138/482...
Validation: 139/482...
Validation: 140/482...
Validation: 141/482...
Validation: 142/482...
Validation: 143/482...
Validation: 144/482...
Validation: 145/482...
Validation: 146/482...
Validation: 147/482...
Validation: 148/482...
Validation: 149/482...
Validation: 150/482...
Validation: 151/482...
Validation: 152/482...
Validation: 153/482...
Validation: 154/482...
Validation: 155/482...
Validation: 156/482...
Validation: 157/482...
Validation: 158/482...
Validation: 159/482...
Validation: 160/482...
Validation: 161/482...
Validation: 162/482...
Validation: 163/482...
Validation: 164/482...
Validation: 165/482...
Validation: 166/482...
Validation: 167/482...
Validation: 168/482...
Validation: 169/482...
Validation: 170/482...
Validation: 171/482...
Validation: 172/482...
Validation: 173/482...
Validation: 174/482...
Validation: 175/482...
Validation: 176/482...
Validation: 177/482...
Validation: 178/482...
Validation: 179/482...
Validation: 180/482...
Validation: 181/482...
Validation: 182/482...
Validation: 183/482...
Validation: 184/482...
Validation: 185/482...
Validation: 186/482...
Validation: 187/482...
Validation: 188/482...
Validation: 189/482...
Validation: 190/482...
Validation: 191/482...
Validation: 192/482...
Validation: 193/482...
Validation: 194/482...
Validation: 195/482...
Validation: 196/482...
Validation: 197/482...
Validation: 198/482...
Validation: 199/482...
Validation: 200/482...
Validation: 201/482...
Validation: 202/482...
Validation: 203/482...
Validation: 204/482...
Validation: 205/482...
Validation: 206/482...
Validation: 207/482...
Validation: 208/482...
Validation: 209/482...
Validation: 210/482...
Validation: 211/482...
Validation: 212/482...
Validation: 213/482...
Validation: 214/482...
Validation: 215/482...
Validation: 216/482...
Validation: 217/482...
Validation: 218/482...
Validation: 219/482...
Validation: 220/482...
Validation: 221/482...
Validation: 222/482...
Validation: 223/482...
Validation: 224/482...
Validation: 225/482...
Validation: 226/482...
Validation: 227/482...
Validation: 228/482...
Validation: 229/482...
Validation: 230/482...
Validation: 231/482...
Validation: 232/482...
Validation: 233/482...
Validation: 234/482...
Validation: 235/482...
Validation: 236/482...
Validation: 237/482...
Validation: 238/482...
Validation: 239/482...
Validation: 240/482...
Validation: 241/482...
Validation: 242/482...
Validation: 243/482...
Validation: 244/482...
Validation: 245/482...
Validation: 246/482...
Validation: 247/482...
Validation: 248/482...
Validation: 249/482...
Validation: 250/482...
Validation: 251/482...
Validation: 252/482...
Validation: 253/482...
Validation: 254/482...
Validation: 255/482...
Validation: 256/482...
Validation: 257/482...
Validation: 258/482...
Validation: 259/482...
Validation: 260/482...
Validation: 261/482...
Validation: 262/482...
Validation: 263/482...
Validation: 264/482...
Validation: 265/482...
Validation: 266/482...
Validation: 267/482...
Validation: 268/482...
Validation: 269/482...
Validation: 270/482...
Validation: 271/482...
Validation: 272/482...
Validation: 273/482...
Validation: 274/482...
Validation: 275/482...
Validation: 276/482...
Validation: 277/482...
Validation: 278/482...
Validation: 279/482...
Validation: 280/482...
Validation: 281/482...
Validation: 282/482...
Validation: 283/482...
Validation: 284/482...
Validation: 285/482...
Validation: 286/482...
Validation: 287/482...
Validation: 288/482...
Validation: 289/482...
Validation: 290/482...
Validation: 291/482...
Validation: 292/482...
Validation: 293/482...
Validation: 294/482...
Validation: 295/482...
Validation: 296/482...
Validation: 297/482...
Validation: 298/482...
Validation: 299/482...
Validation: 300/482...
Validation: 301/482...
Validation: 302/482...
Validation: 303/482...
Validation: 304/482...
Validation: 305/482...
Validation: 306/482...
Validation: 307/482...
Validation: 308/482...
Validation: 309/482...
Validation: 310/482...
Validation: 311/482...
Validation: 312/482...
Validation: 313/482...
Validation: 314/482...
Validation: 315/482...
Validation: 316/482...
Validation: 317/482...
Validation: 318/482...
Validation: 319/482...
Validation: 320/482...
Validation: 321/482...
Validation: 322/482...
Validation: 323/482...
Validation: 324/482...
Validation: 325/482...
Validation: 326/482...
Validation: 327/482...
Validation: 328/482...
Validation: 329/482...
Validation: 330/482...
Validation: 331/482...
Validation: 332/482...
Validation: 333/482...
Validation: 334/482...
Validation: 335/482...
Validation: 336/482...
Validation: 337/482...
Validation: 338/482...
Validation: 339/482...
Validation: 340/482...
Validation: 341/482...
Validation: 342/482...
Validation: 343/482...
Validation: 344/482...
Validation: 345/482...
Validation: 346/482...
Validation: 347/482...
Validation: 348/482...
Validation: 349/482...
Validation: 350/482...
Validation: 351/482...
Validation: 352/482...
Validation: 353/482...
Validation: 354/482...
Validation: 355/482...
Validation: 356/482...
Validation: 357/482...
Validation: 358/482...
Validation: 359/482...
Validation: 360/482...
Validation: 361/482...
Validation: 362/482...
Validation: 363/482...
Validation: 364/482...
Validation: 365/482...
Validation: 366/482...
Validation: 367/482...
Validation: 368/482...
Validation: 369/482...
Validation: 370/482...
Validation: 371/482...
Validation: 372/482...
Validation: 373/482...
Validation: 374/482...
Validation: 375/482...
Validation: 376/482...
Validation: 377/482...
Validation: 378/482...
Validation: 379/482...
Validation: 380/482...
Validation: 381/482...
Validation: 382/482...
Validation: 383/482...
Validation: 384/482...
Validation: 385/482...
Validation: 386/482...
Validation: 387/482...
Validation: 388/482...
Validation: 389/482...
Validation: 390/482...
Validation: 391/482...
Validation: 392/482...
Validation: 393/482...
Validation: 394/482...
Validation: 395/482...
Validation: 396/482...
Validation: 397/482...
Validation: 398/482...
Validation: 399/482...
Validation: 400/482...
Validation: 401/482...
Validation: 402/482...
Validation: 403/482...
Validation: 404/482...
Validation: 405/482...
Validation: 406/482...
Validation: 407/482...
Validation: 408/482...
Validation: 409/482...
Validation: 410/482...
Validation: 411/482...
Validation: 412/482...
Validation: 413/482...
Validation: 414/482...
Validation: 415/482...
Validation: 416/482...
Validation: 417/482...
Validation: 418/482...
Validation: 419/482...
Validation: 420/482...
Validation: 421/482...
Validation: 422/482...
Validation: 423/482...
Validation: 424/482...
Validation: 425/482...
Validation: 426/482...
Validation: 427/482...
Validation: 428/482...
Validation: 429/482...
Validation: 430/482...
Validation: 431/482...
Validation: 432/482...
Validation: 433/482...
Validation: 434/482...
Validation: 435/482...
Validation: 436/482...
Validation: 437/482...
Validation: 438/482...
Validation: 439/482...
Validation: 440/482...
Validation: 441/482...
Validation: 442/482...
Validation: 443/482...
Validation: 444/482...
Validation: 445/482...
Validation: 446/482...
Validation: 447/482...
Validation: 448/482...
Validation: 449/482...
Validation: 450/482...
Validation: 451/482...
Validation: 452/482...
Validation: 453/482...
Validation: 454/482...
Validation: 455/482...
Validation: 456/482...
Validation: 457/482...
Validation: 458/482...
Validation: 459/482...
Validation: 460/482...
Validation: 461/482...
Validation: 462/482...
Validation: 463/482...
Validation: 464/482...
Validation: 465/482...
Validation: 466/482...
Validation: 467/482...
Validation: 468/482...
Validation: 469/482...
Validation: 470/482...
Validation: 471/482...
Validation: 472/482...
Validation: 473/482...
Validation: 474/482...
Validation: 475/482...
Validation: 476/482...
Validation: 477/482...
Validation: 478/482...
Validation: 479/482...
Validation: 480/482...
Validation: 481/482...
Validation: 482/482...
Validation Metric: PSNR=11.90, LPIPS=0.7537...
====================================================================================================
Train: 002200/020000, Loss/MSE: t(1):1.6e-02/1.6e-02, t(8):2.5e-01/2.5e-01, t(15):3.9e-01/3.9e-01, lr:2.20e-05
Train: 002400/020000, Loss/MSE: t(1):1.5e-02/1.5e-02, t(8):2.5e-01/2.5e-01, t(15):3.6e-01/3.6e-01, lr:2.40e-05
Train: 002600/020000, Loss/MSE: t(1):1.4e-02/1.4e-02, t(8):2.5e-01/2.5e-01, t(15):4.1e-01/4.1e-01, lr:2.60e-05
Train: 002800/020000, Loss/MSE: t(1):1.3e-02/1.3e-02, t(8):2.5e-01/2.5e-01, t(15):4.0e-01/4.0e-01, lr:2.80e-05
Train: 003000/020000, Loss/MSE: t(1):1.4e-02/1.4e-02, t(8):2.4e-01/2.4e-01, t(15):3.6e-01/3.6e-01, lr:3.00e-05
Train: 003200/020000, Loss/MSE: t(1):1.2e-02/1.2e-02, t(8):2.4e-01/2.4e-01, t(15):3.8e-01/3.8e-01, lr:3.20e-05
Train: 003400/020000, Loss/MSE: t(1):1.3e-02/1.3e-02, t(8):2.4e-01/2.4e-01, t(15):4.1e-01/4.1e-01, lr:3.40e-05
Train: 003600/020000, Loss/MSE: t(1):1.1e-02/1.1e-02, t(8):2.4e-01/2.4e-01, t(15):3.6e-01/3.6e-01, lr:3.60e-05
Train: 003800/020000, Loss/MSE: t(1):1.3e-02/1.3e-02, t(8):2.5e-01/2.5e-01, t(15):3.7e-01/3.7e-01, lr:3.80e-05
Train: 004000/020000, Loss/MSE: t(1):1.1e-02/1.1e-02, t(8):2.4e-01/2.4e-01, t(15):4.0e-01/4.0e-01, lr:4.00e-05
Elapsed time: 1360.71s
====================================================================================================
Validation: 01/482...
Validation: 02/482...
Validation: 03/482...
Validation: 04/482...
Validation: 05/482...
Validation: 06/482...
Validation: 07/482...
Validation: 08/482...
Validation: 09/482...
Validation: 10/482...
Validation: 11/482...
Validation: 12/482...
Validation: 13/482...
Validation: 14/482...
Validation: 15/482...
Validation: 16/482...
Validation: 17/482...
Validation: 18/482...
Validation: 19/482...
Validation: 20/482...
Validation: 21/482...
Validation: 22/482...
Validation: 23/482...
Validation: 24/482...
Validation: 25/482...
Validation: 26/482...
Validation: 27/482...
Validation: 28/482...
Validation: 29/482...
Validation: 30/482...
Validation: 31/482...
Validation: 32/482...
Validation: 33/482...
Validation: 34/482...
Validation: 35/482...
Validation: 36/482...
Validation: 37/482...
Validation: 38/482...
Validation: 39/482...
Validation: 40/482...
Validation: 41/482...
Validation: 42/482...
Validation: 43/482...
Validation: 44/482...
Validation: 45/482...
Validation: 46/482...
Validation: 47/482...
Validation: 48/482...
Validation: 49/482...
Validation: 50/482...
Validation: 51/482...
Validation: 52/482...
Validation: 53/482...
Validation: 54/482...
Validation: 55/482...
Validation: 56/482...
Validation: 57/482...
Validation: 58/482...
Validation: 59/482...
Validation: 60/482...
Validation: 61/482...
Validation: 62/482...
Validation: 63/482...
Validation: 64/482...
Validation: 65/482...
Validation: 66/482...
Validation: 67/482...
Validation: 68/482...
Validation: 69/482...
Validation: 70/482...
Validation: 71/482...
Validation: 72/482...
Validation: 73/482...
Validation: 74/482...
Validation: 75/482...
Validation: 76/482...
Validation: 77/482...
Validation: 78/482...
Validation: 79/482...
Validation: 80/482...
Validation: 81/482...
Validation: 82/482...
Validation: 83/482...
Validation: 84/482...
Validation: 85/482...
Validation: 86/482...
Validation: 87/482...
Validation: 88/482...
Validation: 89/482...
Validation: 90/482...
Validation: 91/482...
Validation: 92/482...
Validation: 93/482...
Validation: 94/482...
Validation: 95/482...
Validation: 96/482...
Validation: 97/482...
Validation: 98/482...
Validation: 99/482...
Validation: 100/482...
Validation: 101/482...
Validation: 102/482...
Validation: 103/482...
Validation: 104/482...
Validation: 105/482...
Validation: 106/482...
Validation: 107/482...
Validation: 108/482...
Validation: 109/482...
Validation: 110/482...
Validation: 111/482...
Validation: 112/482...
Validation: 113/482...
Validation: 114/482...
Validation: 115/482...
Validation: 116/482...
Validation: 117/482...
Validation: 118/482...
Validation: 119/482...
Validation: 120/482...
Validation: 121/482...
Validation: 122/482...
Validation: 123/482...
Validation: 124/482...
Validation: 125/482...
Validation: 126/482...
Validation: 127/482...
Validation: 128/482...
Validation: 129/482...
Validation: 130/482...
Validation: 131/482...
Validation: 132/482...
Validation: 133/482...
Validation: 134/482...
Validation: 135/482...
Validation: 136/482...
Validation: 137/482...
Validation: 138/482...
Validation: 139/482...
Validation: 140/482...
Validation: 141/482...
Validation: 142/482...
Validation: 143/482...
Validation: 144/482...
Validation: 145/482...
Validation: 146/482...
Validation: 147/482...
Validation: 148/482...
Validation: 149/482...
Validation: 150/482...
Validation: 151/482...
Validation: 152/482...
Validation: 153/482...
Validation: 154/482...
Validation: 155/482...
Validation: 156/482...
Validation: 157/482...
Validation: 158/482...
Validation: 159/482...
Validation: 160/482...
Validation: 161/482...
Validation: 162/482...
Validation: 163/482...
Validation: 164/482...
Validation: 165/482...
Validation: 166/482...
Validation: 167/482...
Validation: 168/482...
Validation: 169/482...
Validation: 170/482...
Validation: 171/482...
Validation: 172/482...
Validation: 173/482...
Validation: 174/482...
Validation: 175/482...
Validation: 176/482...
Validation: 177/482...
Validation: 178/482...
Validation: 179/482...
Validation: 180/482...
Validation: 181/482...
Validation: 182/482...
Validation: 183/482...
Validation: 184/482...
Validation: 185/482...
Validation: 186/482...
Validation: 187/482...
Validation: 188/482...
Validation: 189/482...
Validation: 190/482...
Validation: 191/482...
Validation: 192/482...
Validation: 193/482...
Validation: 194/482...
Validation: 195/482...
Validation: 196/482...
Validation: 197/482...
Validation: 198/482...
Validation: 199/482...
Validation: 200/482...
Validation: 201/482...
Validation: 202/482...
Validation: 203/482...
Validation: 204/482...
Validation: 205/482...
Validation: 206/482...
Validation: 207/482...
Validation: 208/482...
Validation: 209/482...
Validation: 210/482...
Validation: 211/482...
Validation: 212/482...
Validation: 213/482...
Validation: 214/482...
Validation: 215/482...
Validation: 216/482...
Validation: 217/482...
Validation: 218/482...
Validation: 219/482...
Validation: 220/482...
Validation: 221/482...
Validation: 222/482...
Validation: 223/482...
Validation: 224/482...
Validation: 225/482...
Validation: 226/482...
Validation: 227/482...
Validation: 228/482...
Validation: 229/482...
Validation: 230/482...
Validation: 231/482...
Validation: 232/482...
Validation: 233/482...
Validation: 234/482...
Validation: 235/482...
Validation: 236/482...
Validation: 237/482...
Validation: 238/482...
Validation: 239/482...
Validation: 240/482...
Validation: 241/482...
Validation: 242/482...
Validation: 243/482...
Validation: 244/482...
Validation: 245/482...
Validation: 246/482...
Validation: 247/482...
Validation: 248/482...
Validation: 249/482...
Validation: 250/482...
Validation: 251/482...
Validation: 252/482...
Validation: 253/482...
Validation: 254/482...
Validation: 255/482...
Validation: 256/482...
Validation: 257/482...
Validation: 258/482...
Validation: 259/482...
Validation: 260/482...
Validation: 261/482...
Validation: 262/482...
Validation: 263/482...
Validation: 264/482...
Validation: 265/482...
Validation: 266/482...
Validation: 267/482...
Validation: 268/482...
Validation: 269/482...
Validation: 270/482...
Validation: 271/482...
Validation: 272/482...
Validation: 273/482...
Validation: 274/482...
Validation: 275/482...
Validation: 276/482...
Validation: 277/482...
Validation: 278/482...
Validation: 279/482...
Validation: 280/482...
Validation: 281/482...
Validation: 282/482...
Validation: 283/482...
Validation: 284/482...
Validation: 285/482...
Validation: 286/482...
Validation: 287/482...
Validation: 288/482...
Validation: 289/482...
Validation: 290/482...
Validation: 291/482...
Validation: 292/482...
Validation: 293/482...
Validation: 294/482...
Validation: 295/482...
Validation: 296/482...
Validation: 297/482...
Validation: 298/482...
Validation: 299/482...
Validation: 300/482...
Validation: 301/482...
Validation: 302/482...
Validation: 303/482...
Validation: 304/482...
Validation: 305/482...
Validation: 306/482...
Validation: 307/482...
Validation: 308/482...
Validation: 309/482...
Validation: 310/482...
Validation: 311/482...
Validation: 312/482...
Validation: 313/482...
Validation: 314/482...
Validation: 315/482...
Validation: 316/482...
Validation: 317/482...
Validation: 318/482...
Validation: 319/482...
Validation: 320/482...
Validation: 321/482...
Validation: 322/482...
Validation: 323/482...
Validation: 324/482...
Validation: 325/482...
Validation: 326/482...
Validation: 327/482...
Validation: 328/482...
Validation: 329/482...
Validation: 330/482...
Validation: 331/482...
Validation: 332/482...
Validation: 333/482...
Validation: 334/482...
Validation: 335/482...
Validation: 336/482...
Validation: 337/482...
Validation: 338/482...
Validation: 339/482...
Validation: 340/482...
Validation: 341/482...
Validation: 342/482...
Validation: 343/482...
Validation: 344/482...
Validation: 345/482...
Validation: 346/482...
Validation: 347/482...
Validation: 348/482...
Validation: 349/482...
Validation: 350/482...
Validation: 351/482...
Validation: 352/482...
Validation: 353/482...
Validation: 354/482...
Validation: 355/482...
Validation: 356/482...
Validation: 357/482...
Validation: 358/482...
Validation: 359/482...
Validation: 360/482...
Validation: 361/482...
Validation: 362/482...
Validation: 363/482...
Validation: 364/482...
Validation: 365/482...
Validation: 366/482...
Validation: 367/482...
Validation: 368/482...
Validation: 369/482...
Validation: 370/482...
Validation: 371/482...
Validation: 372/482...
Validation: 373/482...
Validation: 374/482...
Validation: 375/482...
Validation: 376/482...
Validation: 377/482...
Validation: 378/482...
Validation: 379/482...
Validation: 380/482...
Validation: 381/482...
Validation: 382/482...
Validation: 383/482...
Validation: 384/482...
Validation: 385/482...
Validation: 386/482...
Validation: 387/482...
Validation: 388/482...
Validation: 389/482...
Validation: 390/482...
Validation: 391/482...
Validation: 392/482...
Validation: 393/482...
Validation: 394/482...
Validation: 395/482...
Validation: 396/482...
Validation: 397/482...
Validation: 398/482...
Validation: 399/482...
Validation: 400/482...
Validation: 401/482...
Validation: 402/482...
Validation: 403/482...
Validation: 404/482...
Validation: 405/482...
Validation: 406/482...
Validation: 407/482...
Validation: 408/482...
Validation: 409/482...
Validation: 410/482...
Validation: 411/482...
Validation: 412/482...
Validation: 413/482...
Validation: 414/482...
Validation: 415/482...
Validation: 416/482...
Validation: 417/482...
Validation: 418/482...
Validation: 419/482...
Validation: 420/482...
Validation: 421/482...
Validation: 422/482...
Validation: 423/482...
Validation: 424/482...
Validation: 425/482...
Validation: 426/482...
Validation: 427/482...
Validation: 428/482...
Validation: 429/482...
Validation: 430/482...
Validation: 431/482...
Validation: 432/482...
Validation: 433/482...
Validation: 434/482...
Validation: 435/482...
Validation: 436/482...
Validation: 437/482...
Validation: 438/482...
Validation: 439/482...
Validation: 440/482...
Validation: 441/482...
Validation: 442/482...
Validation: 443/482...
Validation: 444/482...
Validation: 445/482...
Validation: 446/482...
Validation: 447/482...
Validation: 448/482...
Validation: 449/482...
Validation: 450/482...
Validation: 451/482...
Validation: 452/482...
Validation: 453/482...
Validation: 454/482...
Validation: 455/482...
Validation: 456/482...
Validation: 457/482...
Validation: 458/482...
Validation: 459/482...
Validation: 460/482...
Validation: 461/482...
Validation: 462/482...
Validation: 463/482...
Validation: 464/482...
Validation: 465/482...
Validation: 466/482...
Validation: 467/482...
Validation: 468/482...
Validation: 469/482...
Validation: 470/482...
Validation: 471/482...
Validation: 472/482...
Validation: 473/482...
Validation: 474/482...
Validation: 475/482...
Validation: 476/482...
Validation: 477/482...
Validation: 478/482...
Validation: 479/482...
Validation: 480/482...
Validation: 481/482...
Validation: 482/482...
Validation Metric: PSNR=12.12, LPIPS=0.7868...
====================================================================================================
Train: 004200/020000, Loss/MSE: t(1):9.8e-03/9.8e-03, t(8):2.3e-01/2.3e-01, t(15):4.2e-01/4.2e-01, lr:4.20e-05
Train: 004400/020000, Loss/MSE: t(1):9.9e-03/9.9e-03, t(8):2.4e-01/2.4e-01, t(15):3.9e-01/3.9e-01, lr:4.40e-05
Train: 004600/020000, Loss/MSE: t(1):9.7e-03/9.7e-03, t(8):2.3e-01/2.3e-01, t(15):3.6e-01/3.6e-01, lr:4.60e-05
Train: 004800/020000, Loss/MSE: t(1):9.5e-03/9.5e-03, t(8):2.3e-01/2.3e-01, t(15):3.8e-01/3.8e-01, lr:4.80e-05
Train: 005000/020000, Loss/MSE: t(1):8.2e-03/8.2e-03, t(8):2.3e-01/2.3e-01, t(15):4.0e-01/4.0e-01, lr:5.00e-05
Train: 005200/020000, Loss/MSE: t(1):7.8e-03/7.8e-03, t(8):2.3e-01/2.3e-01, t(15):3.6e-01/3.6e-01, lr:5.00e-05
Train: 005400/020000, Loss/MSE: t(1):8.5e-03/8.5e-03, t(8):2.2e-01/2.2e-01, t(15):3.8e-01/3.8e-01, lr:5.00e-05
Train: 005600/020000, Loss/MSE: t(1):8.6e-03/8.6e-03, t(8):2.3e-01/2.3e-01, t(15):3.7e-01/3.7e-01, lr:5.00e-05
Train: 005800/020000, Loss/MSE: t(1):7.5e-03/7.5e-03, t(8):2.2e-01/2.2e-01, t(15):3.6e-01/3.6e-01, lr:5.00e-05
Train: 006000/020000, Loss/MSE: t(1):8.0e-03/8.0e-03, t(8):2.2e-01/2.2e-01, t(15):4.2e-01/4.2e-01, lr:5.00e-05
Elapsed time: 1368.66s
====================================================================================================
Validation: 01/482...
Validation: 02/482...
Validation: 03/482...
Validation: 04/482...
Validation: 05/482...
Validation: 06/482...
Validation: 07/482...
Validation: 08/482...
Validation: 09/482...
Validation: 10/482...
Validation: 11/482...
Validation: 12/482...
Validation: 13/482...
Validation: 14/482...
Validation: 15/482...
Validation: 16/482...
Validation: 17/482...
Validation: 18/482...
Validation: 19/482...
Validation: 20/482...
Validation: 21/482...
Validation: 22/482...
Validation: 23/482...
Validation: 24/482...
Validation: 25/482...
Validation: 26/482...
Validation: 27/482...
Validation: 28/482...
Validation: 29/482...
Validation: 30/482...
Validation: 31/482...
Validation: 32/482...
Validation: 33/482...
Validation: 34/482...
Validation: 35/482...
Validation: 36/482...
Validation: 37/482...
Validation: 38/482...
Validation: 39/482...
Validation: 40/482...
Validation: 41/482...
Validation: 42/482...
Validation: 43/482...
Validation: 44/482...
Validation: 45/482...
Validation: 46/482...
Validation: 47/482...
Validation: 48/482...
Validation: 49/482...
Validation: 50/482...
Validation: 51/482...
Validation: 52/482...
Validation: 53/482...
Validation: 54/482...
Validation: 55/482...
Validation: 56/482...
Validation: 57/482...
Validation: 58/482...
Validation: 59/482...
Validation: 60/482...
Validation: 61/482...
Validation: 62/482...
Validation: 63/482...
Validation: 64/482...
Validation: 65/482...
Validation: 66/482...
Validation: 67/482...
Validation: 68/482...
Validation: 69/482...
Validation: 70/482...
Validation: 71/482...
Validation: 72/482...
Validation: 73/482...
Validation: 74/482...
Validation: 75/482...
Validation: 76/482...
Validation: 77/482...
Validation: 78/482...
Validation: 79/482...
Validation: 80/482...
Validation: 81/482...
Validation: 82/482...
Validation: 83/482...
Validation: 84/482...
Validation: 85/482...
Validation: 86/482...
Validation: 87/482...
Validation: 88/482...
Validation: 89/482...
Validation: 90/482...
Validation: 91/482...
Validation: 92/482...
Validation: 93/482...
Validation: 94/482...
Validation: 95/482...
Validation: 96/482...
Validation: 97/482...
Validation: 98/482...
Validation: 99/482...
Validation: 100/482...
Validation: 101/482...
Validation: 102/482...
Validation: 103/482...
Validation: 104/482...
Validation: 105/482...
Validation: 106/482...
Validation: 107/482...
Validation: 108/482...
Validation: 109/482...
Validation: 110/482...
Validation: 111/482...
Validation: 112/482...
Validation: 113/482...
Validation: 114/482...
Validation: 115/482...
Validation: 116/482...
Validation: 117/482...
Validation: 118/482...
Validation: 119/482...
Validation: 120/482...
Validation: 121/482...
Validation: 122/482...
Validation: 123/482...
Validation: 124/482...
Validation: 125/482...
Validation: 126/482...
Validation: 127/482...
Validation: 128/482...
Validation: 129/482...
Validation: 130/482...
Validation: 131/482...
Validation: 132/482...
Validation: 133/482...
Validation: 134/482...
Validation: 135/482...
Validation: 136/482...
Validation: 137/482...
Validation: 138/482...
Validation: 139/482...
Validation: 140/482...
Validation: 141/482...
Validation: 142/482...
Validation: 143/482...
Validation: 144/482...
Validation: 145/482...
Validation: 146/482...
Validation: 147/482...
Validation: 148/482...
Validation: 149/482...
Validation: 150/482...
Validation: 151/482...
Validation: 152/482...
Validation: 153/482...
Validation: 154/482...
Validation: 155/482...
Validation: 156/482...
Validation: 157/482...
Validation: 158/482...
Validation: 159/482...
Validation: 160/482...
Validation: 161/482...
Validation: 162/482...
Validation: 163/482...
Validation: 164/482...
Validation: 165/482...
Validation: 166/482...
Validation: 167/482...
Validation: 168/482...
Validation: 169/482...
Validation: 170/482...
Validation: 171/482...
Validation: 172/482...
Validation: 173/482...
Validation: 174/482...
Validation: 175/482...
Validation: 176/482...
Validation: 177/482...
Validation: 178/482...
Validation: 179/482...
Validation: 180/482...
Validation: 181/482...
Validation: 182/482...
Validation: 183/482...
Validation: 184/482...
Validation: 185/482...
Validation: 186/482...
Validation: 187/482...
Validation: 188/482...
Validation: 189/482...
Validation: 190/482...
Validation: 191/482...
Validation: 192/482...
Validation: 193/482...
Validation: 194/482...
Validation: 195/482...
Validation: 196/482...
Validation: 197/482...
Validation: 198/482...
Validation: 199/482...
Validation: 200/482...
Validation: 201/482...
Validation: 202/482...
Validation: 203/482...
Validation: 204/482...
Validation: 205/482...
Validation: 206/482...
Validation: 207/482...
Validation: 208/482...
Validation: 209/482...
Validation: 210/482...
Validation: 211/482...
Validation: 212/482...
Validation: 213/482...
Validation: 214/482...
Validation: 215/482...
Validation: 216/482...
Validation: 217/482...
Validation: 218/482...
Validation: 219/482...
Validation: 220/482...
Validation: 221/482...
Validation: 222/482...
Validation: 223/482...
Validation: 224/482...
Validation: 225/482...
Validation: 226/482...
Validation: 227/482...
Validation: 228/482...
Validation: 229/482...
Validation: 230/482...
Validation: 231/482...
Validation: 232/482...
Validation: 233/482...
Validation: 234/482...
Validation: 235/482...
Validation: 236/482...
Validation: 237/482...
Validation: 238/482...
Validation: 239/482...
Validation: 240/482...
Validation: 241/482...
Validation: 242/482...
Validation: 243/482...
Validation: 244/482...
Validation: 245/482...
Validation: 246/482...
Validation: 247/482...
Validation: 248/482...
Validation: 249/482...
Validation: 250/482...
Validation: 251/482...
Validation: 252/482...
Validation: 253/482...
Validation: 254/482...
Validation: 255/482...
Validation: 256/482...
Validation: 257/482...
Validation: 258/482...
Validation: 259/482...
Validation: 260/482...
Validation: 261/482...
Validation: 262/482...
Validation: 263/482...
Validation: 264/482...
Validation: 265/482...
Validation: 266/482...
Validation: 267/482...
Validation: 268/482...
Validation: 269/482...
Validation: 270/482...
Validation: 271/482...
Validation: 272/482...
Validation: 273/482...
Validation: 274/482...
Validation: 275/482...
Validation: 276/482...
Validation: 277/482...
Validation: 278/482...
Validation: 279/482...
Validation: 280/482...
Validation: 281/482...
Validation: 282/482...
Validation: 283/482...
Validation: 284/482...
Validation: 285/482...
Validation: 286/482...
Validation: 287/482...
Validation: 288/482...
Validation: 289/482...
Validation: 290/482...
Validation: 291/482...
Validation: 292/482...
Validation: 293/482...
Validation: 294/482...
Validation: 295/482...
Validation: 296/482...
Validation: 297/482...
Validation: 298/482...
Validation: 299/482...
Validation: 300/482...
Validation: 301/482...
Validation: 302/482...
Validation: 303/482...
Validation: 304/482...
Validation: 305/482...
Validation: 306/482...
Validation: 307/482...
Validation: 308/482...
Validation: 309/482...
Validation: 310/482...
Validation: 311/482...
Validation: 312/482...
Validation: 313/482...
Validation: 314/482...
Validation: 315/482...
Validation: 316/482...
Validation: 317/482...
Validation: 318/482...
Validation: 319/482...
Validation: 320/482...
Validation: 321/482...
Validation: 322/482...
Validation: 323/482...
Validation: 324/482...
Validation: 325/482...
Validation: 326/482...
Validation: 327/482...
Validation: 328/482...
Validation: 329/482...
Validation: 330/482...
Validation: 331/482...
Validation: 332/482...
Validation: 333/482...
Validation: 334/482...
Validation: 335/482...
Validation: 336/482...
Validation: 337/482...
Validation: 338/482...
Validation: 339/482...
Validation: 340/482...
Validation: 341/482...
Validation: 342/482...
Validation: 343/482...
Validation: 344/482...
Validation: 345/482...
Validation: 346/482...
Validation: 347/482...
Validation: 348/482...
Validation: 349/482...
Validation: 350/482...
Validation: 351/482...
Validation: 352/482...
Validation: 353/482...
Validation: 354/482...
Validation: 355/482...
Validation: 356/482...
Validation: 357/482...
Validation: 358/482...
Validation: 359/482...
Validation: 360/482...
Validation: 361/482...
Validation: 362/482...
Validation: 363/482...
Validation: 364/482...
Validation: 365/482...
Validation: 366/482...
Validation: 367/482...
Validation: 368/482...
Validation: 369/482...
Validation: 370/482...
Validation: 371/482...
Validation: 372/482...
Validation: 373/482...
Validation: 374/482...
Validation: 375/482...
Validation: 376/482...
Validation: 377/482...
Validation: 378/482...
Validation: 379/482...
Validation: 380/482...
Validation: 381/482...
Validation: 382/482...
Validation: 383/482...
Validation: 384/482...
Validation: 385/482...
Validation: 386/482...
Validation: 387/482...
Validation: 388/482...
Validation: 389/482...
Validation: 390/482...
Validation: 391/482...
Validation: 392/482...
Validation: 393/482...
Validation: 394/482...
Validation: 395/482...
Validation: 396/482...
Validation: 397/482...
Validation: 398/482...
Validation: 399/482...
Validation: 400/482...
Validation: 401/482...
Validation: 402/482...
Validation: 403/482...
Validation: 404/482...
Validation: 405/482...
Validation: 406/482...
Validation: 407/482...
Validation: 408/482...
Validation: 409/482...
Validation: 410/482...
Validation: 411/482...
Validation: 412/482...
Validation: 413/482...
Validation: 414/482...
Validation: 415/482...
Validation: 416/482...
Validation: 417/482...
Validation: 418/482...
Validation: 419/482...
Validation: 420/482...
Validation: 421/482...
Validation: 422/482...
Validation: 423/482...
Validation: 424/482...
Validation: 425/482...
Validation: 426/482...
Validation: 427/482...
Validation: 428/482...
Validation: 429/482...
Validation: 430/482...
Validation: 431/482...
Validation: 432/482...
Validation: 433/482...
Validation: 434/482...
Validation: 435/482...
Validation: 436/482...
Validation: 437/482...
Validation: 438/482...
Validation: 439/482...
Validation: 440/482...
Validation: 441/482...
Validation: 442/482...
Validation: 443/482...
Validation: 444/482...
Validation: 445/482...
Validation: 446/482...
Validation: 447/482...
Validation: 448/482...
Validation: 449/482...
Validation: 450/482...
Validation: 451/482...
Validation: 452/482...
Validation: 453/482...
Validation: 454/482...
Validation: 455/482...
Validation: 456/482...
Validation: 457/482...
Validation: 458/482...
Validation: 459/482...
Validation: 460/482...
Validation: 461/482...
Validation: 462/482...
Validation: 463/482...
Validation: 464/482...
Validation: 465/482...
Validation: 466/482...
Validation: 467/482...
Validation: 468/482...
Validation: 469/482...
Validation: 470/482...
Validation: 471/482...
Validation: 472/482...
Validation: 473/482...
Validation: 474/482...
Validation: 475/482...
Validation: 476/482...
Validation: 477/482...
Validation: 478/482...
Validation: 479/482...
Validation: 480/482...
Validation: 481/482...
Validation: 482/482...
Validation Metric: PSNR=12.31, LPIPS=0.7842...
====================================================================================================
Train: 006200/020000, Loss/MSE: t(1):7.1e-03/7.1e-03, t(8):2.1e-01/2.1e-01, t(15):3.7e-01/3.7e-01, lr:5.00e-05
Train: 006400/020000, Loss/MSE: t(1):7.7e-03/7.7e-03, t(8):2.2e-01/2.2e-01, t(15):3.6e-01/3.6e-01, lr:5.00e-05
Train: 006600/020000, Loss/MSE: t(1):6.8e-03/6.8e-03, t(8):2.2e-01/2.2e-01, t(15):3.6e-01/3.6e-01, lr:5.00e-05
Train: 006800/020000, Loss/MSE: t(1):7.8e-03/7.8e-03, t(8):2.2e-01/2.2e-01, t(15):3.5e-01/3.5e-01, lr:5.00e-05
Train: 007000/020000, Loss/MSE: t(1):8.1e-03/8.1e-03, t(8):2.2e-01/2.2e-01, t(15):3.7e-01/3.7e-01, lr:5.00e-05
Train: 007200/020000, Loss/MSE: t(1):6.7e-03/6.7e-03, t(8):2.1e-01/2.1e-01, t(15):3.5e-01/3.5e-01, lr:5.00e-05
Train: 007400/020000, Loss/MSE: t(1):7.7e-03/7.7e-03, t(8):2.1e-01/2.1e-01, t(15):3.8e-01/3.8e-01, lr:5.00e-05
Train: 007600/020000, Loss/MSE: t(1):6.1e-03/6.1e-03, t(8):2.2e-01/2.2e-01, t(15):3.6e-01/3.6e-01, lr:5.00e-05
Train: 007800/020000, Loss/MSE: t(1):6.8e-03/6.8e-03, t(8):2.1e-01/2.1e-01, t(15):3.6e-01/3.6e-01, lr:5.00e-05
Train: 008000/020000, Loss/MSE: t(1):6.2e-03/6.2e-03, t(8):2.1e-01/2.1e-01, t(15):3.6e-01/3.6e-01, lr:5.00e-05
Elapsed time: 1452.53s
====================================================================================================
Validation: 01/482...
Validation: 02/482...
Validation: 03/482...
Validation: 04/482...
Validation: 05/482...
Validation: 06/482...
Validation: 07/482...
Validation: 08/482...
Validation: 09/482...
Validation: 10/482...
Validation: 11/482...
Validation: 12/482...
Validation: 13/482...
Validation: 14/482...
Validation: 15/482...
Validation: 16/482...
Validation: 17/482...
Validation: 18/482...
Validation: 19/482...
Validation: 20/482...
Validation: 21/482...
Validation: 22/482...
Validation: 23/482...
Validation: 24/482...
Validation: 25/482...
Validation: 26/482...
Validation: 27/482...
Validation: 28/482...
Validation: 29/482...
Validation: 30/482...
Validation: 31/482...
Validation: 32/482...
Validation: 33/482...
Validation: 34/482...
Validation: 35/482...
Validation: 36/482...
Validation: 37/482...
Validation: 38/482...
Validation: 39/482...
Validation: 40/482...
Validation: 41/482...
Validation: 42/482...
Validation: 43/482...
Validation: 44/482...
Validation: 45/482...
Validation: 46/482...
Validation: 47/482...
Validation: 48/482...
Validation: 49/482...
Validation: 50/482...
Validation: 51/482...
Validation: 52/482...
Validation: 53/482...
Validation: 54/482...
Validation: 55/482...
Validation: 56/482...
Validation: 57/482...
Validation: 58/482...
Validation: 59/482...
Validation: 60/482...
Validation: 61/482...
Validation: 62/482...
Validation: 63/482...
Validation: 64/482...
Validation: 65/482...
Validation: 66/482...
Validation: 67/482...
Validation: 68/482...
Validation: 69/482...
Validation: 70/482...
Validation: 71/482...
Validation: 72/482...
Validation: 73/482...
Validation: 74/482...
Validation: 75/482...
Validation: 76/482...
Validation: 77/482...
Validation: 78/482...
Validation: 79/482...
Validation: 80/482...
Validation: 81/482...
Validation: 82/482...
Validation: 83/482...
Validation: 84/482...
Validation: 85/482...
Validation: 86/482...
Validation: 87/482...
Validation: 88/482...
Validation: 89/482...
Validation: 90/482...
Validation: 91/482...
Validation: 92/482...
Validation: 93/482...
Validation: 94/482...
Validation: 95/482...
Validation: 96/482...
Validation: 97/482...
Validation: 98/482...
Validation: 99/482...
Validation: 100/482...
Validation: 101/482...
Validation: 102/482...
Validation: 103/482...
Validation: 104/482...
Validation: 105/482...
Validation: 106/482...
Validation: 107/482...
Validation: 108/482...
Validation: 109/482...
Validation: 110/482...
Validation: 111/482...
Validation: 112/482...
Validation: 113/482...
Validation: 114/482...
Validation: 115/482...
Validation: 116/482...
Validation: 117/482...
Validation: 118/482...
Validation: 119/482...
Validation: 120/482...
Validation: 121/482...
Validation: 122/482...
Validation: 123/482...
Validation: 124/482...
Validation: 125/482...
Validation: 126/482...
Validation: 127/482...
Validation: 128/482...
Validation: 129/482...
Validation: 130/482...
Validation: 131/482...
Validation: 132/482...
Validation: 133/482...
Validation: 134/482...
Validation: 135/482...
Validation: 136/482...
Validation: 137/482...
Validation: 138/482...
Validation: 139/482...
Validation: 140/482...
Validation: 141/482...
Validation: 142/482...
Validation: 143/482...
Validation: 144/482...
Validation: 145/482...
Validation: 146/482...
Validation: 147/482...
Validation: 148/482...
Validation: 149/482...
Validation: 150/482...
Validation: 151/482...
Validation: 152/482...
Validation: 153/482...
Validation: 154/482...
Validation: 155/482...
Validation: 156/482...
Validation: 157/482...
Validation: 158/482...
Validation: 159/482...
Validation: 160/482...
Validation: 161/482...
Validation: 162/482...
Validation: 163/482...
Validation: 164/482...
Validation: 165/482...
Validation: 166/482...
Validation: 167/482...
Validation: 168/482...
Validation: 169/482...
Validation: 170/482...
Validation: 171/482...
Validation: 172/482...
Validation: 173/482...
Validation: 174/482...
Validation: 175/482...
Validation: 176/482...
Validation: 177/482...
Validation: 178/482...
Validation: 179/482...
Validation: 180/482...
Validation: 181/482...
Validation: 182/482...
Validation: 183/482...
Validation: 184/482...
Validation: 185/482...
Validation: 186/482...
Validation: 187/482...
Validation: 188/482...
Validation: 189/482...
Validation: 190/482...
Validation: 191/482...
Validation: 192/482...
Validation: 193/482...
Validation: 194/482...
Validation: 195/482...
Validation: 196/482...
Validation: 197/482...
Validation: 198/482...
Validation: 199/482...
Validation: 200/482...
Validation: 201/482...
Validation: 202/482...
Validation: 203/482...
Validation: 204/482...
Validation: 205/482...
Validation: 206/482...
Validation: 207/482...
Validation: 208/482...
Validation: 209/482...
Validation: 210/482...
Validation: 211/482...
Validation: 212/482...
Validation: 213/482...
Validation: 214/482...
Validation: 215/482...
Validation: 216/482...
Validation: 217/482...
Validation: 218/482...
Validation: 219/482...
Validation: 220/482...
Validation: 221/482...
Validation: 222/482...
Validation: 223/482...
Validation: 224/482...
Validation: 225/482...
Validation: 226/482...
Validation: 227/482...
Validation: 228/482...
Validation: 229/482...
Validation: 230/482...
Validation: 231/482...
Validation: 232/482...
Validation: 233/482...
Validation: 234/482...
Validation: 235/482...
Validation: 236/482...
Validation: 237/482...
Validation: 238/482...
Validation: 239/482...
Validation: 240/482...
Validation: 241/482...
Validation: 242/482...
Validation: 243/482...
Validation: 244/482...
Validation: 245/482...
Validation: 246/482...
Validation: 247/482...
Validation: 248/482...
Validation: 249/482...
Validation: 250/482...
Validation: 251/482...
Validation: 252/482...
Validation: 253/482...
Validation: 254/482...
Validation: 255/482...
Validation: 256/482...
Validation: 257/482...
Validation: 258/482...
Validation: 259/482...
Validation: 260/482...
Validation: 261/482...
Validation: 262/482...
Validation: 263/482...
Validation: 264/482...
Validation: 265/482...
Validation: 266/482...
Validation: 267/482...
Validation: 268/482...
Validation: 269/482...
Validation: 270/482...
Validation: 271/482...
Validation: 272/482...
Validation: 273/482...
Validation: 274/482...
Validation: 275/482...
Validation: 276/482...
Validation: 277/482...
Validation: 278/482...
Validation: 279/482...
Validation: 280/482...
Validation: 281/482...
Validation: 282/482...
Validation: 283/482...
Validation: 284/482...
Validation: 285/482...
Validation: 286/482...
Validation: 287/482...
Validation: 288/482...
Validation: 289/482...
Validation: 290/482...
Validation: 291/482...
Validation: 292/482...
Validation: 293/482...
Validation: 294/482...
Validation: 295/482...
Validation: 296/482...
Validation: 297/482...
Validation: 298/482...
Validation: 299/482...
Validation: 300/482...
Validation: 301/482...
Validation: 302/482...
Validation: 303/482...
Validation: 304/482...
Validation: 305/482...
Validation: 306/482...
Validation: 307/482...
Validation: 308/482...
Validation: 309/482...
Validation: 310/482...
Validation: 311/482...
Validation: 312/482...
Validation: 313/482...
Validation: 314/482...
Validation: 315/482...
Validation: 316/482...
Validation: 317/482...
Validation: 318/482...
Validation: 319/482...
Validation: 320/482...
Validation: 321/482...
Validation: 322/482...
Validation: 323/482...
Validation: 324/482...
Validation: 325/482...
Validation: 326/482...
Validation: 327/482...
Validation: 328/482...
Validation: 329/482...
Validation: 330/482...
Validation: 331/482...
Validation: 332/482...
Validation: 333/482...
Validation: 334/482...
Validation: 335/482...
Validation: 336/482...
Validation: 337/482...
Validation: 338/482...
Validation: 339/482...
Validation: 340/482...
Validation: 341/482...
Validation: 342/482...
Validation: 343/482...
Validation: 344/482...
Validation: 345/482...
Validation: 346/482...
Validation: 347/482...
Validation: 348/482...
Validation: 349/482...
Validation: 350/482...
Validation: 351/482...
Validation: 352/482...
Validation: 353/482...
Validation: 354/482...
Validation: 355/482...
Validation: 356/482...
Validation: 357/482...
Validation: 358/482...
Validation: 359/482...
Validation: 360/482...
Validation: 361/482...
Validation: 362/482...
Validation: 363/482...
Validation: 364/482...
Validation: 365/482...
Validation: 366/482...
Validation: 367/482...
Validation: 368/482...
Validation: 369/482...
Validation: 370/482...
Validation: 371/482...
Validation: 372/482...
Validation: 373/482...
Validation: 374/482...
Validation: 375/482...
Validation: 376/482...
Validation: 377/482...
Validation: 378/482...
Validation: 379/482...
Validation: 380/482...
Validation: 381/482...
Validation: 382/482...
Validation: 383/482...
Validation: 384/482...
Validation: 385/482...
Validation: 386/482...
Validation: 387/482...
Validation: 388/482...
Validation: 389/482...
Validation: 390/482...
Validation: 391/482...
Validation: 392/482...
Validation: 393/482...
Validation: 394/482...
Validation: 395/482...
Validation: 396/482...
Validation: 397/482...
Validation: 398/482...
Validation: 399/482...
Validation: 400/482...
Validation: 401/482...
Validation: 402/482...
Validation: 403/482...
Validation: 404/482...
Validation: 405/482...
Validation: 406/482...
Validation: 407/482...
Validation: 408/482...
Validation: 409/482...
Validation: 410/482...
Validation: 411/482...
Validation: 412/482...
Validation: 413/482...
Validation: 414/482...
Validation: 415/482...
Validation: 416/482...
Validation: 417/482...
Validation: 418/482...
Validation: 419/482...
Validation: 420/482...
Validation: 421/482...
Validation: 422/482...
Validation: 423/482...
Validation: 424/482...
Validation: 425/482...
Validation: 426/482...
Validation: 427/482...
Validation: 428/482...
Validation: 429/482...
Validation: 430/482...
Validation: 431/482...
Validation: 432/482...
Validation: 433/482...
Validation: 434/482...
Validation: 435/482...
Validation: 436/482...
Validation: 437/482...
Validation: 438/482...
Validation: 439/482...
Validation: 440/482...
Validation: 441/482...
Validation: 442/482...
Validation: 443/482...
Validation: 444/482...
Validation: 445/482...
Validation: 446/482...
Validation: 447/482...
Validation: 448/482...
Validation: 449/482...
Validation: 450/482...
Validation: 451/482...
Validation: 452/482...
Validation: 453/482...
Validation: 454/482...
Validation: 455/482...
Validation: 456/482...
Validation: 457/482...
Validation: 458/482...
Validation: 459/482...
Validation: 460/482...
Validation: 461/482...
Validation: 462/482...
Validation: 463/482...
Validation: 464/482...
Validation: 465/482...
Validation: 466/482...
Validation: 467/482...
Validation: 468/482...
Validation: 469/482...
Validation: 470/482...
Validation: 471/482...
Validation: 472/482...
Validation: 473/482...
Validation: 474/482...
Validation: 475/482...
Validation: 476/482...
Validation: 477/482...
Validation: 478/482...
Validation: 479/482...
Validation: 480/482...
Validation: 481/482...
Validation: 482/482...
Validation Metric: PSNR=12.42, LPIPS=0.7864...
====================================================================================================
Train: 008200/020000, Loss/MSE: t(1):5.7e-03/5.7e-03, t(8):2.1e-01/2.1e-01, t(15):3.5e-01/3.5e-01, lr:5.00e-05
Train: 008400/020000, Loss/MSE: t(1):5.7e-03/5.7e-03, t(8):2.1e-01/2.1e-01, t(15):3.4e-01/3.4e-01, lr:5.00e-05
Train: 008600/020000, Loss/MSE: t(1):5.2e-03/5.2e-03, t(8):2.1e-01/2.1e-01, t(15):3.5e-01/3.5e-01, lr:5.00e-05
Train: 008800/020000, Loss/MSE: t(1):6.0e-03/6.0e-03, t(8):2.1e-01/2.1e-01, t(15):3.7e-01/3.7e-01, lr:5.00e-05
Train: 009000/020000, Loss/MSE: t(1):6.2e-03/6.2e-03, t(8):2.0e-01/2.0e-01, t(15):3.4e-01/3.4e-01, lr:5.00e-05
Train: 009200/020000, Loss/MSE: t(1):6.0e-03/6.0e-03, t(8):2.1e-01/2.1e-01, t(15):3.5e-01/3.5e-01, lr:5.00e-05
Train: 009400/020000, Loss/MSE: t(1):6.0e-03/6.0e-03, t(8):2.1e-01/2.1e-01, t(15):3.5e-01/3.5e-01, lr:5.00e-05
Train: 009600/020000, Loss/MSE: t(1):5.1e-03/5.1e-03, t(8):2.0e-01/2.0e-01, t(15):3.4e-01/3.4e-01, lr:5.00e-05
Train: 009800/020000, Loss/MSE: t(1):5.0e-03/5.0e-03, t(8):2.1e-01/2.1e-01, t(15):3.2e-01/3.2e-01, lr:5.00e-05
Train: 010000/020000, Loss/MSE: t(1):5.6e-03/5.6e-03, t(8):2.1e-01/2.1e-01, t(15):3.7e-01/3.7e-01, lr:5.00e-05
Elapsed time: 1512.16s
====================================================================================================
Validation: 01/482...
Validation: 02/482...
Validation: 03/482...
Validation: 04/482...
Validation: 05/482...
Validation: 06/482...
Validation: 07/482...
Validation: 08/482...
Validation: 09/482...
Validation: 10/482...
Validation: 11/482...
Validation: 12/482...
Validation: 13/482...
Validation: 14/482...
Validation: 15/482...
Validation: 16/482...
Validation: 17/482...
Validation: 18/482...
Validation: 19/482...
Validation: 20/482...
Validation: 21/482...
Validation: 22/482...
Validation: 23/482...
Validation: 24/482...
Validation: 25/482...
Validation: 26/482...
Validation: 27/482...
Validation: 28/482...
Validation: 29/482...
Validation: 30/482...
Validation: 31/482...
Validation: 32/482...
Validation: 33/482...
Validation: 34/482...
Validation: 35/482...
Validation: 36/482...
Validation: 37/482...
Validation: 38/482...
Validation: 39/482...
Validation: 40/482...
Validation: 41/482...
Validation: 42/482...
Validation: 43/482...
Validation: 44/482...
Validation: 45/482...
Validation: 46/482...
Validation: 47/482...
Validation: 48/482...
Validation: 49/482...
Validation: 50/482...
Validation: 51/482...
Validation: 52/482...
Validation: 53/482...
Validation: 54/482...
Validation: 55/482...
Validation: 56/482...
Validation: 57/482...
Validation: 58/482...
Validation: 59/482...
Validation: 60/482...
Validation: 61/482...
Validation: 62/482...
Validation: 63/482...
Validation: 64/482...
Validation: 65/482...
Validation: 66/482...
Validation: 67/482...
Validation: 68/482...
Validation: 69/482...
Validation: 70/482...
Validation: 71/482...
Validation: 72/482...
Validation: 73/482...
Validation: 74/482...
Validation: 75/482...
Validation: 76/482...
Validation: 77/482...
Validation: 78/482...
Validation: 79/482...
Validation: 80/482...
Validation: 81/482...
Validation: 82/482...
Validation: 83/482...
Validation: 84/482...
Validation: 85/482...
Validation: 86/482...
Validation: 87/482...
Validation: 88/482...
Validation: 89/482...
Validation: 90/482...
Validation: 91/482...
Validation: 92/482...
Validation: 93/482...
Validation: 94/482...
Validation: 95/482...
Validation: 96/482...
Validation: 97/482...
Validation: 98/482...
Validation: 99/482...
Validation: 100/482...
Validation: 101/482...
Validation: 102/482...
Validation: 103/482...
Validation: 104/482...
Validation: 105/482...
Validation: 106/482...
Validation: 107/482...
Validation: 108/482...
Validation: 109/482...
Validation: 110/482...
Validation: 111/482...
Validation: 112/482...
Validation: 113/482...
Validation: 114/482...
Validation: 115/482...
Validation: 116/482...
Validation: 117/482...
Validation: 118/482...
Validation: 119/482...
Validation: 120/482...
Validation: 121/482...
Validation: 122/482...
Validation: 123/482...
Validation: 124/482...
Validation: 125/482...
Validation: 126/482...
Validation: 127/482...
Validation: 128/482...
Validation: 129/482...
Validation: 130/482...
Validation: 131/482...
Validation: 132/482...
Validation: 133/482...
Validation: 134/482...
Validation: 135/482...
Validation: 136/482...
Validation: 137/482...
Validation: 138/482...
Validation: 139/482...
Validation: 140/482...
Validation: 141/482...
Validation: 142/482...
Validation: 143/482...
Validation: 144/482...
Validation: 145/482...
Validation: 146/482...
Validation: 147/482...
Validation: 148/482...
Validation: 149/482...
Validation: 150/482...
Validation: 151/482...
Validation: 152/482...
Validation: 153/482...
Validation: 154/482...
Validation: 155/482...
Validation: 156/482...
Validation: 157/482...
Validation: 158/482...
Validation: 159/482...
Validation: 160/482...
Validation: 161/482...
Validation: 162/482...
Validation: 163/482...
Validation: 164/482...
Validation: 165/482...
Validation: 166/482...
Validation: 167/482...
Validation: 168/482...
Validation: 169/482...
Validation: 170/482...
Validation: 171/482...
Validation: 172/482...
Validation: 173/482...
Validation: 174/482...
Validation: 175/482...
Validation: 176/482...
Validation: 177/482...
Validation: 178/482...
Validation: 179/482...
Validation: 180/482...
Validation: 181/482...
Validation: 182/482...
Validation: 183/482...
Validation: 184/482...
Validation: 185/482...
Validation: 186/482...
Validation: 187/482...
Validation: 188/482...
Validation: 189/482...
Validation: 190/482...
Validation: 191/482...
Validation: 192/482...
Validation: 193/482...
Validation: 194/482...
Validation: 195/482...
Validation: 196/482...
Validation: 197/482...
Validation: 198/482...
Validation: 199/482...
Validation: 200/482...
Validation: 201/482...
Validation: 202/482...
Validation: 203/482...
Validation: 204/482...
Validation: 205/482...
Validation: 206/482...
Validation: 207/482...
Validation: 208/482...
Validation: 209/482...
Validation: 210/482...
Validation: 211/482...
Validation: 212/482...
Validation: 213/482...
Validation: 214/482...
Validation: 215/482...
Validation: 216/482...
Validation: 217/482...
Validation: 218/482...
Validation: 219/482...
Validation: 220/482...
Validation: 221/482...
Validation: 222/482...
Validation: 223/482...
Validation: 224/482...
Validation: 225/482...
Validation: 226/482...
Validation: 227/482...
Validation: 228/482...
Validation: 229/482...
Validation: 230/482...
Validation: 231/482...
Validation: 232/482...
Validation: 233/482...
Validation: 234/482...
Validation: 235/482...
Validation: 236/482...
Validation: 237/482...
Validation: 238/482...
Validation: 239/482...
Validation: 240/482...
Validation: 241/482...
Validation: 242/482...
Validation: 243/482...
Validation: 244/482...
Validation: 245/482...
Validation: 246/482...
Validation: 247/482...
Validation: 248/482...
Validation: 249/482...
Validation: 250/482...
Validation: 251/482...
Validation: 252/482...
Validation: 253/482...
Validation: 254/482...
Validation: 255/482...
Validation: 256/482...
Validation: 257/482...
Validation: 258/482...
Validation: 259/482...
Validation: 260/482...
Validation: 261/482...
Validation: 262/482...
Validation: 263/482...
Validation: 264/482...
Validation: 265/482...
Validation: 266/482...
Validation: 267/482...
Validation: 268/482...
Validation: 269/482...
Validation: 270/482...
Validation: 271/482...
Validation: 272/482...
Validation: 273/482...
Validation: 274/482...
Validation: 275/482...
Validation: 276/482...
Validation: 277/482...
Validation: 278/482...
Validation: 279/482...
Validation: 280/482...
Validation: 281/482...
Validation: 282/482...
Validation: 283/482...
Validation: 284/482...
Validation: 285/482...
Validation: 286/482...
Validation: 287/482...
Validation: 288/482...
Validation: 289/482...
Validation: 290/482...
Validation: 291/482...
Validation: 292/482...
Validation: 293/482...
Validation: 294/482...
Validation: 295/482...
Validation: 296/482...
Validation: 297/482...
Validation: 298/482...
Validation: 299/482...
Validation: 300/482...
Validation: 301/482...
Validation: 302/482...
Validation: 303/482...
Validation: 304/482...
Validation: 305/482...
Validation: 306/482...
Validation: 307/482...
Validation: 308/482...
Validation: 309/482...
Validation: 310/482...
Validation: 311/482...
Validation: 312/482...
Validation: 313/482...
Validation: 314/482...
Validation: 315/482...
Validation: 316/482...
Validation: 317/482...
Validation: 318/482...
Validation: 319/482...
Validation: 320/482...
Validation: 321/482...
Validation: 322/482...
Validation: 323/482...
Validation: 324/482...
Validation: 325/482...
Validation: 326/482...
Validation: 327/482...
Validation: 328/482...
Validation: 329/482...
Validation: 330/482...
Validation: 331/482...
Validation: 332/482...
Validation: 333/482...
Validation: 334/482...
Validation: 335/482...
Validation: 336/482...
Validation: 337/482...
Validation: 338/482...
Validation: 339/482...
Validation: 340/482...
Validation: 341/482...
Validation: 342/482...
Validation: 343/482...
Validation: 344/482...
Validation: 345/482...
Validation: 346/482...
Validation: 347/482...
Validation: 348/482...
Validation: 349/482...
Validation: 350/482...
Validation: 351/482...
Validation: 352/482...
Validation: 353/482...
Validation: 354/482...
Validation: 355/482...
Validation: 356/482...
Validation: 357/482...
Validation: 358/482...
Validation: 359/482...
Validation: 360/482...
Validation: 361/482...
Validation: 362/482...
Validation: 363/482...
Validation: 364/482...
Validation: 365/482...
Validation: 366/482...
Validation: 367/482...
Validation: 368/482...
Validation: 369/482...
Validation: 370/482...
Validation: 371/482...
Validation: 372/482...
Validation: 373/482...
Validation: 374/482...
Validation: 375/482...
Validation: 376/482...
Validation: 377/482...
Validation: 378/482...
Validation: 379/482...
Validation: 380/482...
Validation: 381/482...
Validation: 382/482...
Validation: 383/482...
Validation: 384/482...
Validation: 385/482...
Validation: 386/482...
Validation: 387/482...
Validation: 388/482...
Validation: 389/482...
Validation: 390/482...
Validation: 391/482...
Validation: 392/482...
Validation: 393/482...
Validation: 394/482...
Validation: 395/482...
Validation: 396/482...
Validation: 397/482...
Validation: 398/482...
Validation: 399/482...
Validation: 400/482...
Validation: 401/482...
Validation: 402/482...
Validation: 403/482...
Validation: 404/482...
Validation: 405/482...
Validation: 406/482...
Validation: 407/482...
Validation: 408/482...
Validation: 409/482...
Validation: 410/482...
Validation: 411/482...
Validation: 412/482...
Validation: 413/482...
Validation: 414/482...
Validation: 415/482...
Validation: 416/482...
Validation: 417/482...
Validation: 418/482...
Validation: 419/482...
Validation: 420/482...
Validation: 421/482...
Validation: 422/482...
Validation: 423/482...
Validation: 424/482...
Validation: 425/482...
Validation: 426/482...
Validation: 427/482...
Validation: 428/482...
Validation: 429/482...
Validation: 430/482...
Validation: 431/482...
Validation: 432/482...
Validation: 433/482...
Validation: 434/482...
Validation: 435/482...
Validation: 436/482...
Validation: 437/482...
Validation: 438/482...
Validation: 439/482...
Validation: 440/482...
Validation: 441/482...
Validation: 442/482...
Validation: 443/482...
Validation: 444/482...
Validation: 445/482...
Validation: 446/482...
Validation: 447/482...
Validation: 448/482...
Validation: 449/482...
Validation: 450/482...
Validation: 451/482...
Validation: 452/482...
Validation: 453/482...
Validation: 454/482...
Validation: 455/482...
Validation: 456/482...
Validation: 457/482...
Validation: 458/482...
Validation: 459/482...
Validation: 460/482...
Validation: 461/482...
Validation: 462/482...
Validation: 463/482...
Validation: 464/482...
Validation: 465/482...
Validation: 466/482...
Validation: 467/482...
Validation: 468/482...
Validation: 469/482...
Validation: 470/482...
Validation: 471/482...
Validation: 472/482...
Validation: 473/482...
Validation: 474/482...
Validation: 475/482...
Validation: 476/482...
Validation: 477/482...
Validation: 478/482...
Validation: 479/482...
Validation: 480/482...
Validation: 481/482...
Validation: 482/482...
Validation Metric: PSNR=12.48, LPIPS=0.7848...
====================================================================================================
Train: 010200/020000, Loss/MSE: t(1):5.8e-03/5.8e-03, t(8):2.0e-01/2.0e-01, t(15):3.6e-01/3.6e-01, lr:5.00e-05
Train: 010400/020000, Loss/MSE: t(1):4.9e-03/4.9e-03, t(8):2.1e-01/2.1e-01, t(15):3.6e-01/3.6e-01, lr:5.00e-05
Train: 010600/020000, Loss/MSE: t(1):5.5e-03/5.5e-03, t(8):2.0e-01/2.0e-01, t(15):3.5e-01/3.5e-01, lr:5.00e-05
Train: 010800/020000, Loss/MSE: t(1):5.2e-03/5.2e-03, t(8):2.1e-01/2.1e-01, t(15):3.7e-01/3.7e-01, lr:5.00e-05
Train: 011000/020000, Loss/MSE: t(1):4.7e-03/4.7e-03, t(8):2.0e-01/2.0e-01, t(15):3.3e-01/3.3e-01, lr:5.00e-05
Train: 011200/020000, Loss/MSE: t(1):5.7e-03/5.7e-03, t(8):2.1e-01/2.1e-01, t(15):3.4e-01/3.4e-01, lr:5.00e-05
Train: 011400/020000, Loss/MSE: t(1):4.9e-03/4.9e-03, t(8):2.0e-01/2.0e-01, t(15):3.3e-01/3.3e-01, lr:5.00e-05
Train: 011600/020000, Loss/MSE: t(1):4.4e-03/4.4e-03, t(8):2.0e-01/2.0e-01, t(15):3.4e-01/3.4e-01, lr:5.00e-05
Train: 011800/020000, Loss/MSE: t(1):4.9e-03/4.9e-03, t(8):2.1e-01/2.1e-01, t(15):3.6e-01/3.6e-01, lr:5.00e-05
Train: 012000/020000, Loss/MSE: t(1):5.0e-03/5.0e-03, t(8):2.0e-01/2.0e-01, t(15):3.4e-01/3.4e-01, lr:5.00e-05
Elapsed time: 1516.16s
====================================================================================================
Validation: 01/482...
Validation: 02/482...
Validation: 03/482...
Validation: 04/482...
Validation: 05/482...
Validation: 06/482...
Validation: 07/482...
Validation: 08/482...
Validation: 09/482...
Validation: 10/482...
Validation: 11/482...
Validation: 12/482...
Validation: 13/482...
Validation: 14/482...
Validation: 15/482...
Validation: 16/482...
Validation: 17/482...
Validation: 18/482...
Validation: 19/482...
Validation: 20/482...
Validation: 21/482...
Validation: 22/482...
Validation: 23/482...
Validation: 24/482...
Validation: 25/482...
Validation: 26/482...
Validation: 27/482...
Validation: 28/482...
Validation: 29/482...
Validation: 30/482...
Validation: 31/482...
Validation: 32/482...
Validation: 33/482...
Validation: 34/482...
Validation: 35/482...
Validation: 36/482...
Validation: 37/482...
Validation: 38/482...
Validation: 39/482...
Validation: 40/482...
Validation: 41/482...
Validation: 42/482...
Validation: 43/482...
Validation: 44/482...
Validation: 45/482...
Validation: 46/482...
Validation: 47/482...
Validation: 48/482...
Validation: 49/482...
Validation: 50/482...
Validation: 51/482...
Validation: 52/482...
Validation: 53/482...
Validation: 54/482...
Validation: 55/482...
Validation: 56/482...
Validation: 57/482...
Validation: 58/482...
Validation: 59/482...
Validation: 60/482...
Validation: 61/482...
Validation: 62/482...
Validation: 63/482...
Validation: 64/482...
Validation: 65/482...
Validation: 66/482...
Validation: 67/482...
Validation: 68/482...
Validation: 69/482...
Validation: 70/482...
Validation: 71/482...
Validation: 72/482...
Validation: 73/482...
Validation: 74/482...
Validation: 75/482...
Validation: 76/482...
Validation: 77/482...
Validation: 78/482...
Validation: 79/482...
Validation: 80/482...
Validation: 81/482...
Validation: 82/482...
Validation: 83/482...
Validation: 84/482...
Validation: 85/482...
Validation: 86/482...
Validation: 87/482...
Validation: 88/482...
Validation: 89/482...
Validation: 90/482...
Validation: 91/482...
Validation: 92/482...
Validation: 93/482...
Validation: 94/482...
Validation: 95/482...
Validation: 96/482...
Validation: 97/482...
Validation: 98/482...
Validation: 99/482...
Validation: 100/482...
Validation: 101/482...
Validation: 102/482...
Validation: 103/482...
Validation: 104/482...
Validation: 105/482...
Validation: 106/482...
Validation: 107/482...
Validation: 108/482...
Validation: 109/482...
Validation: 110/482...
Validation: 111/482...
Validation: 112/482...
Validation: 113/482...
Validation: 114/482...
Validation: 115/482...
Validation: 116/482...
Validation: 117/482...
Validation: 118/482...
Validation: 119/482...
Validation: 120/482...
Validation: 121/482...
Validation: 122/482...
Validation: 123/482...
Validation: 124/482...
Validation: 125/482...
Validation: 126/482...
Validation: 127/482...
Validation: 128/482...
Validation: 129/482...
Validation: 130/482...
Validation: 131/482...
Validation: 132/482...
Validation: 133/482...
Validation: 134/482...
Validation: 135/482...
Validation: 136/482...
Validation: 137/482...
Validation: 138/482...
Validation: 139/482...
Validation: 140/482...
Validation: 141/482...
Validation: 142/482...
Validation: 143/482...
Validation: 144/482...
Validation: 145/482...
Validation: 146/482...
Validation: 147/482...
Validation: 148/482...
Validation: 149/482...
Validation: 150/482...
Validation: 151/482...
Validation: 152/482...
Validation: 153/482...
Validation: 154/482...
Validation: 155/482...
Validation: 156/482...
Validation: 157/482...
Validation: 158/482...
Validation: 159/482...
Validation: 160/482...
Validation: 161/482...
Validation: 162/482...
Validation: 163/482...
Validation: 164/482...
Validation: 165/482...
Validation: 166/482...
Validation: 167/482...
Validation: 168/482...
Validation: 169/482...
Validation: 170/482...
Validation: 171/482...
Validation: 172/482...
Validation: 173/482...
Validation: 174/482...
Validation: 175/482...
Validation: 176/482...
Validation: 177/482...
Validation: 178/482...
Validation: 179/482...
Validation: 180/482...
Validation: 181/482...
Validation: 182/482...
Validation: 183/482...
Validation: 184/482...
Validation: 185/482...
Validation: 186/482...
Validation: 187/482...
Validation: 188/482...
Validation: 189/482...
Validation: 190/482...
Validation: 191/482...
Validation: 192/482...
Validation: 193/482...
Validation: 194/482...
Validation: 195/482...
Validation: 196/482...
Validation: 197/482...
Validation: 198/482...
Validation: 199/482...
Validation: 200/482...
Validation: 201/482...
Validation: 202/482...
Validation: 203/482...
Validation: 204/482...
Validation: 205/482...
Validation: 206/482...
Validation: 207/482...
Validation: 208/482...
Validation: 209/482...
Validation: 210/482...
Validation: 211/482...
Validation: 212/482...
Validation: 213/482...
Validation: 214/482...
Validation: 215/482...
Validation: 216/482...
Validation: 217/482...
Validation: 218/482...
Validation: 219/482...
Validation: 220/482...
Validation: 221/482...
Validation: 222/482...
Validation: 223/482...
Validation: 224/482...
Validation: 225/482...
Validation: 226/482...
Validation: 227/482...
Validation: 228/482...
Validation: 229/482...
Validation: 230/482...
Validation: 231/482...
Validation: 232/482...
Validation: 233/482...
Validation: 234/482...
Validation: 235/482...
Validation: 236/482...
Validation: 237/482...
Validation: 238/482...
Validation: 239/482...
Validation: 240/482...
Validation: 241/482...
Validation: 242/482...
Validation: 243/482...
Validation: 244/482...
Validation: 245/482...
Validation: 246/482...
Validation: 247/482...
Validation: 248/482...
Validation: 249/482...
Validation: 250/482...
Validation: 251/482...
Validation: 252/482...
Validation: 253/482...
Validation: 254/482...
Validation: 255/482...
Validation: 256/482...
Validation: 257/482...
Validation: 258/482...
Validation: 259/482...
Validation: 260/482...
Validation: 261/482...
Validation: 262/482...
Validation: 263/482...
Validation: 264/482...
Validation: 265/482...
Validation: 266/482...
Validation: 267/482...
Validation: 268/482...
Validation: 269/482...
Validation: 270/482...
Validation: 271/482...
Validation: 272/482...
Validation: 273/482...
Validation: 274/482...
Validation: 275/482...
Validation: 276/482...
Validation: 277/482...
Validation: 278/482...
Validation: 279/482...
Validation: 280/482...
Validation: 281/482...
Validation: 282/482...
Validation: 283/482...
Validation: 284/482...
Validation: 285/482...
Validation: 286/482...
Validation: 287/482...
Validation: 288/482...
Validation: 289/482...
Validation: 290/482...
Validation: 291/482...
Validation: 292/482...
Validation: 293/482...
Validation: 294/482...
Validation: 295/482...
Validation: 296/482...
Validation: 297/482...
Validation: 298/482...
Validation: 299/482...
Validation: 300/482...
Validation: 301/482...
Validation: 302/482...
Validation: 303/482...
Validation: 304/482...
Validation: 305/482...
Validation: 306/482...
Validation: 307/482...
Validation: 308/482...
Validation: 309/482...
Validation: 310/482...
Validation: 311/482...
Validation: 312/482...
Validation: 313/482...
Validation: 314/482...
Validation: 315/482...
Validation: 316/482...
Validation: 317/482...
Validation: 318/482...
Validation: 319/482...
Validation: 320/482...
Validation: 321/482...
Validation: 322/482...
Validation: 323/482...
Validation: 324/482...
Validation: 325/482...
Validation: 326/482...
Validation: 327/482...
Validation: 328/482...
Validation: 329/482...
Validation: 330/482...
Validation: 331/482...
Validation: 332/482...
Validation: 333/482...
Validation: 334/482...
Validation: 335/482...
Validation: 336/482...
Validation: 337/482...
Validation: 338/482...
Validation: 339/482...
Validation: 340/482...
Validation: 341/482...
Validation: 342/482...
Validation: 343/482...
Validation: 344/482...
Validation: 345/482...
Validation: 346/482...
Validation: 347/482...
Validation: 348/482...
Validation: 349/482...
Validation: 350/482...
Validation: 351/482...
Validation: 352/482...
Validation: 353/482...
Validation: 354/482...
Validation: 355/482...
Validation: 356/482...
Validation: 357/482...
Validation: 358/482...
Validation: 359/482...
Validation: 360/482...
Validation: 361/482...
Validation: 362/482...
Validation: 363/482...
Validation: 364/482...
Validation: 365/482...
Validation: 366/482...
Validation: 367/482...
Validation: 368/482...
Validation: 369/482...
Validation: 370/482...
Validation: 371/482...
Validation: 372/482...
Validation: 373/482...
Validation: 374/482...
Validation: 375/482...
Validation: 376/482...
Validation: 377/482...
Validation: 378/482...
Validation: 379/482...
Validation: 380/482...
Validation: 381/482...
Validation: 382/482...
Validation: 383/482...
Validation: 384/482...
Validation: 385/482...
Validation: 386/482...
Validation: 387/482...
Validation: 388/482...
Validation: 389/482...
Validation: 390/482...
Validation: 391/482...
Validation: 392/482...
Validation: 393/482...
Validation: 394/482...
Validation: 395/482...
Validation: 396/482...
Validation: 397/482...
Validation: 398/482...
Validation: 399/482...
Validation: 400/482...
Validation: 401/482...
Validation: 402/482...
Validation: 403/482...
Validation: 404/482...
Validation: 405/482...
Validation: 406/482...
Validation: 407/482...
Validation: 408/482...
Validation: 409/482...
Validation: 410/482...
Validation: 411/482...
Validation: 412/482...
Validation: 413/482...
Validation: 414/482...
Validation: 415/482...
Validation: 416/482...
Validation: 417/482...
Validation: 418/482...
Validation: 419/482...
Validation: 420/482...
Validation: 421/482...
Validation: 422/482...
Validation: 423/482...
Validation: 424/482...
Validation: 425/482...
Validation: 426/482...
Validation: 427/482...
Validation: 428/482...
Validation: 429/482...
Validation: 430/482...
Validation: 431/482...
Validation: 432/482...
Validation: 433/482...
Validation: 434/482...
Validation: 435/482...
Validation: 436/482...
Validation: 437/482...
Validation: 438/482...
Validation: 439/482...
Validation: 440/482...
Validation: 441/482...
Validation: 442/482...
Validation: 443/482...
Validation: 444/482...
Validation: 445/482...
Validation: 446/482...
Validation: 447/482...
Validation: 448/482...
Validation: 449/482...
Validation: 450/482...
Validation: 451/482...
Validation: 452/482...
Validation: 453/482...
Validation: 454/482...
Validation: 455/482...
Validation: 456/482...
Validation: 457/482...
Validation: 458/482...
Validation: 459/482...
Validation: 460/482...
Validation: 461/482...
Validation: 462/482...
Validation: 463/482...
Validation: 464/482...
Validation: 465/482...
Validation: 466/482...
Validation: 467/482...
Validation: 468/482...
Validation: 469/482...
Validation: 470/482...
Validation: 471/482...
Validation: 472/482...
Validation: 473/482...
Validation: 474/482...
Validation: 475/482...
Validation: 476/482...
Validation: 477/482...
Validation: 478/482...
Validation: 479/482...
Validation: 480/482...
Validation: 481/482...
Validation: 482/482...
Validation Metric: PSNR=12.58, LPIPS=0.7817...
====================================================================================================
Train: 012200/020000, Loss/MSE: t(1):5.1e-03/5.1e-03, t(8):2.0e-01/2.0e-01, t(15):3.5e-01/3.5e-01, lr:5.00e-05
Train: 012400/020000, Loss/MSE: t(1):4.4e-03/4.4e-03, t(8):2.0e-01/2.0e-01, t(15):3.4e-01/3.4e-01, lr:5.00e-05
Train: 012600/020000, Loss/MSE: t(1):5.3e-03/5.3e-03, t(8):2.0e-01/2.0e-01, t(15):3.3e-01/3.3e-01, lr:5.00e-05
Train: 012800/020000, Loss/MSE: t(1):4.7e-03/4.7e-03, t(8):2.0e-01/2.0e-01, t(15):3.3e-01/3.3e-01, lr:5.00e-05
Train: 013000/020000, Loss/MSE: t(1):4.5e-03/4.5e-03, t(8):2.0e-01/2.0e-01, t(15):3.4e-01/3.4e-01, lr:5.00e-05
Train: 013200/020000, Loss/MSE: t(1):5.1e-03/5.1e-03, t(8):2.0e-01/2.0e-01, t(15):3.3e-01/3.3e-01, lr:5.00e-05
Train: 013400/020000, Loss/MSE: t(1):4.1e-03/4.1e-03, t(8):1.9e-01/1.9e-01, t(15):3.5e-01/3.5e-01, lr:5.00e-05
Train: 013600/020000, Loss/MSE: t(1):4.2e-03/4.2e-03, t(8):1.9e-01/1.9e-01, t(15):3.0e-01/3.0e-01, lr:5.00e-05
Train: 013800/020000, Loss/MSE: t(1):4.6e-03/4.6e-03, t(8):2.0e-01/2.0e-01, t(15):3.7e-01/3.7e-01, lr:5.00e-05
Train: 014000/020000, Loss/MSE: t(1):4.1e-03/4.1e-03, t(8):2.0e-01/2.0e-01, t(15):3.4e-01/3.4e-01, lr:5.00e-05
Elapsed time: 1511.16s
====================================================================================================
Validation: 01/482...
Validation: 02/482...
Validation: 03/482...
Validation: 04/482...
Validation: 05/482...
Validation: 06/482...
Validation: 07/482...
Validation: 08/482...
Validation: 09/482...
Validation: 10/482...
Validation: 11/482...
Validation: 12/482...
Validation: 13/482...
Validation: 14/482...
Validation: 15/482...
Validation: 16/482...
Validation: 17/482...
Validation: 18/482...
Validation: 19/482...
Validation: 20/482...
Validation: 21/482...
Validation: 22/482...
Validation: 23/482...
Validation: 24/482...
Validation: 25/482...
Validation: 26/482...
Validation: 27/482...
Validation: 28/482...
Validation: 29/482...
Validation: 30/482...
Validation: 31/482...
Validation: 32/482...
Validation: 33/482...
Validation: 34/482...
Validation: 35/482...
Validation: 36/482...
Validation: 37/482...
Validation: 38/482...
Validation: 39/482...
Validation: 40/482...
Validation: 41/482...
Validation: 42/482...
Validation: 43/482...
Validation: 44/482...
Validation: 45/482...
Validation: 46/482...
Validation: 47/482...
Validation: 48/482...
Validation: 49/482...
Validation: 50/482...
Validation: 51/482...
Validation: 52/482...
Validation: 53/482...
Validation: 54/482...
Validation: 55/482...
Validation: 56/482...
Validation: 57/482...
Validation: 58/482...
Validation: 59/482...
Validation: 60/482...
Validation: 61/482...
Validation: 62/482...
Validation: 63/482...
Validation: 64/482...
Validation: 65/482...
Validation: 66/482...
Validation: 67/482...
Validation: 68/482...
Validation: 69/482...
Validation: 70/482...
Validation: 71/482...
Validation: 72/482...
Validation: 73/482...
Validation: 74/482...
Validation: 75/482...
Validation: 76/482...
Validation: 77/482...
Validation: 78/482...
Validation: 79/482...
Validation: 80/482...
Validation: 81/482...
Validation: 82/482...
Validation: 83/482...
Validation: 84/482...
Validation: 85/482...
Validation: 86/482...
Validation: 87/482...
Validation: 88/482...
Validation: 89/482...
Validation: 90/482...
Validation: 91/482...
Validation: 92/482...
Validation: 93/482...
Validation: 94/482...
Validation: 95/482...
Validation: 96/482...
Validation: 97/482...
Validation: 98/482...
Validation: 99/482...
Validation: 100/482...
Validation: 101/482...
Validation: 102/482...
Validation: 103/482...
Validation: 104/482...
Validation: 105/482...
Validation: 106/482...
Validation: 107/482...
Validation: 108/482...
Validation: 109/482...
Validation: 110/482...
Validation: 111/482...
Validation: 112/482...
Validation: 113/482...
Validation: 114/482...
Validation: 115/482...
Validation: 116/482...
Validation: 117/482...
Validation: 118/482...
Validation: 119/482...
Validation: 120/482...
Validation: 121/482...
Validation: 122/482...
Validation: 123/482...
Validation: 124/482...
Validation: 125/482...
Validation: 126/482...
Validation: 127/482...
Validation: 128/482...
Validation: 129/482...
Validation: 130/482...
Validation: 131/482...
Validation: 132/482...
Validation: 133/482...
Validation: 134/482...
Validation: 135/482...
Validation: 136/482...
Validation: 137/482...
Validation: 138/482...
Validation: 139/482...
Validation: 140/482...
Validation: 141/482...
Validation: 142/482...
Validation: 143/482...
Validation: 144/482...
Validation: 145/482...
Validation: 146/482...
Validation: 147/482...
Validation: 148/482...
Validation: 149/482...
Validation: 150/482...
Validation: 151/482...
Validation: 152/482...
Validation: 153/482...
Validation: 154/482...
Validation: 155/482...
Validation: 156/482...
Validation: 157/482...
Validation: 158/482...
Validation: 159/482...
Validation: 160/482...
Validation: 161/482...
Validation: 162/482...
Validation: 163/482...
Validation: 164/482...
Validation: 165/482...
Validation: 166/482...
Validation: 167/482...
Validation: 168/482...
Validation: 169/482...
Validation: 170/482...
Validation: 171/482...
Validation: 172/482...
Validation: 173/482...
Validation: 174/482...
Validation: 175/482...
Validation: 176/482...
Validation: 177/482...
Validation: 178/482...
Validation: 179/482...
Validation: 180/482...
Validation: 181/482...
Validation: 182/482...
Validation: 183/482...
Validation: 184/482...
Validation: 185/482...
Validation: 186/482...
Validation: 187/482...
Validation: 188/482...
Validation: 189/482...
Validation: 190/482...
Validation: 191/482...
Validation: 192/482...
Validation: 193/482...
Validation: 194/482...
Validation: 195/482...
Validation: 196/482...
Validation: 197/482...
Validation: 198/482...
Validation: 199/482...
Validation: 200/482...
Validation: 201/482...
Validation: 202/482...
Validation: 203/482...
Validation: 204/482...
Validation: 205/482...
Validation: 206/482...
Validation: 207/482...
Validation: 208/482...
Validation: 209/482...
Validation: 210/482...
Validation: 211/482...
Validation: 212/482...
Validation: 213/482...
Validation: 214/482...
Validation: 215/482...
Validation: 216/482...
Validation: 217/482...
Validation: 218/482...
Validation: 219/482...
Validation: 220/482...
Validation: 221/482...
Validation: 222/482...
Validation: 223/482...
Validation: 224/482...
Validation: 225/482...
Validation: 226/482...
Validation: 227/482...
Validation: 228/482...
Validation: 229/482...
Validation: 230/482...
Validation: 231/482...
Validation: 232/482...
Validation: 233/482...
Validation: 234/482...
Validation: 235/482...
Validation: 236/482...
Validation: 237/482...
Validation: 238/482...
Validation: 239/482...
Validation: 240/482...
Validation: 241/482...
Validation: 242/482...
Validation: 243/482...
Validation: 244/482...
Validation: 245/482...
Validation: 246/482...
Validation: 247/482...
Validation: 248/482...
Validation: 249/482...
Validation: 250/482...
Validation: 251/482...
Validation: 252/482...
Validation: 253/482...
Validation: 254/482...
Validation: 255/482...
Validation: 256/482...
Validation: 257/482...
Validation: 258/482...
Validation: 259/482...
Validation: 260/482...
Validation: 261/482...
Validation: 262/482...
Validation: 263/482...
Validation: 264/482...
Validation: 265/482...
Validation: 266/482...
Validation: 267/482...
Validation: 268/482...
Validation: 269/482...
Validation: 270/482...
Validation: 271/482...
Validation: 272/482...
Validation: 273/482...
Validation: 274/482...
Validation: 275/482...
Validation: 276/482...
Validation: 277/482...
Validation: 278/482...
Validation: 279/482...
Validation: 280/482...
Validation: 281/482...
Validation: 282/482...
Validation: 283/482...
Validation: 284/482...
Validation: 285/482...
Validation: 286/482...
Validation: 287/482...
Validation: 288/482...
Validation: 289/482...
Validation: 290/482...
Validation: 291/482...
Validation: 292/482...
Validation: 293/482...
Validation: 294/482...
Validation: 295/482...
Validation: 296/482...
Validation: 297/482...
Validation: 298/482...
Validation: 299/482...
Validation: 300/482...
Validation: 301/482...
Validation: 302/482...
Validation: 303/482...
Validation: 304/482...
Validation: 305/482...
Validation: 306/482...
Validation: 307/482...
Validation: 308/482...
Validation: 309/482...
Validation: 310/482...
Validation: 311/482...
Validation: 312/482...
Validation: 313/482...
Validation: 314/482...
Validation: 315/482...
Validation: 316/482...
Validation: 317/482...
Validation: 318/482...
Validation: 319/482...
Validation: 320/482...
Validation: 321/482...
Validation: 322/482...
Validation: 323/482...
Validation: 324/482...
Validation: 325/482...
Validation: 326/482...
Validation: 327/482...
Validation: 328/482...
Validation: 329/482...
Validation: 330/482...
Validation: 331/482...
Validation: 332/482...
Validation: 333/482...
Validation: 334/482...
Validation: 335/482...
Validation: 336/482...
Validation: 337/482...
Validation: 338/482...
Validation: 339/482...
Validation: 340/482...
Validation: 341/482...
Validation: 342/482...
Validation: 343/482...
Validation: 344/482...
Validation: 345/482...
Validation: 346/482...
Validation: 347/482...
Validation: 348/482...
Validation: 349/482...
Validation: 350/482...
Validation: 351/482...
Validation: 352/482...
Validation: 353/482...
Validation: 354/482...
Validation: 355/482...
Validation: 356/482...
Validation: 357/482...
Validation: 358/482...
Validation: 359/482...
Validation: 360/482...
Validation: 361/482...
Validation: 362/482...
Validation: 363/482...
Validation: 364/482...
Validation: 365/482...
Validation: 366/482...
Validation: 367/482...
Validation: 368/482...
Validation: 369/482...
Validation: 370/482...
Validation: 371/482...
Validation: 372/482...
Validation: 373/482...
Validation: 374/482...
Validation: 375/482...
Validation: 376/482...
Validation: 377/482...
Validation: 378/482...
Validation: 379/482...
Validation: 380/482...
Validation: 381/482...
Validation: 382/482...
Validation: 383/482...
Validation: 384/482...
Validation: 385/482...
Validation: 386/482...
Validation: 387/482...
Validation: 388/482...
Validation: 389/482...
Validation: 390/482...
Validation: 391/482...
Validation: 392/482...
Validation: 393/482...
Validation: 394/482...
Validation: 395/482...
Validation: 396/482...
Validation: 397/482...
Validation: 398/482...
Validation: 399/482...
Validation: 400/482...
Validation: 401/482...
Validation: 402/482...
Validation: 403/482...
Validation: 404/482...
Validation: 405/482...
Validation: 406/482...
Validation: 407/482...
Validation: 408/482...
Validation: 409/482...
Validation: 410/482...
Validation: 411/482...
Validation: 412/482...
Validation: 413/482...
Validation: 414/482...
Validation: 415/482...
Validation: 416/482...
Validation: 417/482...
Validation: 418/482...
Validation: 419/482...
Validation: 420/482...
Validation: 421/482...
Validation: 422/482...
Validation: 423/482...
Validation: 424/482...
Validation: 425/482...
Validation: 426/482...
Validation: 427/482...
Validation: 428/482...
Validation: 429/482...
Validation: 430/482...
Validation: 431/482...
Validation: 432/482...
Validation: 433/482...
Validation: 434/482...
Validation: 435/482...
Validation: 436/482...
Validation: 437/482...
Validation: 438/482...
Validation: 439/482...
Validation: 440/482...
Validation: 441/482...
Validation: 442/482...
Validation: 443/482...
Validation: 444/482...
Validation: 445/482...
Validation: 446/482...
Validation: 447/482...
Validation: 448/482...
Validation: 449/482...
Validation: 450/482...
Validation: 451/482...
Validation: 452/482...
Validation: 453/482...
Validation: 454/482...
Validation: 455/482...
Validation: 456/482...
Validation: 457/482...
Validation: 458/482...
Validation: 459/482...
Validation: 460/482...
Validation: 461/482...
Validation: 462/482...
Validation: 463/482...
Validation: 464/482...
Validation: 465/482...
Validation: 466/482...
Validation: 467/482...
Validation: 468/482...
Validation: 469/482...
Validation: 470/482...
Validation: 471/482...
Validation: 472/482...
Validation: 473/482...
Validation: 474/482...
Validation: 475/482...
Validation: 476/482...
Validation: 477/482...
Validation: 478/482...
Validation: 479/482...
Validation: 480/482...
Validation: 481/482...
Validation: 482/482...
Validation Metric: PSNR=12.78, LPIPS=0.7764...
====================================================================================================
Train: 014200/020000, Loss/MSE: t(1):4.2e-03/4.2e-03, t(8):1.9e-01/1.9e-01, t(15):3.3e-01/3.3e-01, lr:5.00e-05
Train: 014400/020000, Loss/MSE: t(1):4.4e-03/4.4e-03, t(8):1.9e-01/1.9e-01, t(15):3.5e-01/3.5e-01, lr:5.00e-05
Train: 014600/020000, Loss/MSE: t(1):4.3e-03/4.3e-03, t(8):1.9e-01/1.9e-01, t(15):3.5e-01/3.5e-01, lr:5.00e-05
Train: 014800/020000, Loss/MSE: t(1):4.0e-03/4.0e-03, t(8):2.0e-01/2.0e-01, t(15):3.2e-01/3.2e-01, lr:5.00e-05
Train: 015000/020000, Loss/MSE: t(1):4.3e-03/4.3e-03, t(8):2.0e-01/2.0e-01, t(15):3.2e-01/3.2e-01, lr:5.00e-05
Train: 015200/020000, Loss/MSE: t(1):4.2e-03/4.2e-03, t(8):1.9e-01/1.9e-01, t(15):3.0e-01/3.0e-01, lr:5.00e-05
Train: 015400/020000, Loss/MSE: t(1):4.5e-03/4.5e-03, t(8):2.0e-01/2.0e-01, t(15):3.5e-01/3.5e-01, lr:5.00e-05
Train: 015600/020000, Loss/MSE: t(1):4.1e-03/4.1e-03, t(8):2.0e-01/2.0e-01, t(15):3.5e-01/3.5e-01, lr:5.00e-05
Train: 015800/020000, Loss/MSE: t(1):4.6e-03/4.6e-03, t(8):2.0e-01/2.0e-01, t(15):3.5e-01/3.5e-01, lr:5.00e-05
Train: 016000/020000, Loss/MSE: t(1):4.4e-03/4.4e-03, t(8):1.9e-01/1.9e-01, t(15):3.3e-01/3.3e-01, lr:5.00e-05
Elapsed time: 1533.05s
====================================================================================================
Validation: 01/482...
Validation: 02/482...
Validation: 03/482...
Validation: 04/482...
Validation: 05/482...
Validation: 06/482...
Validation: 07/482...
Validation: 08/482...
Validation: 09/482...
Validation: 10/482...
Validation: 11/482...
Validation: 12/482...
Validation: 13/482...
Validation: 14/482...
Validation: 15/482...
Validation: 16/482...
Validation: 17/482...
Validation: 18/482...
Validation: 19/482...
Validation: 20/482...
Validation: 21/482...
Validation: 22/482...
Validation: 23/482...
Validation: 24/482...
Validation: 25/482...
Validation: 26/482...
Validation: 27/482...
Validation: 28/482...
Validation: 29/482...
Validation: 30/482...
Validation: 31/482...
Validation: 32/482...
Validation: 33/482...
Validation: 34/482...
Validation: 35/482...
Validation: 36/482...
Validation: 37/482...
Validation: 38/482...
Validation: 39/482...
Validation: 40/482...
Validation: 41/482...
Validation: 42/482...
Validation: 43/482...
Validation: 44/482...
Validation: 45/482...
Validation: 46/482...
Validation: 47/482...
Validation: 48/482...
Validation: 49/482...
Validation: 50/482...
Validation: 51/482...
Validation: 52/482...
Validation: 53/482...
Validation: 54/482...
Validation: 55/482...
Validation: 56/482...
Validation: 57/482...
Validation: 58/482...
Validation: 59/482...
Validation: 60/482...
Validation: 61/482...
Validation: 62/482...
Validation: 63/482...
Validation: 64/482...
Validation: 65/482...
Validation: 66/482...
Validation: 67/482...
Validation: 68/482...
Validation: 69/482...
Validation: 70/482...
Validation: 71/482...
Validation: 72/482...
Validation: 73/482...
Validation: 74/482...
Validation: 75/482...
Validation: 76/482...
Validation: 77/482...
Validation: 78/482...
Validation: 79/482...
Validation: 80/482...
Validation: 81/482...
Validation: 82/482...
Validation: 83/482...
Validation: 84/482...
Validation: 85/482...
Validation: 86/482...
Validation: 87/482...
Validation: 88/482...
Validation: 89/482...
Validation: 90/482...
Validation: 91/482...
Validation: 92/482...
Validation: 93/482...
Validation: 94/482...
Validation: 95/482...
Validation: 96/482...
Validation: 97/482...
Validation: 98/482...
Validation: 99/482...
Validation: 100/482...
Validation: 101/482...
Validation: 102/482...
Validation: 103/482...
Validation: 104/482...
Validation: 105/482...
Validation: 106/482...
Validation: 107/482...
Validation: 108/482...
Validation: 109/482...
Validation: 110/482...
Validation: 111/482...
Validation: 112/482...
Validation: 113/482...
Validation: 114/482...
Validation: 115/482...
Validation: 116/482...
Validation: 117/482...
Validation: 118/482...
Validation: 119/482...
Validation: 120/482...
Validation: 121/482...
Validation: 122/482...
Validation: 123/482...
Validation: 124/482...
Validation: 125/482...
Validation: 126/482...
Validation: 127/482...
Validation: 128/482...
Validation: 129/482...
Validation: 130/482...
Validation: 131/482...
Validation: 132/482...
Validation: 133/482...
Validation: 134/482...
Validation: 135/482...
Validation: 136/482...
Validation: 137/482...
Validation: 138/482...
Validation: 139/482...
Validation: 140/482...
Validation: 141/482...
Validation: 142/482...
Validation: 143/482...
Validation: 144/482...
Validation: 145/482...
Validation: 146/482...
Validation: 147/482...
Validation: 148/482...
Validation: 149/482...
Validation: 150/482...
Validation: 151/482...
Validation: 152/482...
Validation: 153/482...
Validation: 154/482...
Validation: 155/482...
Validation: 156/482...
Validation: 157/482...
Validation: 158/482...
Validation: 159/482...
Validation: 160/482...
Validation: 161/482...
Validation: 162/482...
Validation: 163/482...
Validation: 164/482...
Validation: 165/482...
Validation: 166/482...
Validation: 167/482...
Validation: 168/482...
Validation: 169/482...
Validation: 170/482...
Validation: 171/482...
Validation: 172/482...
Validation: 173/482...
Validation: 174/482...
Validation: 175/482...
Validation: 176/482...
Validation: 177/482...
Validation: 178/482...
Validation: 179/482...
Validation: 180/482...
Validation: 181/482...
Validation: 182/482...
Validation: 183/482...
Validation: 184/482...
Validation: 185/482...
Validation: 186/482...
Validation: 187/482...
Validation: 188/482...
Validation: 189/482...
Validation: 190/482...
Validation: 191/482...
Validation: 192/482...
Validation: 193/482...
Validation: 194/482...
Validation: 195/482...
Validation: 196/482...
Validation: 197/482...
Validation: 198/482...
Validation: 199/482...
Validation: 200/482...
Validation: 201/482...
Validation: 202/482...
Validation: 203/482...
Validation: 204/482...
Validation: 205/482...
Validation: 206/482...
Validation: 207/482...
Validation: 208/482...
Validation: 209/482...
Validation: 210/482...
Validation: 211/482...
Validation: 212/482...
Validation: 213/482...
Validation: 214/482...
Validation: 215/482...
Validation: 216/482...
Validation: 217/482...
Validation: 218/482...
Validation: 219/482...
Validation: 220/482...
Validation: 221/482...
Validation: 222/482...
Validation: 223/482...
Validation: 224/482...
Validation: 225/482...
Validation: 226/482...
Validation: 227/482...
Validation: 228/482...
Validation: 229/482...
Validation: 230/482...
Validation: 231/482...
Validation: 232/482...
Validation: 233/482...
Validation: 234/482...
Validation: 235/482...
Validation: 236/482...
Validation: 237/482...
Validation: 238/482...
Validation: 239/482...
Validation: 240/482...
Validation: 241/482...
Validation: 242/482...
Validation: 243/482...
Validation: 244/482...
Validation: 245/482...
Validation: 246/482...
Validation: 247/482...
Validation: 248/482...
Validation: 249/482...
Validation: 250/482...
Validation: 251/482...
Validation: 252/482...
Validation: 253/482...
Validation: 254/482...
Validation: 255/482...
Validation: 256/482...
Validation: 257/482...
Validation: 258/482...
Validation: 259/482...
Validation: 260/482...
Validation: 261/482...
Validation: 262/482...
Validation: 263/482...
Validation: 264/482...
Validation: 265/482...
Validation: 266/482...
Validation: 267/482...
Validation: 268/482...
Validation: 269/482...
Validation: 270/482...
Validation: 271/482...
Validation: 272/482...
Validation: 273/482...
Validation: 274/482...
Validation: 275/482...
Validation: 276/482...
Validation: 277/482...
Validation: 278/482...
Validation: 279/482...
Validation: 280/482...
Validation: 281/482...
Validation: 282/482...
Validation: 283/482...
Validation: 284/482...
Validation: 285/482...
Validation: 286/482...
Validation: 287/482...
Validation: 288/482...
Validation: 289/482...
Validation: 290/482...
Validation: 291/482...
Validation: 292/482...
Validation: 293/482...
Validation: 294/482...
Validation: 295/482...
Validation: 296/482...
Validation: 297/482...
Validation: 298/482...
Validation: 299/482...
Validation: 300/482...
Validation: 301/482...
Validation: 302/482...
Validation: 303/482...
Validation: 304/482...
Validation: 305/482...
Validation: 306/482...
Validation: 307/482...
Validation: 308/482...
Validation: 309/482...
Validation: 310/482...
Validation: 311/482...
Validation: 312/482...
Validation: 313/482...
Validation: 314/482...
Validation: 315/482...
Validation: 316/482...
Validation: 317/482...
Validation: 318/482...
Validation: 319/482...
Validation: 320/482...
Validation: 321/482...
Validation: 322/482...
Validation: 323/482...
Validation: 324/482...
Validation: 325/482...
Validation: 326/482...
Validation: 327/482...
Validation: 328/482...
Validation: 329/482...
Validation: 330/482...
Validation: 331/482...
Validation: 332/482...
Validation: 333/482...
Validation: 334/482...
Validation: 335/482...
Validation: 336/482...
Validation: 337/482...
Validation: 338/482...
Validation: 339/482...
Validation: 340/482...
Validation: 341/482...
Validation: 342/482...
Validation: 343/482...
Validation: 344/482...
Validation: 345/482...
Validation: 346/482...
Validation: 347/482...
Validation: 348/482...
Validation: 349/482...
Validation: 350/482...
Validation: 351/482...
Validation: 352/482...
Validation: 353/482...
Validation: 354/482...
Validation: 355/482...
Validation: 356/482...
Validation: 357/482...
Validation: 358/482...
Validation: 359/482...
Validation: 360/482...
Validation: 361/482...
Validation: 362/482...
Validation: 363/482...
Validation: 364/482...
Validation: 365/482...
Validation: 366/482...
Validation: 367/482...
Validation: 368/482...
Validation: 369/482...
Validation: 370/482...
Validation: 371/482...
Validation: 372/482...
Validation: 373/482...
Validation: 374/482...
Validation: 375/482...
Validation: 376/482...
Validation: 377/482...
Validation: 378/482...
Validation: 379/482...
Validation: 380/482...
Validation: 381/482...
Validation: 382/482...
Validation: 383/482...
Validation: 384/482...
Validation: 385/482...
Validation: 386/482...
Validation: 387/482...
Validation: 388/482...
Validation: 389/482...
Validation: 390/482...
Validation: 391/482...
Validation: 392/482...
Validation: 393/482...
Validation: 394/482...
Validation: 395/482...
Validation: 396/482...
Validation: 397/482...
Validation: 398/482...
Validation: 399/482...
Validation: 400/482...
Validation: 401/482...
Validation: 402/482...
Validation: 403/482...
Validation: 404/482...
Validation: 405/482...
Validation: 406/482...
Validation: 407/482...
Validation: 408/482...
Validation: 409/482...
Validation: 410/482...
Validation: 411/482...
Validation: 412/482...
Validation: 413/482...
Validation: 414/482...
Validation: 415/482...
Validation: 416/482...
Validation: 417/482...
Validation: 418/482...
Validation: 419/482...
Validation: 420/482...
Validation: 421/482...
Validation: 422/482...
Validation: 423/482...
Validation: 424/482...
Validation: 425/482...
Validation: 426/482...
Validation: 427/482...
Validation: 428/482...
Validation: 429/482...
Validation: 430/482...
Validation: 431/482...
Validation: 432/482...
Validation: 433/482...
Validation: 434/482...
Validation: 435/482...
Validation: 436/482...
Validation: 437/482...
Validation: 438/482...
Validation: 439/482...
Validation: 440/482...
Validation: 441/482...
Validation: 442/482...
Validation: 443/482...
Validation: 444/482...
Validation: 445/482...
Validation: 446/482...
Validation: 447/482...
Validation: 448/482...
Validation: 449/482...
Validation: 450/482...
Validation: 451/482...
Validation: 452/482...
Validation: 453/482...
Validation: 454/482...
Validation: 455/482...
Validation: 456/482...
Validation: 457/482...
Validation: 458/482...
Validation: 459/482...
Validation: 460/482...
Validation: 461/482...
Validation: 462/482...
Validation: 463/482...
Validation: 464/482...
Validation: 465/482...
Validation: 466/482...
Validation: 467/482...
Validation: 468/482...
Validation: 469/482...
Validation: 470/482...
Validation: 471/482...
Validation: 472/482...
Validation: 473/482...
Validation: 474/482...
Validation: 475/482...
Validation: 476/482...
Validation: 477/482...
Validation: 478/482...
Validation: 479/482...
Validation: 480/482...
Validation: 481/482...
Validation: 482/482...
Validation Metric: PSNR=12.67, LPIPS=0.7794...
====================================================================================================
Train: 016200/020000, Loss/MSE: t(1):4.1e-03/4.1e-03, t(8):2.0e-01/2.0e-01, t(15):3.1e-01/3.1e-01, lr:5.00e-05
Train: 016400/020000, Loss/MSE: t(1):3.9e-03/3.9e-03, t(8):1.9e-01/1.9e-01, t(15):3.3e-01/3.3e-01, lr:5.00e-05
Train: 016600/020000, Loss/MSE: t(1):3.9e-03/3.9e-03, t(8):2.0e-01/2.0e-01, t(15):3.3e-01/3.3e-01, lr:5.00e-05
Train: 016800/020000, Loss/MSE: t(1):3.7e-03/3.7e-03, t(8):2.0e-01/2.0e-01, t(15):3.1e-01/3.1e-01, lr:5.00e-05
Train: 017000/020000, Loss/MSE: t(1):4.5e-03/4.5e-03, t(8):1.9e-01/1.9e-01, t(15):3.2e-01/3.2e-01, lr:5.00e-05
Train: 017200/020000, Loss/MSE: t(1):3.7e-03/3.7e-03, t(8):2.0e-01/2.0e-01, t(15):3.4e-01/3.4e-01, lr:5.00e-05
Train: 017400/020000, Loss/MSE: t(1):4.0e-03/4.0e-03, t(8):1.9e-01/1.9e-01, t(15):3.2e-01/3.2e-01, lr:5.00e-05
Train: 017600/020000, Loss/MSE: t(1):4.0e-03/4.0e-03, t(8):2.0e-01/2.0e-01, t(15):3.1e-01/3.1e-01, lr:5.00e-05
Train: 017800/020000, Loss/MSE: t(1):3.9e-03/3.9e-03, t(8):1.9e-01/1.9e-01, t(15):3.2e-01/3.2e-01, lr:5.00e-05
Train: 018000/020000, Loss/MSE: t(1):3.5e-03/3.5e-03, t(8):1.9e-01/1.9e-01, t(15):3.4e-01/3.4e-01, lr:5.00e-05
Elapsed time: 1520.26s
====================================================================================================
Validation: 01/482...
Validation: 02/482...
Validation: 03/482...
Validation: 04/482...
Validation: 05/482...
Validation: 06/482...
Validation: 07/482...
Validation: 08/482...
Validation: 09/482...
Validation: 10/482...
Validation: 11/482...
Validation: 12/482...
Validation: 13/482...
Validation: 14/482...
Validation: 15/482...
Validation: 16/482...
Validation: 17/482...
Validation: 18/482...
Validation: 19/482...
Validation: 20/482...
Validation: 21/482...
Validation: 22/482...
Validation: 23/482...
Validation: 24/482...
Validation: 25/482...
Validation: 26/482...
Validation: 27/482...
Validation: 28/482...
Validation: 29/482...
Validation: 30/482...
Validation: 31/482...
Validation: 32/482...
Validation: 33/482...
Validation: 34/482...
Validation: 35/482...
Validation: 36/482...
Validation: 37/482...
Validation: 38/482...
Validation: 39/482...
Validation: 40/482...
Validation: 41/482...
Validation: 42/482...
Validation: 43/482...
Validation: 44/482...
Validation: 45/482...
Validation: 46/482...
Validation: 47/482...
Validation: 48/482...
Validation: 49/482...
Validation: 50/482...
Validation: 51/482...
Validation: 52/482...
Validation: 53/482...
Validation: 54/482...
Validation: 55/482...
Validation: 56/482...
Validation: 57/482...
Validation: 58/482...
Validation: 59/482...
Validation: 60/482...
Validation: 61/482...
Validation: 62/482...
Validation: 63/482...
Validation: 64/482...
Validation: 65/482...
Validation: 66/482...
Validation: 67/482...
Validation: 68/482...
Validation: 69/482...
Validation: 70/482...
Validation: 71/482...
Validation: 72/482...
Validation: 73/482...
Validation: 74/482...
Validation: 75/482...
Validation: 76/482...
Validation: 77/482...
Validation: 78/482...
Validation: 79/482...
Validation: 80/482...
Validation: 81/482...
Validation: 82/482...
Validation: 83/482...
Validation: 84/482...
Validation: 85/482...
Validation: 86/482...
Validation: 87/482...
Validation: 88/482...
Validation: 89/482...
Validation: 90/482...
Validation: 91/482...
Validation: 92/482...
Validation: 93/482...
Validation: 94/482...
Validation: 95/482...
Validation: 96/482...
Validation: 97/482...
Validation: 98/482...
Validation: 99/482...
Validation: 100/482...
Validation: 101/482...
Validation: 102/482...
Validation: 103/482...
Validation: 104/482...
Validation: 105/482...
Validation: 106/482...
Validation: 107/482...
Validation: 108/482...
Validation: 109/482...
Validation: 110/482...
Validation: 111/482...
Validation: 112/482...
Validation: 113/482...
Validation: 114/482...
Validation: 115/482...
Validation: 116/482...
Validation: 117/482...
Validation: 118/482...
Validation: 119/482...
Validation: 120/482...
Validation: 121/482...
Validation: 122/482...
Validation: 123/482...
Validation: 124/482...
Validation: 125/482...
Validation: 126/482...
Validation: 127/482...
Validation: 128/482...
Validation: 129/482...
Validation: 130/482...
Validation: 131/482...
Validation: 132/482...
Validation: 133/482...
Validation: 134/482...
Validation: 135/482...
Validation: 136/482...
Validation: 137/482...
Validation: 138/482...
Validation: 139/482...
Validation: 140/482...
Validation: 141/482...
Validation: 142/482...
Validation: 143/482...
Validation: 144/482...
Validation: 145/482...
Validation: 146/482...
Validation: 147/482...
Validation: 148/482...
Validation: 149/482...
Validation: 150/482...
Validation: 151/482...
Validation: 152/482...
Validation: 153/482...
Validation: 154/482...
Validation: 155/482...
Validation: 156/482...
Validation: 157/482...
Validation: 158/482...
Validation: 159/482...
Validation: 160/482...
Validation: 161/482...
Validation: 162/482...
Validation: 163/482...
Validation: 164/482...
Validation: 165/482...
Validation: 166/482...
Validation: 167/482...
Validation: 168/482...
Validation: 169/482...
Validation: 170/482...
Validation: 171/482...
Validation: 172/482...
Validation: 173/482...
Validation: 174/482...
Validation: 175/482...
Validation: 176/482...
Validation: 177/482...
Validation: 178/482...
Validation: 179/482...
Validation: 180/482...
Validation: 181/482...
Validation: 182/482...
Validation: 183/482...
Validation: 184/482...
Validation: 185/482...
Validation: 186/482...
Validation: 187/482...
Validation: 188/482...
Validation: 189/482...
Validation: 190/482...
Validation: 191/482...
Validation: 192/482...
Validation: 193/482...
Validation: 194/482...
Validation: 195/482...
Validation: 196/482...
Validation: 197/482...
Validation: 198/482...
Validation: 199/482...
Validation: 200/482...
Validation: 201/482...
Validation: 202/482...
Validation: 203/482...
Validation: 204/482...
Validation: 205/482...
Validation: 206/482...
Validation: 207/482...
Validation: 208/482...
Validation: 209/482...
Validation: 210/482...
Validation: 211/482...
Validation: 212/482...
Validation: 213/482...
Validation: 214/482...
Validation: 215/482...
Validation: 216/482...
Validation: 217/482...
Validation: 218/482...
Validation: 219/482...
Validation: 220/482...
Validation: 221/482...
Validation: 222/482...
Validation: 223/482...
Validation: 224/482...
Validation: 225/482...
Validation: 226/482...
Validation: 227/482...
Validation: 228/482...
Validation: 229/482...
Validation: 230/482...
Validation: 231/482...
Validation: 232/482...
Validation: 233/482...
Validation: 234/482...
Validation: 235/482...
Validation: 236/482...
Validation: 237/482...
Validation: 238/482...
Validation: 239/482...
Validation: 240/482...
Validation: 241/482...
Validation: 242/482...
Validation: 243/482...
Validation: 244/482...
Validation: 245/482...
Validation: 246/482...
Validation: 247/482...
Validation: 248/482...
Validation: 249/482...
Validation: 250/482...
Validation: 251/482...
Validation: 252/482...
Validation: 253/482...
Validation: 254/482...
Validation: 255/482...
Validation: 256/482...
Validation: 257/482...
Validation: 258/482...
Validation: 259/482...
Validation: 260/482...
Validation: 261/482...
Validation: 262/482...
Validation: 263/482...
Validation: 264/482...
Validation: 265/482...
Validation: 266/482...
Validation: 267/482...
Validation: 268/482...
Validation: 269/482...
Validation: 270/482...
Validation: 271/482...
Validation: 272/482...
Validation: 273/482...
Validation: 274/482...
Validation: 275/482...
Validation: 276/482...
Validation: 277/482...
Validation: 278/482...
Validation: 279/482...
Validation: 280/482...
Validation: 281/482...
Validation: 282/482...
Validation: 283/482...
Validation: 284/482...
Validation: 285/482...
Validation: 286/482...
Validation: 287/482...
Validation: 288/482...
Validation: 289/482...
Validation: 290/482...
Validation: 291/482...
Validation: 292/482...
Validation: 293/482...
Validation: 294/482...
Validation: 295/482...
Validation: 296/482...
Validation: 297/482...
Validation: 298/482...
Validation: 299/482...
Validation: 300/482...
Validation: 301/482...
Validation: 302/482...
Validation: 303/482...
Validation: 304/482...
Validation: 305/482...
Validation: 306/482...
Validation: 307/482...
Validation: 308/482...
Validation: 309/482...
Validation: 310/482...
Validation: 311/482...
Validation: 312/482...
Validation: 313/482...
Validation: 314/482...
Validation: 315/482...
Validation: 316/482...
Validation: 317/482...
Validation: 318/482...
Validation: 319/482...
Validation: 320/482...
Validation: 321/482...
Validation: 322/482...
Validation: 323/482...
Validation: 324/482...
Validation: 325/482...
Validation: 326/482...
Validation: 327/482...
Validation: 328/482...
Validation: 329/482...
Validation: 330/482...
Validation: 331/482...
Validation: 332/482...
Validation: 333/482...
Validation: 334/482...
Validation: 335/482...
Validation: 336/482...
Validation: 337/482...
Validation: 338/482...
Validation: 339/482...
Validation: 340/482...
Validation: 341/482...
Validation: 342/482...
Validation: 343/482...
Validation: 344/482...
Validation: 345/482...
Validation: 346/482...
Validation: 347/482...
Validation: 348/482...
Validation: 349/482...
Validation: 350/482...
Validation: 351/482...
Validation: 352/482...
Validation: 353/482...
Validation: 354/482...
Validation: 355/482...
Validation: 356/482...
Validation: 357/482...
Validation: 358/482...
Validation: 359/482...
Validation: 360/482...
Validation: 361/482...
Validation: 362/482...
Validation: 363/482...
Validation: 364/482...
Validation: 365/482...
Validation: 366/482...
Validation: 367/482...
Validation: 368/482...
Validation: 369/482...
Validation: 370/482...
Validation: 371/482...
Validation: 372/482...
Validation: 373/482...
Validation: 374/482...
Validation: 375/482...
Validation: 376/482...
Validation: 377/482...
Validation: 378/482...
Validation: 379/482...
Validation: 380/482...
Validation: 381/482...
Validation: 382/482...
Validation: 383/482...
Validation: 384/482...
Validation: 385/482...
Validation: 386/482...
Validation: 387/482...
Validation: 388/482...
Validation: 389/482...
Validation: 390/482...
Validation: 391/482...
Validation: 392/482...
Validation: 393/482...
Validation: 394/482...
Validation: 395/482...
Validation: 396/482...
Validation: 397/482...
Validation: 398/482...
Validation: 399/482...
Validation: 400/482...
Validation: 401/482...
Validation: 402/482...
Validation: 403/482...
Validation: 404/482...
Validation: 405/482...
Validation: 406/482...
Validation: 407/482...
Validation: 408/482...
Validation: 409/482...
Validation: 410/482...
Validation: 411/482...
Validation: 412/482...
Validation: 413/482...
Validation: 414/482...
Validation: 415/482...
Validation: 416/482...
Validation: 417/482...
Validation: 418/482...
Validation: 419/482...
Validation: 420/482...
Validation: 421/482...
Validation: 422/482...
Validation: 423/482...
Validation: 424/482...
Validation: 425/482...
Validation: 426/482...
Validation: 427/482...
Validation: 428/482...
Validation: 429/482...
Validation: 430/482...
Validation: 431/482...
Validation: 432/482...
Validation: 433/482...
Validation: 434/482...
Validation: 435/482...
Validation: 436/482...
Validation: 437/482...
Validation: 438/482...
Validation: 439/482...
Validation: 440/482...
Validation: 441/482...
Validation: 442/482...
Validation: 443/482...
Validation: 444/482...
Validation: 445/482...
Validation: 446/482...
Validation: 447/482...
Validation: 448/482...
Validation: 449/482...
Validation: 450/482...
Validation: 451/482...
Validation: 452/482...
Validation: 453/482...
Validation: 454/482...
Validation: 455/482...
Validation: 456/482...
Validation: 457/482...
Validation: 458/482...
Validation: 459/482...
Validation: 460/482...
Validation: 461/482...
Validation: 462/482...
Validation: 463/482...
Validation: 464/482...
Validation: 465/482...
Validation: 466/482...
Validation: 467/482...
Validation: 468/482...
Validation: 469/482...
Validation: 470/482...
Validation: 471/482...
Validation: 472/482...
Validation: 473/482...
Validation: 474/482...
Validation: 475/482...
Validation: 476/482...
Validation: 477/482...
Validation: 478/482...
Validation: 479/482...
Validation: 480/482...
Validation: 481/482...
Validation: 482/482...
Validation Metric: PSNR=12.87, LPIPS=0.7714...
====================================================================================================
Train: 018200/020000, Loss/MSE: t(1):3.6e-03/3.6e-03, t(8):1.8e-01/1.8e-01, t(15):3.4e-01/3.4e-01, lr:5.00e-05
Train: 018400/020000, Loss/MSE: t(1):4.5e-03/4.5e-03, t(8):2.0e-01/2.0e-01, t(15):3.8e-01/3.8e-01, lr:5.00e-05
Train: 018600/020000, Loss/MSE: t(1):3.7e-03/3.7e-03, t(8):1.9e-01/1.9e-01, t(15):3.3e-01/3.3e-01, lr:5.00e-05
Train: 018800/020000, Loss/MSE: t(1):3.8e-03/3.8e-03, t(8):1.8e-01/1.8e-01, t(15):3.3e-01/3.3e-01, lr:5.00e-05
Train: 019000/020000, Loss/MSE: t(1):3.8e-03/3.8e-03, t(8):2.0e-01/2.0e-01, t(15):3.3e-01/3.3e-01, lr:5.00e-05
Train: 019200/020000, Loss/MSE: t(1):3.7e-03/3.7e-03, t(8):1.9e-01/1.9e-01, t(15):3.1e-01/3.1e-01, lr:5.00e-05
Train: 019400/020000, Loss/MSE: t(1):3.5e-03/3.5e-03, t(8):1.9e-01/1.9e-01, t(15):3.3e-01/3.3e-01, lr:5.00e-05
Train: 019600/020000, Loss/MSE: t(1):3.8e-03/3.8e-03, t(8):1.9e-01/1.9e-01, t(15):3.2e-01/3.2e-01, lr:5.00e-05
Train: 019800/020000, Loss/MSE: t(1):3.5e-03/3.5e-03, t(8):1.9e-01/1.9e-01, t(15):3.5e-01/3.5e-01, lr:5.00e-05
Train: 020000/020000, Loss/MSE: t(1):3.8e-03/3.8e-03, t(8):1.9e-01/1.9e-01, t(15):3.3e-01/3.3e-01, lr:5.00e-05
Elapsed time: 1519.75s
====================================================================================================
Validation: 01/482...
Validation: 02/482...
Validation: 03/482...
Validation: 04/482...
Validation: 05/482...
Validation: 06/482...
Validation: 07/482...
Validation: 08/482...
Validation: 09/482...
Validation: 10/482...
Validation: 11/482...
Validation: 12/482...
Validation: 13/482...
Validation: 14/482...
Validation: 15/482...
Validation: 16/482...
Validation: 17/482...
Validation: 18/482...
Validation: 19/482...
Validation: 20/482...
Validation: 21/482...
Validation: 22/482...
Validation: 23/482...
Validation: 24/482...
Validation: 25/482...
Validation: 26/482...
Validation: 27/482...
Validation: 28/482...
Validation: 29/482...
Validation: 30/482...
Validation: 31/482...
Validation: 32/482...
Validation: 33/482...
Validation: 34/482...
Validation: 35/482...
Validation: 36/482...
Validation: 37/482...
Validation: 38/482...
Validation: 39/482...
Validation: 40/482...
Validation: 41/482...
Validation: 42/482...
Validation: 43/482...
Validation: 44/482...
Validation: 45/482...
Validation: 46/482...
Validation: 47/482...
Validation: 48/482...
Validation: 49/482...
Validation: 50/482...
Validation: 51/482...
Validation: 52/482...
Validation: 53/482...
Validation: 54/482...
Validation: 55/482...
Validation: 56/482...
Validation: 57/482...
Validation: 58/482...
Validation: 59/482...
Validation: 60/482...
Validation: 61/482...
Validation: 62/482...
Validation: 63/482...
Validation: 64/482...
Validation: 65/482...
Validation: 66/482...
Validation: 67/482...
Validation: 68/482...
Validation: 69/482...
Validation: 70/482...
Validation: 71/482...
Validation: 72/482...
Validation: 73/482...
Validation: 74/482...
Validation: 75/482...
Validation: 76/482...
Validation: 77/482...
Validation: 78/482...
Validation: 79/482...
Validation: 80/482...
Validation: 81/482...
Validation: 82/482...
Validation: 83/482...
Validation: 84/482...
Validation: 85/482...
Validation: 86/482...
Validation: 87/482...
Validation: 88/482...
Validation: 89/482...
Validation: 90/482...
Validation: 91/482...
Validation: 92/482...
Validation: 93/482...
Validation: 94/482...
Validation: 95/482...
Validation: 96/482...
Validation: 97/482...
Validation: 98/482...
Validation: 99/482...
Validation: 100/482...
Validation: 101/482...
Validation: 102/482...
Validation: 103/482...
Validation: 104/482...
Validation: 105/482...
Validation: 106/482...
Validation: 107/482...
Validation: 108/482...
Validation: 109/482...
Validation: 110/482...
Validation: 111/482...
Validation: 112/482...
Validation: 113/482...
Validation: 114/482...
Validation: 115/482...
Validation: 116/482...
Validation: 117/482...
Validation: 118/482...
Validation: 119/482...
Validation: 120/482...
Validation: 121/482...
Validation: 122/482...
Validation: 123/482...
Validation: 124/482...
Validation: 125/482...
Validation: 126/482...
Validation: 127/482...
Validation: 128/482...
Validation: 129/482...
Validation: 130/482...
Validation: 131/482...
Validation: 132/482...
Validation: 133/482...
Validation: 134/482...
Validation: 135/482...
Validation: 136/482...
Validation: 137/482...
Validation: 138/482...
Validation: 139/482...
Validation: 140/482...
Validation: 141/482...
Validation: 142/482...
Validation: 143/482...
Validation: 144/482...
Validation: 145/482...
Validation: 146/482...
Validation: 147/482...
Validation: 148/482...
Validation: 149/482...
Validation: 150/482...
Validation: 151/482...
Validation: 152/482...
Validation: 153/482...
Validation: 154/482...
Validation: 155/482...
Validation: 156/482...
Validation: 157/482...
Validation: 158/482...
Validation: 159/482...
Validation: 160/482...
Validation: 161/482...
Validation: 162/482...
Validation: 163/482...
Validation: 164/482...
Validation: 165/482...
Validation: 166/482...
Validation: 167/482...
Validation: 168/482...
Validation: 169/482...
Validation: 170/482...
Validation: 171/482...
Validation: 172/482...
Validation: 173/482...
Validation: 174/482...
Validation: 175/482...
Validation: 176/482...
Validation: 177/482...
Validation: 178/482...
Validation: 179/482...
Validation: 180/482...
Validation: 181/482...
Validation: 182/482...
Validation: 183/482...
Validation: 184/482...
Validation: 185/482...
Validation: 186/482...
Validation: 187/482...
Validation: 188/482...
Validation: 189/482...
Validation: 190/482...
Validation: 191/482...
Validation: 192/482...
Validation: 193/482...
Validation: 194/482...
Validation: 195/482...
Validation: 196/482...
Validation: 197/482...
Validation: 198/482...
Validation: 199/482...
Validation: 200/482...
Validation: 201/482...
Validation: 202/482...
Validation: 203/482...
Validation: 204/482...
Validation: 205/482...
Validation: 206/482...
Validation: 207/482...
Validation: 208/482...
Validation: 209/482...
Validation: 210/482...
Validation: 211/482...
Validation: 212/482...
Validation: 213/482...
Validation: 214/482...
Validation: 215/482...
Validation: 216/482...
Validation: 217/482...
Validation: 218/482...
Validation: 219/482...
Validation: 220/482...
Validation: 221/482...
Validation: 222/482...
Validation: 223/482...
Validation: 224/482...
Validation: 225/482...
Validation: 226/482...
Validation: 227/482...
Validation: 228/482...
Validation: 229/482...
Validation: 230/482...
Validation: 231/482...
Validation: 232/482...
Validation: 233/482...
Validation: 234/482...
Validation: 235/482...
Validation: 236/482...
Validation: 237/482...
Validation: 238/482...
Validation: 239/482...
Validation: 240/482...
Validation: 241/482...
Validation: 242/482...
Validation: 243/482...
Validation: 244/482...
Validation: 245/482...
Validation: 246/482...
Validation: 247/482...
Validation: 248/482...
Validation: 249/482...
Validation: 250/482...
Validation: 251/482...
Validation: 252/482...
Validation: 253/482...
Validation: 254/482...
Validation: 255/482...
Validation: 256/482...
Validation: 257/482...
Validation: 258/482...
Validation: 259/482...
Validation: 260/482...
Validation: 261/482...
Validation: 262/482...
Validation: 263/482...
Validation: 264/482...
Validation: 265/482...
Validation: 266/482...
Validation: 267/482...
Validation: 268/482...
Validation: 269/482...
Validation: 270/482...
Validation: 271/482...
Validation: 272/482...
Validation: 273/482...
Validation: 274/482...
Validation: 275/482...
Validation: 276/482...
Validation: 277/482...
Validation: 278/482...
Validation: 279/482...
Validation: 280/482...
Validation: 281/482...
Validation: 282/482...
Validation: 283/482...
Validation: 284/482...
Validation: 285/482...
Validation: 286/482...
Validation: 287/482...
Validation: 288/482...
Validation: 289/482...
Validation: 290/482...
Validation: 291/482...
Validation: 292/482...
Validation: 293/482...
Validation: 294/482...
Validation: 295/482...
Validation: 296/482...
Validation: 297/482...
Validation: 298/482...
Validation: 299/482...
Validation: 300/482...
Validation: 301/482...
Validation: 302/482...
Validation: 303/482...
Validation: 304/482...
Validation: 305/482...
Validation: 306/482...
Validation: 307/482...
Validation: 308/482...
Validation: 309/482...
Validation: 310/482...
Validation: 311/482...
Validation: 312/482...
Validation: 313/482...
Validation: 314/482...
Validation: 315/482...
Validation: 316/482...
Validation: 317/482...
Validation: 318/482...
Validation: 319/482...
Validation: 320/482...
Validation: 321/482...
Validation: 322/482...
Validation: 323/482...
Validation: 324/482...
Validation: 325/482...
Validation: 326/482...
Validation: 327/482...
Validation: 328/482...
Validation: 329/482...
Validation: 330/482...
Validation: 331/482...
Validation: 332/482...
Validation: 333/482...
Validation: 334/482...
Validation: 335/482...
Validation: 336/482...
Validation: 337/482...
Validation: 338/482...
Validation: 339/482...
Validation: 340/482...
Validation: 341/482...
Validation: 342/482...
Validation: 343/482...
Validation: 344/482...
Validation: 345/482...
Validation: 346/482...
Validation: 347/482...
Validation: 348/482...
Validation: 349/482...
Validation: 350/482...
Validation: 351/482...
Validation: 352/482...
Validation: 353/482...
Validation: 354/482...
Validation: 355/482...
Validation: 356/482...
Validation: 357/482...
Validation: 358/482...
Validation: 359/482...
Validation: 360/482...
Validation: 361/482...
Validation: 362/482...
Validation: 363/482...
Validation: 364/482...
Validation: 365/482...
Validation: 366/482...
Validation: 367/482...
Validation: 368/482...
Validation: 369/482...
Validation: 370/482...
Validation: 371/482...
Validation: 372/482...
Validation: 373/482...
Validation: 374/482...
Validation: 375/482...
Validation: 376/482...
Validation: 377/482...
Validation: 378/482...
Validation: 379/482...
Validation: 380/482...
Validation: 381/482...
Validation: 382/482...
Validation: 383/482...
Validation: 384/482...
Validation: 385/482...
Validation: 386/482...
Validation: 387/482...
Validation: 388/482...
Validation: 389/482...
Validation: 390/482...
Validation: 391/482...
Validation: 392/482...
Validation: 393/482...
Validation: 394/482...
Validation: 395/482...
Validation: 396/482...
Validation: 397/482...
Validation: 398/482...
Validation: 399/482...
Validation: 400/482...
Validation: 401/482...
Validation: 402/482...
Validation: 403/482...
Validation: 404/482...
Validation: 405/482...
Validation: 406/482...
Validation: 407/482...
Validation: 408/482...
Validation: 409/482...
Validation: 410/482...
Validation: 411/482...
Validation: 412/482...
Validation: 413/482...
Validation: 414/482...
Validation: 415/482...
Validation: 416/482...
Validation: 417/482...
Validation: 418/482...
Validation: 419/482...
Validation: 420/482...
Validation: 421/482...
Validation: 422/482...
Validation: 423/482...
Validation: 424/482...
Validation: 425/482...
Validation: 426/482...
Validation: 427/482...
Validation: 428/482...
Validation: 429/482...
Validation: 430/482...
Validation: 431/482...
Validation: 432/482...
Validation: 433/482...
Validation: 434/482...
Validation: 435/482...
Validation: 436/482...
Validation: 437/482...
Validation: 438/482...
Validation: 439/482...
Validation: 440/482...
Validation: 441/482...
Validation: 442/482...
Validation: 443/482...
Validation: 444/482...
Validation: 445/482...
Validation: 446/482...
Validation: 447/482...
Validation: 448/482...
Validation: 449/482...
Validation: 450/482...
Validation: 451/482...
Validation: 452/482...
Validation: 453/482...
Validation: 454/482...
Validation: 455/482...
Validation: 456/482...
Validation: 457/482...
Validation: 458/482...
Validation: 459/482...
Validation: 460/482...
Validation: 461/482...
Validation: 462/482...
Validation: 463/482...
Validation: 464/482...
Validation: 465/482...
Validation: 466/482...
Validation: 467/482...
Validation: 468/482...
Validation: 469/482...
Validation: 470/482...
Validation: 471/482...
Validation: 472/482...
Validation: 473/482...
Validation: 474/482...
Validation: 475/482...
Validation: 476/482...
Validation: 477/482...
Validation: 478/482...
Validation: 479/482...
Validation: 480/482...
Validation: 481/482...
Validation: 482/482...
Validation Metric: PSNR=12.80, LPIPS=0.7745...
====================================================================================================
2026-07-13 19:10:12,719 [INFO] Entrenamiento completado. Checkpoints en: models\resshift_finetuned\resshift_fold_4_s15_lr5e5
2026-07-13 19:10:17,221 [INFO] ============================================================
2026-07-13 19:10:17,223 [INFO] ENTRENAMIENTO/FINETUNE — ResShift
2026-07-13 19:10:17,224 [INFO] ============================================================
2026-07-13 19:10:17,224 [INFO]   hr_dir: data\sr_kfold\fold_5\train\hr
2026-07-13 19:10:17,224 [INFO]   lr_dir: data\sr_kfold\fold_5\train\lr
2026-07-13 19:10:17,224 [INFO]   val_hr_dir: data\sr_kfold\fold_5\val\hr
2026-07-13 19:10:17,224 [INFO]   val_lr_dir: data\sr_kfold\fold_5\val\lr
2026-07-13 19:10:17,224 [INFO]   scale: 4
2026-07-13 19:10:17,224 [INFO]   config: ResShift\configs\realsr_swinunet_realesrgan256.yaml
2026-07-13 19:10:17,224 [INFO]   pretrained_ckpt: None
2026-07-13 19:10:17,224 [INFO]   iterations: 20000
2026-07-13 19:10:17,224 [INFO]   batch_size: 2
2026-07-13 19:10:17,224 [INFO]   lr: 5e-05
2026-07-13 19:10:17,224 [INFO]   save_freq: 2000
2026-07-13 19:10:17,224 [INFO]   val_freq: 2000
2026-07-13 19:10:17,224 [INFO]   resume_from: None
2026-07-13 19:10:17,224 [INFO]   tune_decoder: False
2026-07-13 19:10:17,225 [INFO]   lora_tune_decoder: False
2026-07-13 19:10:17,225 [INFO]   ema_rate: None
2026-07-13 19:10:17,225 [INFO]   augment: True
2026-07-13 19:10:17,225 [INFO]   num_workers: 2
2026-07-13 19:10:17,225 [INFO]   grad_accum_steps: 2
2026-07-13 19:10:17,225 [INFO]   output_dir: models\resshift_finetuned
2026-07-13 19:10:17,225 [INFO]   seed: 42
2026-07-13 19:10:17,225 [INFO]   exp_name: resshift_fold_5_s15_lr5e5
2026-07-13 19:10:17,225 [INFO]   log_level: INFO
2026-07-13 19:10:17,225 [INFO] ============================================================
2026-07-13 19:10:17,332 [INFO] Config base: ResShift\configs\realsr_swinunet_realesrgan256.yaml
2026-07-13 19:10:17,402 [INFO] YAML de finetune generado en: models\resshift_finetuned\resshift_fold_5_s15_lr5e5\finetune_config.yaml
2026-07-13 19:10:17,403 [INFO] Cargando configuración desde: models\resshift_finetuned\resshift_fold_5_s15_lr5e5\finetune_config.yaml
2026-07-13 19:10:17,446 [INFO] Inicializando trainer...
2026-07-13 19:10:20,874 [INFO] Iniciando entrenamiento por 20000 iteraciones...
trainer:
  target: custom_trainer.TrainerDifIRFixedVal
model:
  target: models.unet.UNetModelSwin
  ckpt_path: null
  params:
    image_size: 64
    in_channels: 3
    model_channels: 160
    out_channels: 3
    attention_resolutions:
    - 64
    - 32
    - 16
    - 8
    dropout: 0
    channel_mult:
    - 1
    - 2
    - 2
    - 4
    num_res_blocks:
    - 2
    - 2
    - 2
    - 2
    conv_resample: true
    dims: 2
    use_fp16: false
    num_head_channels: 32
    use_scale_shift_norm: true
    resblock_updown: false
    swin_depth: 2
    swin_embed_dim: 192
    window_size: 8
    mlp_ratio: 4
    cond_lq: true
    lq_size: 64
diffusion:
  target: models.script_util.create_gaussian_diffusion
  params:
    sf: 4
    schedule_name: exponential
    schedule_kwargs:
      power: 0.3
    etas_end: 0.99
    steps: 15
    min_noise_level: 0.04
    kappa: 2.0
    weighted_mse: false
    predict_type: xstart
    timestep_respacing: null
    scale_factor: 1.0
    normalize_input: true
    latent_flag: true
autoencoder:
  target: ldm.models.autoencoder.VQModelTorch
  ckpt_path: C:\TFM\ResShift\weights\autoencoder_vq_f4.pth
  use_fp16: true
  params:
    embed_dim: 3
    n_embed: 8192
    ddconfig:
      double_z: false
      z_channels: 3
      resolution: 256
      in_channels: 3
      out_ch: 3
      ch: 128
      ch_mult:
      - 1
      - 2
      - 4
      num_res_blocks: 2
      attn_resolutions: []
      dropout: 0.0
      padding_mode: zeros
    lora_tune_decoder: false
  tune_decoder: false
degradation:
  sf: 4
  resize_prob:
  - 0.2
  - 0.7
  - 0.1
  resize_range:
  - 0.15
  - 1.5
  gaussian_noise_prob: 0.5
  noise_range:
  - 1
  - 30
  poisson_scale_range:
  - 0.05
  - 3.0
  gray_noise_prob: 0.4
  jpeg_range:
  - 30
  - 95
  second_order_prob: 0.5
  second_blur_prob: 0.8
  resize_prob2:
  - 0.3
  - 0.4
  - 0.3
  resize_range2:
  - 0.3
  - 1.2
  gaussian_noise_prob2: 0.5
  noise_range2:
  - 1
  - 25
  poisson_scale_range2:
  - 0.05
  - 2.5
  gray_noise_prob2: 0.4
  jpeg_range2:
  - 30
  - 95
  gt_size: 256
  resize_back: false
  use_sharp: false
data:
  train:
    type: realesrgan
    params:
      dir_paths:
      - C:\TFM\data\sr_kfold\fold_5\train\hr
      txt_file_path: []
      im_exts:
      - JPG
      - jpg
      - png
      - PNG
      - jpeg
      io_backend:
        type: disk
      blur_kernel_size: 21
      kernel_list:
      - iso
      - aniso
      - generalized_iso
      - generalized_aniso
      - plateau_iso
      - plateau_aniso
      kernel_prob:
      - 0.45
      - 0.25
      - 0.12
      - 0.03
      - 0.12
      - 0.03
      sinc_prob: 0.1
      blur_sigma:
      - 0.2
      - 3.0
      betag_range:
      - 0.5
      - 4.0
      betap_range:
      - 1
      - 2.0
      blur_kernel_size2: 15
      kernel_list2:
      - iso
      - aniso
      - generalized_iso
      - generalized_aniso
      - plateau_iso
      - plateau_aniso
      kernel_prob2:
      - 0.45
      - 0.25
      - 0.12
      - 0.03
      - 0.12
      - 0.03
      sinc_prob2: 0.1
      blur_sigma2:
      - 0.2
      - 1.5
      betag_range2:
      - 0.5
      - 4.0
      betap_range2:
      - 1
      - 2.0
      final_sinc_prob: 0.8
      gt_size: 256
      crop_pad_size: 300
      use_hflip: true
      use_rot: true
      rescale_gt: true
  val:
    type: base
    params:
      dir_path: C:\TFM\data\sr_kfold\fold_5\val\hr
      im_exts: png
      transform_type: default
      transform_kwargs:
        mean: 0.5
        std: 0.5
      extra_dir_path: C:\TFM\data\sr_kfold\fold_5\val\lr
      extra_transform_type: default
      extra_transform_kwargs:
        mean: 0.5
        std: 0.5
      recursive: false
train:
  lr: 5.0e-05
  lr_min: 2.0e-05
  lr_schedule: null
  warmup_iterations: 5000
  batch:
  - 4
  - 1
  microbatch: 2
  num_workers: 2
  prefetch_factor: 2
  weight_decay: 0
  ema_rate: 0.999
  iterations: 20000
  save_freq: 2000
  log_freq:
  - 200
  - 400
  - 1
  local_logging: true
  tf_logging: false
  use_ema_val: true
  val_freq: 2000
  val_y_channel: true
  val_resolution: ${model.params.lq_size}
  val_padding_mode: constant
  use_amp: true
  seed: 42
  global_seeding: false
  compile:
    flag: false
    mode: reduce-overhead
save_dir: C:\TFM\models\resshift_finetuned\resshift_fold_5_s15_lr5e5
resume: ''

E:\Anaconda\envs\resshift\lib\site-packages\timm\models\layers\__init__.py:49: FutureWarning: Importing from timm.models.layers is deprecated, please import via timm.layers
  warnings.warn(f"Importing from {__name__} is deprecated, please import via timm.layers", FutureWarning)
2026-07-13 19:10:23,570 [WARNING] A matching Triton is not available, some optimizations will not be enabled
Traceback (most recent call last):
  File "E:\Anaconda\envs\resshift\lib\site-packages\xformers\__init__.py", line 57, in _is_triton_available
    import triton  # noqa
ModuleNotFoundError: No module named 'triton'
E:\Anaconda\envs\resshift\lib\site-packages\torch\functional.py:554: UserWarning: torch.meshgrid: in an upcoming release, it will be required to pass the indexing argument. (Triggered internally at C:\actions-runner\_work\pytorch\pytorch\pytorch\aten\src\ATen\native\TensorShape.cpp:4316.)
  return _VF.meshgrid(tensors, **kwargs)  # type: ignore[attr-defined]
Number of parameters: 118.59M
Restoring autoencoder from C:\TFM\ResShift\weights\autoencoder_vq_f4.pth
building MemoryEfficientAttnBlock with 512 in_channels...
Working with z of shape (1, 3, 64, 64) = 12288 dimensions.
building MemoryEfficientAttnBlock with 512 in_channels...
Loading autoencoder from C:\TFM\ResShift\weights\autoencoder_vq_f4.pth...
Loaded Done
Loading LIIPS Metric: vgg...
E:\Anaconda\envs\resshift\lib\site-packages\torchvision\models\_utils.py:208: UserWarning: The parameter 'pretrained' is deprecated since 0.13 and may be removed in the future, please use 'weights' instead.
  warnings.warn(
E:\Anaconda\envs\resshift\lib\site-packages\torchvision\models\_utils.py:223: UserWarning: Arguments other than a weight enum or `None` for 'weights' are deprecated since 0.13 and may be removed in the future. The current behavior is equivalent to passing `weights=VGG16_Weights.IMAGENET1K_V1`. You can also use `weights=VGG16_Weights.DEFAULT` to get the most up-to-date weights.
  warnings.warn(msg)
C:\TFM\ResShift\trainer.py:200: FutureWarning: `torch.cuda.amp.GradScaler(args...)` is deprecated. Please use `torch.amp.GradScaler('cuda', args...)` instead.
  self.amp_scaler = amp.GradScaler() if self.configs.train.use_amp else None
Setting up [LPIPS] perceptual loss: trunk [vgg], v[0.1], spatial [off]
Loading model from: E:\Anaconda\envs\resshift\lib\site-packages\lpips\weights\v0.1\vgg.pth
Number of images in train data set: 3856
Number of images in val data set: 482
C:\TFM\ResShift\trainer.py:731: FutureWarning: `torch.cuda.amp.autocast(args...)` is deprecated. Please use `torch.amp.autocast('cuda', args...)` instead.
  with context():
Train: 000200/020000, Loss/MSE: t(1):6.3e-01/6.3e-01, t(8):7.0e-01/7.0e-01, t(15):8.1e-01/8.1e-01, lr:1.99e-06
Train: 000400/020000, Loss/MSE: t(1):2.5e-01/2.5e-01, t(8):4.0e-01/4.0e-01, t(15):6.3e-01/6.3e-01, lr:3.99e-06
Train: 000600/020000, Loss/MSE: t(1):1.0e-01/1.0e-01, t(8):3.1e-01/3.1e-01, t(15):5.5e-01/5.5e-01, lr:5.99e-06
Train: 000800/020000, Loss/MSE: t(1):6.4e-02/6.4e-02, t(8):2.8e-01/2.8e-01, t(15):4.6e-01/4.6e-01, lr:7.99e-06
Train: 001000/020000, Loss/MSE: t(1):4.1e-02/4.1e-02, t(8):2.7e-01/2.7e-01, t(15):4.4e-01/4.4e-01, lr:9.99e-06
Train: 001200/020000, Loss/MSE: t(1):3.2e-02/3.2e-02, t(8):2.7e-01/2.7e-01, t(15):4.5e-01/4.5e-01, lr:1.20e-05
Train: 001400/020000, Loss/MSE: t(1):2.8e-02/2.8e-02, t(8):2.6e-01/2.6e-01, t(15):4.2e-01/4.2e-01, lr:1.40e-05
Train: 001600/020000, Loss/MSE: t(1):2.2e-02/2.2e-02, t(8):2.7e-01/2.7e-01, t(15):4.0e-01/4.0e-01, lr:1.60e-05
Train: 001800/020000, Loss/MSE: t(1):1.9e-02/1.9e-02, t(8):2.6e-01/2.6e-01, t(15):3.9e-01/3.9e-01, lr:1.80e-05
Train: 002000/020000, Loss/MSE: t(1):1.7e-02/1.7e-02, t(8):2.6e-01/2.6e-01, t(15):4.0e-01/4.0e-01, lr:2.00e-05
Elapsed time: 1350.34s
====================================================================================================
Validation: 01/482...
Validation: 02/482...
Validation: 03/482...
Validation: 04/482...
Validation: 05/482...
Validation: 06/482...
Validation: 07/482...
Validation: 08/482...
Validation: 09/482...
Validation: 10/482...
Validation: 11/482...
Validation: 12/482...
Validation: 13/482...
Validation: 14/482...
Validation: 15/482...
Validation: 16/482...
Validation: 17/482...
Validation: 18/482...
Validation: 19/482...
Validation: 20/482...
Validation: 21/482...
Validation: 22/482...
Validation: 23/482...
Validation: 24/482...
Validation: 25/482...
Validation: 26/482...
Validation: 27/482...
Validation: 28/482...
Validation: 29/482...
Validation: 30/482...
Validation: 31/482...
Validation: 32/482...
Validation: 33/482...
Validation: 34/482...
Validation: 35/482...
Validation: 36/482...
Validation: 37/482...
Validation: 38/482...
Validation: 39/482...
Validation: 40/482...
Validation: 41/482...
Validation: 42/482...
Validation: 43/482...
Validation: 44/482...
Validation: 45/482...
Validation: 46/482...
Validation: 47/482...
Validation: 48/482...
Validation: 49/482...
Validation: 50/482...
Validation: 51/482...
Validation: 52/482...
Validation: 53/482...
Validation: 54/482...
Validation: 55/482...
Validation: 56/482...
Validation: 57/482...
Validation: 58/482...
Validation: 59/482...
Validation: 60/482...
Validation: 61/482...
Validation: 62/482...
Validation: 63/482...
Validation: 64/482...
Validation: 65/482...
Validation: 66/482...
Validation: 67/482...
Validation: 68/482...
Validation: 69/482...
Validation: 70/482...
Validation: 71/482...
Validation: 72/482...
Validation: 73/482...
Validation: 74/482...
Validation: 75/482...
Validation: 76/482...
Validation: 77/482...
Validation: 78/482...
Validation: 79/482...
Validation: 80/482...
Validation: 81/482...
Validation: 82/482...
Validation: 83/482...
Validation: 84/482...
Validation: 85/482...
Validation: 86/482...
Validation: 87/482...
Validation: 88/482...
Validation: 89/482...
Validation: 90/482...
Validation: 91/482...
Validation: 92/482...
Validation: 93/482...
Validation: 94/482...
Validation: 95/482...
Validation: 96/482...
Validation: 97/482...
Validation: 98/482...
Validation: 99/482...
Validation: 100/482...
Validation: 101/482...
Validation: 102/482...
Validation: 103/482...
Validation: 104/482...
Validation: 105/482...
Validation: 106/482...
Validation: 107/482...
Validation: 108/482...
Validation: 109/482...
Validation: 110/482...
Validation: 111/482...
Validation: 112/482...
Validation: 113/482...
Validation: 114/482...
Validation: 115/482...
Validation: 116/482...
Validation: 117/482...
Validation: 118/482...
Validation: 119/482...
Validation: 120/482...
Validation: 121/482...
Validation: 122/482...
Validation: 123/482...
Validation: 124/482...
Validation: 125/482...
Validation: 126/482...
Validation: 127/482...
Validation: 128/482...
Validation: 129/482...
Validation: 130/482...
Validation: 131/482...
Validation: 132/482...
Validation: 133/482...
Validation: 134/482...
Validation: 135/482...
Validation: 136/482...
Validation: 137/482...
Validation: 138/482...
Validation: 139/482...
Validation: 140/482...
Validation: 141/482...
Validation: 142/482...
Validation: 143/482...
Validation: 144/482...
Validation: 145/482...
Validation: 146/482...
Validation: 147/482...
Validation: 148/482...
Validation: 149/482...
Validation: 150/482...
Validation: 151/482...
Validation: 152/482...
Validation: 153/482...
Validation: 154/482...
Validation: 155/482...
Validation: 156/482...
Validation: 157/482...
Validation: 158/482...
Validation: 159/482...
Validation: 160/482...
Validation: 161/482...
Validation: 162/482...
Validation: 163/482...
Validation: 164/482...
Validation: 165/482...
Validation: 166/482...
Validation: 167/482...
Validation: 168/482...
Validation: 169/482...
Validation: 170/482...
Validation: 171/482...
Validation: 172/482...
Validation: 173/482...
Validation: 174/482...
Validation: 175/482...
Validation: 176/482...
Validation: 177/482...
Validation: 178/482...
Validation: 179/482...
Validation: 180/482...
Validation: 181/482...
Validation: 182/482...
Validation: 183/482...
Validation: 184/482...
Validation: 185/482...
Validation: 186/482...
Validation: 187/482...
Validation: 188/482...
Validation: 189/482...
Validation: 190/482...
Validation: 191/482...
Validation: 192/482...
Validation: 193/482...
Validation: 194/482...
Validation: 195/482...
Validation: 196/482...
Validation: 197/482...
Validation: 198/482...
Validation: 199/482...
Validation: 200/482...
Validation: 201/482...
Validation: 202/482...
Validation: 203/482...
Validation: 204/482...
Validation: 205/482...
Validation: 206/482...
Validation: 207/482...
Validation: 208/482...
Validation: 209/482...
Validation: 210/482...
Validation: 211/482...
Validation: 212/482...
Validation: 213/482...
Validation: 214/482...
Validation: 215/482...
Validation: 216/482...
Validation: 217/482...
Validation: 218/482...
Validation: 219/482...
Validation: 220/482...
Validation: 221/482...
Validation: 222/482...
Validation: 223/482...
Validation: 224/482...
Validation: 225/482...
Validation: 226/482...
Validation: 227/482...
Validation: 228/482...
Validation: 229/482...
Validation: 230/482...
Validation: 231/482...
Validation: 232/482...
Validation: 233/482...
Validation: 234/482...
Validation: 235/482...
Validation: 236/482...
Validation: 237/482...
Validation: 238/482...
Validation: 239/482...
Validation: 240/482...
Validation: 241/482...
Validation: 242/482...
Validation: 243/482...
Validation: 244/482...
Validation: 245/482...
Validation: 246/482...
Validation: 247/482...
Validation: 248/482...
Validation: 249/482...
Validation: 250/482...
Validation: 251/482...
Validation: 252/482...
Validation: 253/482...
Validation: 254/482...
Validation: 255/482...
Validation: 256/482...
Validation: 257/482...
Validation: 258/482...
Validation: 259/482...
Validation: 260/482...
Validation: 261/482...
Validation: 262/482...
Validation: 263/482...
Validation: 264/482...
Validation: 265/482...
Validation: 266/482...
Validation: 267/482...
Validation: 268/482...
Validation: 269/482...
Validation: 270/482...
Validation: 271/482...
Validation: 272/482...
Validation: 273/482...
Validation: 274/482...
Validation: 275/482...
Validation: 276/482...
Validation: 277/482...
Validation: 278/482...
Validation: 279/482...
Validation: 280/482...
Validation: 281/482...
Validation: 282/482...
Validation: 283/482...
Validation: 284/482...
Validation: 285/482...
Validation: 286/482...
Validation: 287/482...
Validation: 288/482...
Validation: 289/482...
Validation: 290/482...
Validation: 291/482...
Validation: 292/482...
Validation: 293/482...
Validation: 294/482...
Validation: 295/482...
Validation: 296/482...
Validation: 297/482...
Validation: 298/482...
Validation: 299/482...
Validation: 300/482...
Validation: 301/482...
Validation: 302/482...
Validation: 303/482...
Validation: 304/482...
Validation: 305/482...
Validation: 306/482...
Validation: 307/482...
Validation: 308/482...
Validation: 309/482...
Validation: 310/482...
Validation: 311/482...
Validation: 312/482...
Validation: 313/482...
Validation: 314/482...
Validation: 315/482...
Validation: 316/482...
Validation: 317/482...
Validation: 318/482...
Validation: 319/482...
Validation: 320/482...
Validation: 321/482...
Validation: 322/482...
Validation: 323/482...
Validation: 324/482...
Validation: 325/482...
Validation: 326/482...
Validation: 327/482...
Validation: 328/482...
Validation: 329/482...
Validation: 330/482...
Validation: 331/482...
Validation: 332/482...
Validation: 333/482...
Validation: 334/482...
Validation: 335/482...
Validation: 336/482...
Validation: 337/482...
Validation: 338/482...
Validation: 339/482...
Validation: 340/482...
Validation: 341/482...
Validation: 342/482...
Validation: 343/482...
Validation: 344/482...
Validation: 345/482...
Validation: 346/482...
Validation: 347/482...
Validation: 348/482...
Validation: 349/482...
Validation: 350/482...
Validation: 351/482...
Validation: 352/482...
Validation: 353/482...
Validation: 354/482...
Validation: 355/482...
Validation: 356/482...
Validation: 357/482...
Validation: 358/482...
Validation: 359/482...
Validation: 360/482...
Validation: 361/482...
Validation: 362/482...
Validation: 363/482...
Validation: 364/482...
Validation: 365/482...
Validation: 366/482...
Validation: 367/482...
Validation: 368/482...
Validation: 369/482...
Validation: 370/482...
Validation: 371/482...
Validation: 372/482...
Validation: 373/482...
Validation: 374/482...
Validation: 375/482...
Validation: 376/482...
Validation: 377/482...
Validation: 378/482...
Validation: 379/482...
Validation: 380/482...
Validation: 381/482...
Validation: 382/482...
Validation: 383/482...
Validation: 384/482...
Validation: 385/482...
Validation: 386/482...
Validation: 387/482...
Validation: 388/482...
Validation: 389/482...
Validation: 390/482...
Validation: 391/482...
Validation: 392/482...
Validation: 393/482...
Validation: 394/482...
Validation: 395/482...
Validation: 396/482...
Validation: 397/482...
Validation: 398/482...
Validation: 399/482...
Validation: 400/482...
Validation: 401/482...
Validation: 402/482...
Validation: 403/482...
Validation: 404/482...
Validation: 405/482...
Validation: 406/482...
Validation: 407/482...
Validation: 408/482...
Validation: 409/482...
Validation: 410/482...
Validation: 411/482...
Validation: 412/482...
Validation: 413/482...
Validation: 414/482...
Validation: 415/482...
Validation: 416/482...
Validation: 417/482...
Validation: 418/482...
Validation: 419/482...
Validation: 420/482...
Validation: 421/482...
Validation: 422/482...
Validation: 423/482...
Validation: 424/482...
Validation: 425/482...
Validation: 426/482...
Validation: 427/482...
Validation: 428/482...
Validation: 429/482...
Validation: 430/482...
Validation: 431/482...
Validation: 432/482...
Validation: 433/482...
Validation: 434/482...
Validation: 435/482...
Validation: 436/482...
Validation: 437/482...
Validation: 438/482...
Validation: 439/482...
Validation: 440/482...
Validation: 441/482...
Validation: 442/482...
Validation: 443/482...
Validation: 444/482...
Validation: 445/482...
Validation: 446/482...
Validation: 447/482...
Validation: 448/482...
Validation: 449/482...
Validation: 450/482...
Validation: 451/482...
Validation: 452/482...
Validation: 453/482...
Validation: 454/482...
Validation: 455/482...
Validation: 456/482...
Validation: 457/482...
Validation: 458/482...
Validation: 459/482...
Validation: 460/482...
Validation: 461/482...
Validation: 462/482...
Validation: 463/482...
Validation: 464/482...
Validation: 465/482...
Validation: 466/482...
Validation: 467/482...
Validation: 468/482...
Validation: 469/482...
Validation: 470/482...
Validation: 471/482...
Validation: 472/482...
Validation: 473/482...
Validation: 474/482...
Validation: 475/482...
Validation: 476/482...
Validation: 477/482...
Validation: 478/482...
Validation: 479/482...
Validation: 480/482...
Validation: 481/482...
Validation: 482/482...
Validation Metric: PSNR=11.84, LPIPS=0.7532...
====================================================================================================
Train: 002200/020000, Loss/MSE: t(1):1.5e-02/1.5e-02, t(8):2.5e-01/2.5e-01, t(15):4.1e-01/4.1e-01, lr:2.20e-05
Train: 002400/020000, Loss/MSE: t(1):1.6e-02/1.6e-02, t(8):2.5e-01/2.5e-01, t(15):3.7e-01/3.7e-01, lr:2.40e-05
Train: 002600/020000, Loss/MSE: t(1):1.3e-02/1.3e-02, t(8):2.5e-01/2.5e-01, t(15):3.9e-01/3.9e-01, lr:2.60e-05
Train: 002800/020000, Loss/MSE: t(1):1.5e-02/1.5e-02, t(8):2.5e-01/2.5e-01, t(15):3.9e-01/3.9e-01, lr:2.80e-05
Train: 003000/020000, Loss/MSE: t(1):1.3e-02/1.3e-02, t(8):2.4e-01/2.4e-01, t(15):3.6e-01/3.6e-01, lr:3.00e-05
Train: 003200/020000, Loss/MSE: t(1):1.1e-02/1.1e-02, t(8):2.4e-01/2.4e-01, t(15):3.8e-01/3.8e-01, lr:3.20e-05
Train: 003400/020000, Loss/MSE: t(1):1.3e-02/1.3e-02, t(8):2.4e-01/2.4e-01, t(15):4.1e-01/4.1e-01, lr:3.40e-05
Train: 003600/020000, Loss/MSE: t(1):1.1e-02/1.1e-02, t(8):2.4e-01/2.4e-01, t(15):3.6e-01/3.6e-01, lr:3.60e-05
Train: 003800/020000, Loss/MSE: t(1):1.2e-02/1.2e-02, t(8):2.5e-01/2.5e-01, t(15):3.7e-01/3.7e-01, lr:3.80e-05
Train: 004000/020000, Loss/MSE: t(1):1.2e-02/1.2e-02, t(8):2.4e-01/2.4e-01, t(15):3.9e-01/3.9e-01, lr:4.00e-05
Elapsed time: 1341.68s
====================================================================================================
Validation: 01/482...
Validation: 02/482...
Validation: 03/482...
Validation: 04/482...
Validation: 05/482...
Validation: 06/482...
Validation: 07/482...
Validation: 08/482...
Validation: 09/482...
Validation: 10/482...
Validation: 11/482...
Validation: 12/482...
Validation: 13/482...
Validation: 14/482...
Validation: 15/482...
Validation: 16/482...
Validation: 17/482...
Validation: 18/482...
Validation: 19/482...
Validation: 20/482...
Validation: 21/482...
Validation: 22/482...
Validation: 23/482...
Validation: 24/482...
Validation: 25/482...
Validation: 26/482...
Validation: 27/482...
Validation: 28/482...
Validation: 29/482...
Validation: 30/482...
Validation: 31/482...
Validation: 32/482...
Validation: 33/482...
Validation: 34/482...
Validation: 35/482...
Validation: 36/482...
Validation: 37/482...
Validation: 38/482...
Validation: 39/482...
Validation: 40/482...
Validation: 41/482...
Validation: 42/482...
Validation: 43/482...
Validation: 44/482...
Validation: 45/482...
Validation: 46/482...
Validation: 47/482...
Validation: 48/482...
Validation: 49/482...
Validation: 50/482...
Validation: 51/482...
Validation: 52/482...
Validation: 53/482...
Validation: 54/482...
Validation: 55/482...
Validation: 56/482...
Validation: 57/482...
Validation: 58/482...
Validation: 59/482...
Validation: 60/482...
Validation: 61/482...
Validation: 62/482...
Validation: 63/482...
Validation: 64/482...
Validation: 65/482...
Validation: 66/482...
Validation: 67/482...
Validation: 68/482...
Validation: 69/482...
Validation: 70/482...
Validation: 71/482...
Validation: 72/482...
Validation: 73/482...
Validation: 74/482...
Validation: 75/482...
Validation: 76/482...
Validation: 77/482...
Validation: 78/482...
Validation: 79/482...
Validation: 80/482...
Validation: 81/482...
Validation: 82/482...
Validation: 83/482...
Validation: 84/482...
Validation: 85/482...
Validation: 86/482...
Validation: 87/482...
Validation: 88/482...
Validation: 89/482...
Validation: 90/482...
Validation: 91/482...
Validation: 92/482...
Validation: 93/482...
Validation: 94/482...
Validation: 95/482...
Validation: 96/482...
Validation: 97/482...
Validation: 98/482...
Validation: 99/482...
Validation: 100/482...
Validation: 101/482...
Validation: 102/482...
Validation: 103/482...
Validation: 104/482...
Validation: 105/482...
Validation: 106/482...
Validation: 107/482...
Validation: 108/482...
Validation: 109/482...
Validation: 110/482...
Validation: 111/482...
Validation: 112/482...
Validation: 113/482...
Validation: 114/482...
Validation: 115/482...
Validation: 116/482...
Validation: 117/482...
Validation: 118/482...
Validation: 119/482...
Validation: 120/482...
Validation: 121/482...
Validation: 122/482...
Validation: 123/482...
Validation: 124/482...
Validation: 125/482...
Validation: 126/482...
Validation: 127/482...
Validation: 128/482...
Validation: 129/482...
Validation: 130/482...
Validation: 131/482...
Validation: 132/482...
Validation: 133/482...
Validation: 134/482...
Validation: 135/482...
Validation: 136/482...
Validation: 137/482...
Validation: 138/482...
Validation: 139/482...
Validation: 140/482...
Validation: 141/482...
Validation: 142/482...
Validation: 143/482...
Validation: 144/482...
Validation: 145/482...
Validation: 146/482...
Validation: 147/482...
Validation: 148/482...
Validation: 149/482...
Validation: 150/482...
Validation: 151/482...
Validation: 152/482...
Validation: 153/482...
Validation: 154/482...
Validation: 155/482...
Validation: 156/482...
Validation: 157/482...
Validation: 158/482...
Validation: 159/482...
Validation: 160/482...
Validation: 161/482...
Validation: 162/482...
Validation: 163/482...
Validation: 164/482...
Validation: 165/482...
Validation: 166/482...
Validation: 167/482...
Validation: 168/482...
Validation: 169/482...
Validation: 170/482...
Validation: 171/482...
Validation: 172/482...
Validation: 173/482...
Validation: 174/482...
Validation: 175/482...
Validation: 176/482...
Validation: 177/482...
Validation: 178/482...
Validation: 179/482...
Validation: 180/482...
Validation: 181/482...
Validation: 182/482...
Validation: 183/482...
Validation: 184/482...
Validation: 185/482...
Validation: 186/482...
Validation: 187/482...
Validation: 188/482...
Validation: 189/482...
Validation: 190/482...
Validation: 191/482...
Validation: 192/482...
Validation: 193/482...
Validation: 194/482...
Validation: 195/482...
Validation: 196/482...
Validation: 197/482...
Validation: 198/482...
Validation: 199/482...
Validation: 200/482...
Validation: 201/482...
Validation: 202/482...
Validation: 203/482...
Validation: 204/482...
Validation: 205/482...
Validation: 206/482...
Validation: 207/482...
Validation: 208/482...
Validation: 209/482...
Validation: 210/482...
Validation: 211/482...
Validation: 212/482...
Validation: 213/482...
Validation: 214/482...
Validation: 215/482...
Validation: 216/482...
Validation: 217/482...
Validation: 218/482...
Validation: 219/482...
Validation: 220/482...
Validation: 221/482...
Validation: 222/482...
Validation: 223/482...
Validation: 224/482...
Validation: 225/482...
Validation: 226/482...
Validation: 227/482...
Validation: 228/482...
Validation: 229/482...
Validation: 230/482...
Validation: 231/482...
Validation: 232/482...
Validation: 233/482...
Validation: 234/482...
Validation: 235/482...
Validation: 236/482...
Validation: 237/482...
Validation: 238/482...
Validation: 239/482...
Validation: 240/482...
Validation: 241/482...
Validation: 242/482...
Validation: 243/482...
Validation: 244/482...
Validation: 245/482...
Validation: 246/482...
Validation: 247/482...
Validation: 248/482...
Validation: 249/482...
Validation: 250/482...
Validation: 251/482...
Validation: 252/482...
Validation: 253/482...
Validation: 254/482...
Validation: 255/482...
Validation: 256/482...
Validation: 257/482...
Validation: 258/482...
Validation: 259/482...
Validation: 260/482...
Validation: 261/482...
Validation: 262/482...
Validation: 263/482...
Validation: 264/482...
Validation: 265/482...
Validation: 266/482...
Validation: 267/482...
Validation: 268/482...
Validation: 269/482...
Validation: 270/482...
Validation: 271/482...
Validation: 272/482...
Validation: 273/482...
Validation: 274/482...
Validation: 275/482...
Validation: 276/482...
Validation: 277/482...
Validation: 278/482...
Validation: 279/482...
Validation: 280/482...
Validation: 281/482...
Validation: 282/482...
Validation: 283/482...
Validation: 284/482...
Validation: 285/482...
Validation: 286/482...
Validation: 287/482...
Validation: 288/482...
Validation: 289/482...
Validation: 290/482...
Validation: 291/482...
Validation: 292/482...
Validation: 293/482...
Validation: 294/482...
Validation: 295/482...
Validation: 296/482...
Validation: 297/482...
Validation: 298/482...
Validation: 299/482...
Validation: 300/482...
Validation: 301/482...
Validation: 302/482...
Validation: 303/482...
Validation: 304/482...
Validation: 305/482...
Validation: 306/482...
Validation: 307/482...
Validation: 308/482...
Validation: 309/482...
Validation: 310/482...
Validation: 311/482...
Validation: 312/482...
Validation: 313/482...
Validation: 314/482...
Validation: 315/482...
Validation: 316/482...
Validation: 317/482...
Validation: 318/482...
Validation: 319/482...
Validation: 320/482...
Validation: 321/482...
Validation: 322/482...
Validation: 323/482...
Validation: 324/482...
Validation: 325/482...
Validation: 326/482...
Validation: 327/482...
Validation: 328/482...
Validation: 329/482...
Validation: 330/482...
Validation: 331/482...
Validation: 332/482...
Validation: 333/482...
Validation: 334/482...
Validation: 335/482...
Validation: 336/482...
Validation: 337/482...
Validation: 338/482...
Validation: 339/482...
Validation: 340/482...
Validation: 341/482...
Validation: 342/482...
Validation: 343/482...
Validation: 344/482...
Validation: 345/482...
Validation: 346/482...
Validation: 347/482...
Validation: 348/482...
Validation: 349/482...
Validation: 350/482...
Validation: 351/482...
Validation: 352/482...
Validation: 353/482...
Validation: 354/482...
Validation: 355/482...
Validation: 356/482...
Validation: 357/482...
Validation: 358/482...
Validation: 359/482...
Validation: 360/482...
Validation: 361/482...
Validation: 362/482...
Validation: 363/482...
Validation: 364/482...
Validation: 365/482...
Validation: 366/482...
Validation: 367/482...
Validation: 368/482...
Validation: 369/482...
Validation: 370/482...
Validation: 371/482...
Validation: 372/482...
Validation: 373/482...
Validation: 374/482...
Validation: 375/482...
Validation: 376/482...
Validation: 377/482...
Validation: 378/482...
Validation: 379/482...
Validation: 380/482...
Validation: 381/482...
Validation: 382/482...
Validation: 383/482...
Validation: 384/482...
Validation: 385/482...
Validation: 386/482...
Validation: 387/482...
Validation: 388/482...
Validation: 389/482...
Validation: 390/482...
Validation: 391/482...
Validation: 392/482...
Validation: 393/482...
Validation: 394/482...
Validation: 395/482...
Validation: 396/482...
Validation: 397/482...
Validation: 398/482...
Validation: 399/482...
Validation: 400/482...
Validation: 401/482...
Validation: 402/482...
Validation: 403/482...
Validation: 404/482...
Validation: 405/482...
Validation: 406/482...
Validation: 407/482...
Validation: 408/482...
Validation: 409/482...
Validation: 410/482...
Validation: 411/482...
Validation: 412/482...
Validation: 413/482...
Validation: 414/482...
Validation: 415/482...
Validation: 416/482...
Validation: 417/482...
Validation: 418/482...
Validation: 419/482...
Validation: 420/482...
Validation: 421/482...
Validation: 422/482...
Validation: 423/482...
Validation: 424/482...
Validation: 425/482...
Validation: 426/482...
Validation: 427/482...
Validation: 428/482...
Validation: 429/482...
Validation: 430/482...
Validation: 431/482...
Validation: 432/482...
Validation: 433/482...
Validation: 434/482...
Validation: 435/482...
Validation: 436/482...
Validation: 437/482...
Validation: 438/482...
Validation: 439/482...
Validation: 440/482...
Validation: 441/482...
Validation: 442/482...
Validation: 443/482...
Validation: 444/482...
Validation: 445/482...
Validation: 446/482...
Validation: 447/482...
Validation: 448/482...
Validation: 449/482...
Validation: 450/482...
Validation: 451/482...
Validation: 452/482...
Validation: 453/482...
Validation: 454/482...
Validation: 455/482...
Validation: 456/482...
Validation: 457/482...
Validation: 458/482...
Validation: 459/482...
Validation: 460/482...
Validation: 461/482...
Validation: 462/482...
Validation: 463/482...
Validation: 464/482...
Validation: 465/482...
Validation: 466/482...
Validation: 467/482...
Validation: 468/482...
Validation: 469/482...
Validation: 470/482...
Validation: 471/482...
Validation: 472/482...
Validation: 473/482...
Validation: 474/482...
Validation: 475/482...
Validation: 476/482...
Validation: 477/482...
Validation: 478/482...
Validation: 479/482...
Validation: 480/482...
Validation: 481/482...
Validation: 482/482...
Validation Metric: PSNR=12.07, LPIPS=0.7886...
====================================================================================================
Train: 004200/020000, Loss/MSE: t(1):9.8e-03/9.8e-03, t(8):2.3e-01/2.3e-01, t(15):4.1e-01/4.1e-01, lr:4.20e-05
Train: 004400/020000, Loss/MSE: t(1):9.8e-03/9.8e-03, t(8):2.4e-01/2.4e-01, t(15):3.9e-01/3.9e-01, lr:4.40e-05
Train: 004600/020000, Loss/MSE: t(1):9.5e-03/9.5e-03, t(8):2.3e-01/2.3e-01, t(15):3.5e-01/3.5e-01, lr:4.60e-05
Train: 004800/020000, Loss/MSE: t(1):9.6e-03/9.6e-03, t(8):2.3e-01/2.3e-01, t(15):3.6e-01/3.6e-01, lr:4.80e-05
Train: 005000/020000, Loss/MSE: t(1):8.7e-03/8.7e-03, t(8):2.3e-01/2.3e-01, t(15):4.2e-01/4.2e-01, lr:5.00e-05
Train: 005200/020000, Loss/MSE: t(1):8.3e-03/8.3e-03, t(8):2.3e-01/2.3e-01, t(15):3.7e-01/3.7e-01, lr:5.00e-05
Train: 005400/020000, Loss/MSE: t(1):8.9e-03/8.9e-03, t(8):2.2e-01/2.2e-01, t(15):3.9e-01/3.9e-01, lr:5.00e-05
Train: 005600/020000, Loss/MSE: t(1):8.3e-03/8.3e-03, t(8):2.3e-01/2.3e-01, t(15):3.7e-01/3.7e-01, lr:5.00e-05
Train: 005800/020000, Loss/MSE: t(1):7.9e-03/7.9e-03, t(8):2.3e-01/2.3e-01, t(15):3.5e-01/3.5e-01, lr:5.00e-05
Train: 006000/020000, Loss/MSE: t(1):8.2e-03/8.2e-03, t(8):2.2e-01/2.2e-01, t(15):4.1e-01/4.1e-01, lr:5.00e-05
Elapsed time: 1348.54s
====================================================================================================
Validation: 01/482...
Validation: 02/482...
Validation: 03/482...
Validation: 04/482...
Validation: 05/482...
Validation: 06/482...
Validation: 07/482...
Validation: 08/482...
Validation: 09/482...
Validation: 10/482...
Validation: 11/482...
Validation: 12/482...
Validation: 13/482...
Validation: 14/482...
Validation: 15/482...
Validation: 16/482...
Validation: 17/482...
Validation: 18/482...
Validation: 19/482...
Validation: 20/482...
Validation: 21/482...
Validation: 22/482...
Validation: 23/482...
Validation: 24/482...
Validation: 25/482...
Validation: 26/482...
Validation: 27/482...
Validation: 28/482...
Validation: 29/482...
Validation: 30/482...
Validation: 31/482...
Validation: 32/482...
Validation: 33/482...
Validation: 34/482...
Validation: 35/482...
Validation: 36/482...
Validation: 37/482...
Validation: 38/482...
Validation: 39/482...
Validation: 40/482...
Validation: 41/482...
Validation: 42/482...
Validation: 43/482...
Validation: 44/482...
Validation: 45/482...
Validation: 46/482...
Validation: 47/482...
Validation: 48/482...
Validation: 49/482...
Validation: 50/482...
Validation: 51/482...
Validation: 52/482...
Validation: 53/482...
Validation: 54/482...
Validation: 55/482...
Validation: 56/482...
Validation: 57/482...
Validation: 58/482...
Validation: 59/482...
Validation: 60/482...
Validation: 61/482...
Validation: 62/482...
Validation: 63/482...
Validation: 64/482...
Validation: 65/482...
Validation: 66/482...
Validation: 67/482...
Validation: 68/482...
Validation: 69/482...
Validation: 70/482...
Validation: 71/482...
Validation: 72/482...
Validation: 73/482...
Validation: 74/482...
Validation: 75/482...
Validation: 76/482...
Validation: 77/482...
Validation: 78/482...
Validation: 79/482...
Validation: 80/482...
Validation: 81/482...
Validation: 82/482...
Validation: 83/482...
Validation: 84/482...
Validation: 85/482...
Validation: 86/482...
Validation: 87/482...
Validation: 88/482...
Validation: 89/482...
Validation: 90/482...
Validation: 91/482...
Validation: 92/482...
Validation: 93/482...
Validation: 94/482...
Validation: 95/482...
Validation: 96/482...
Validation: 97/482...
Validation: 98/482...
Validation: 99/482...
Validation: 100/482...
Validation: 101/482...
Validation: 102/482...
Validation: 103/482...
Validation: 104/482...
Validation: 105/482...
Validation: 106/482...
Validation: 107/482...
Validation: 108/482...
Validation: 109/482...
Validation: 110/482...
Validation: 111/482...
Validation: 112/482...
Validation: 113/482...
Validation: 114/482...
Validation: 115/482...
Validation: 116/482...
Validation: 117/482...
Validation: 118/482...
Validation: 119/482...
Validation: 120/482...
Validation: 121/482...
Validation: 122/482...
Validation: 123/482...
Validation: 124/482...
Validation: 125/482...
Validation: 126/482...
Validation: 127/482...
Validation: 128/482...
Validation: 129/482...
Validation: 130/482...
Validation: 131/482...
Validation: 132/482...
Validation: 133/482...
Validation: 134/482...
Validation: 135/482...
Validation: 136/482...
Validation: 137/482...
Validation: 138/482...
Validation: 139/482...
Validation: 140/482...
Validation: 141/482...
Validation: 142/482...
Validation: 143/482...
Validation: 144/482...
Validation: 145/482...
Validation: 146/482...
Validation: 147/482...
Validation: 148/482...
Validation: 149/482...
Validation: 150/482...
Validation: 151/482...
Validation: 152/482...
Validation: 153/482...
Validation: 154/482...
Validation: 155/482...
Validation: 156/482...
Validation: 157/482...
Validation: 158/482...
Validation: 159/482...
Validation: 160/482...
Validation: 161/482...
Validation: 162/482...
Validation: 163/482...
Validation: 164/482...
Validation: 165/482...
Validation: 166/482...
Validation: 167/482...
Validation: 168/482...
Validation: 169/482...
Validation: 170/482...
Validation: 171/482...
Validation: 172/482...
Validation: 173/482...
Validation: 174/482...
Validation: 175/482...
Validation: 176/482...
Validation: 177/482...
Validation: 178/482...
Validation: 179/482...
Validation: 180/482...
Validation: 181/482...
Validation: 182/482...
Validation: 183/482...
Validation: 184/482...
Validation: 185/482...
Validation: 186/482...
Validation: 187/482...
Validation: 188/482...
Validation: 189/482...
Validation: 190/482...
Validation: 191/482...
Validation: 192/482...
Validation: 193/482...
Validation: 194/482...
Validation: 195/482...
Validation: 196/482...
Validation: 197/482...
Validation: 198/482...
Validation: 199/482...
Validation: 200/482...
Validation: 201/482...
Validation: 202/482...
Validation: 203/482...
Validation: 204/482...
Validation: 205/482...
Validation: 206/482...
Validation: 207/482...
Validation: 208/482...
Validation: 209/482...
Validation: 210/482...
Validation: 211/482...
Validation: 212/482...
Validation: 213/482...
Validation: 214/482...
Validation: 215/482...
Validation: 216/482...
Validation: 217/482...
Validation: 218/482...
Validation: 219/482...
Validation: 220/482...
Validation: 221/482...
Validation: 222/482...
Validation: 223/482...
Validation: 224/482...
Validation: 225/482...
Validation: 226/482...
Validation: 227/482...
Validation: 228/482...
Validation: 229/482...
Validation: 230/482...
Validation: 231/482...
Validation: 232/482...
Validation: 233/482...
Validation: 234/482...
Validation: 235/482...
Validation: 236/482...
Validation: 237/482...
Validation: 238/482...
Validation: 239/482...
Validation: 240/482...
Validation: 241/482...
Validation: 242/482...
Validation: 243/482...
Validation: 244/482...
Validation: 245/482...
Validation: 246/482...
Validation: 247/482...
Validation: 248/482...
Validation: 249/482...
Validation: 250/482...
Validation: 251/482...
Validation: 252/482...
Validation: 253/482...
Validation: 254/482...
Validation: 255/482...
Validation: 256/482...
Validation: 257/482...
Validation: 258/482...
Validation: 259/482...
Validation: 260/482...
Validation: 261/482...
Validation: 262/482...
Validation: 263/482...
Validation: 264/482...
Validation: 265/482...
Validation: 266/482...
Validation: 267/482...
Validation: 268/482...
Validation: 269/482...
Validation: 270/482...
Validation: 271/482...
Validation: 272/482...
Validation: 273/482...
Validation: 274/482...
Validation: 275/482...
Validation: 276/482...
Validation: 277/482...
Validation: 278/482...
Validation: 279/482...
Validation: 280/482...
Validation: 281/482...
Validation: 282/482...
Validation: 283/482...
Validation: 284/482...
Validation: 285/482...
Validation: 286/482...
Validation: 287/482...
Validation: 288/482...
Validation: 289/482...
Validation: 290/482...
Validation: 291/482...
Validation: 292/482...
Validation: 293/482...
Validation: 294/482...
Validation: 295/482...
Validation: 296/482...
Validation: 297/482...
Validation: 298/482...
Validation: 299/482...
Validation: 300/482...
Validation: 301/482...
Validation: 302/482...
Validation: 303/482...
Validation: 304/482...
Validation: 305/482...
Validation: 306/482...
Validation: 307/482...
Validation: 308/482...
Validation: 309/482...
Validation: 310/482...
Validation: 311/482...
Validation: 312/482...
Validation: 313/482...
Validation: 314/482...
Validation: 315/482...
Validation: 316/482...
Validation: 317/482...
Validation: 318/482...
Validation: 319/482...
Validation: 320/482...
Validation: 321/482...
Validation: 322/482...
Validation: 323/482...
Validation: 324/482...
Validation: 325/482...
Validation: 326/482...
Validation: 327/482...
Validation: 328/482...
Validation: 329/482...
Validation: 330/482...
Validation: 331/482...
Validation: 332/482...
Validation: 333/482...
Validation: 334/482...
Validation: 335/482...
Validation: 336/482...
Validation: 337/482...
Validation: 338/482...
Validation: 339/482...
Validation: 340/482...
Validation: 341/482...
Validation: 342/482...
Validation: 343/482...
Validation: 344/482...
Validation: 345/482...
Validation: 346/482...
Validation: 347/482...
Validation: 348/482...
Validation: 349/482...
Validation: 350/482...
Validation: 351/482...
Validation: 352/482...
Validation: 353/482...
Validation: 354/482...
Validation: 355/482...
Validation: 356/482...
Validation: 357/482...
Validation: 358/482...
Validation: 359/482...
Validation: 360/482...
Validation: 361/482...
Validation: 362/482...
Validation: 363/482...
Validation: 364/482...
Validation: 365/482...
Validation: 366/482...
Validation: 367/482...
Validation: 368/482...
Validation: 369/482...
Validation: 370/482...
Validation: 371/482...
Validation: 372/482...
Validation: 373/482...
Validation: 374/482...
Validation: 375/482...
Validation: 376/482...
Validation: 377/482...
Validation: 378/482...
Validation: 379/482...
Validation: 380/482...
Validation: 381/482...
Validation: 382/482...
Validation: 383/482...
Validation: 384/482...
Validation: 385/482...
Validation: 386/482...
Validation: 387/482...
Validation: 388/482...
Validation: 389/482...
Validation: 390/482...
Validation: 391/482...
Validation: 392/482...
Validation: 393/482...
Validation: 394/482...
Validation: 395/482...
Validation: 396/482...
Validation: 397/482...
Validation: 398/482...
Validation: 399/482...
Validation: 400/482...
Validation: 401/482...
Validation: 402/482...
Validation: 403/482...
Validation: 404/482...
Validation: 405/482...
Validation: 406/482...
Validation: 407/482...
Validation: 408/482...
Validation: 409/482...
Validation: 410/482...
Validation: 411/482...
Validation: 412/482...
Validation: 413/482...
Validation: 414/482...
Validation: 415/482...
Validation: 416/482...
Validation: 417/482...
Validation: 418/482...
Validation: 419/482...
Validation: 420/482...
Validation: 421/482...
Validation: 422/482...
Validation: 423/482...
Validation: 424/482...
Validation: 425/482...
Validation: 426/482...
Validation: 427/482...
Validation: 428/482...
Validation: 429/482...
Validation: 430/482...
Validation: 431/482...
Validation: 432/482...
Validation: 433/482...
Validation: 434/482...
Validation: 435/482...
Validation: 436/482...
Validation: 437/482...
Validation: 438/482...
Validation: 439/482...
Validation: 440/482...
Validation: 441/482...
Validation: 442/482...
Validation: 443/482...
Validation: 444/482...
Validation: 445/482...
Validation: 446/482...
Validation: 447/482...
Validation: 448/482...
Validation: 449/482...
Validation: 450/482...
Validation: 451/482...
Validation: 452/482...
Validation: 453/482...
Validation: 454/482...
Validation: 455/482...
Validation: 456/482...
Validation: 457/482...
Validation: 458/482...
Validation: 459/482...
Validation: 460/482...
Validation: 461/482...
Validation: 462/482...
Validation: 463/482...
Validation: 464/482...
Validation: 465/482...
Validation: 466/482...
Validation: 467/482...
Validation: 468/482...
Validation: 469/482...
Validation: 470/482...
Validation: 471/482...
Validation: 472/482...
Validation: 473/482...
Validation: 474/482...
Validation: 475/482...
Validation: 476/482...
Validation: 477/482...
Validation: 478/482...
Validation: 479/482...
Validation: 480/482...
Validation: 481/482...
Validation: 482/482...
Validation Metric: PSNR=12.37, LPIPS=0.7814...
====================================================================================================
Train: 006200/020000, Loss/MSE: t(1):7.6e-03/7.6e-03, t(8):2.1e-01/2.1e-01, t(15):3.6e-01/3.6e-01, lr:5.00e-05
Train: 006400/020000, Loss/MSE: t(1):7.0e-03/7.0e-03, t(8):2.3e-01/2.3e-01, t(15):3.6e-01/3.6e-01, lr:5.00e-05
Train: 006600/020000, Loss/MSE: t(1):6.7e-03/6.7e-03, t(8):2.2e-01/2.2e-01, t(15):3.6e-01/3.6e-01, lr:5.00e-05
Train: 006800/020000, Loss/MSE: t(1):6.8e-03/6.8e-03, t(8):2.2e-01/2.2e-01, t(15):3.5e-01/3.5e-01, lr:5.00e-05
Train: 007000/020000, Loss/MSE: t(1):8.3e-03/8.3e-03, t(8):2.1e-01/2.1e-01, t(15):3.6e-01/3.6e-01, lr:5.00e-05
Train: 007200/020000, Loss/MSE: t(1):6.0e-03/6.0e-03, t(8):2.1e-01/2.1e-01, t(15):3.5e-01/3.5e-01, lr:5.00e-05
Train: 007400/020000, Loss/MSE: t(1):7.5e-03/7.5e-03, t(8):2.1e-01/2.1e-01, t(15):4.0e-01/4.0e-01, lr:5.00e-05
Train: 007600/020000, Loss/MSE: t(1):6.9e-03/6.9e-03, t(8):2.2e-01/2.2e-01, t(15):3.5e-01/3.5e-01, lr:5.00e-05
Train: 007800/020000, Loss/MSE: t(1):7.1e-03/7.1e-03, t(8):2.1e-01/2.1e-01, t(15):3.7e-01/3.7e-01, lr:5.00e-05
Train: 008000/020000, Loss/MSE: t(1):6.5e-03/6.5e-03, t(8):2.1e-01/2.1e-01, t(15):3.5e-01/3.5e-01, lr:5.00e-05
Elapsed time: 1358.53s
====================================================================================================
Validation: 01/482...
Validation: 02/482...
Validation: 03/482...
Validation: 04/482...
Validation: 05/482...
Validation: 06/482...
Validation: 07/482...
Validation: 08/482...
Validation: 09/482...
Validation: 10/482...
Validation: 11/482...
Validation: 12/482...
Validation: 13/482...
Validation: 14/482...
Validation: 15/482...
Validation: 16/482...
Validation: 17/482...
Validation: 18/482...
Validation: 19/482...
Validation: 20/482...
Validation: 21/482...
Validation: 22/482...
Validation: 23/482...
Validation: 24/482...
Validation: 25/482...
Validation: 26/482...
Validation: 27/482...
Validation: 28/482...
Validation: 29/482...
Validation: 30/482...
Validation: 31/482...
Validation: 32/482...
Validation: 33/482...
Validation: 34/482...
Validation: 35/482...
Validation: 36/482...
Validation: 37/482...
Validation: 38/482...
Validation: 39/482...
Validation: 40/482...
Validation: 41/482...
Validation: 42/482...
Validation: 43/482...
Validation: 44/482...
Validation: 45/482...
Validation: 46/482...
Validation: 47/482...
Validation: 48/482...
Validation: 49/482...
Validation: 50/482...
Validation: 51/482...
Validation: 52/482...
Validation: 53/482...
Validation: 54/482...
Validation: 55/482...
Validation: 56/482...
Validation: 57/482...
Validation: 58/482...
Validation: 59/482...
Validation: 60/482...
Validation: 61/482...
Validation: 62/482...
Validation: 63/482...
Validation: 64/482...
Validation: 65/482...
Validation: 66/482...
Validation: 67/482...
Validation: 68/482...
Validation: 69/482...
Validation: 70/482...
Validation: 71/482...
Validation: 72/482...
Validation: 73/482...
Validation: 74/482...
Validation: 75/482...
Validation: 76/482...
Validation: 77/482...
Validation: 78/482...
Validation: 79/482...
Validation: 80/482...
Validation: 81/482...
Validation: 82/482...
Validation: 83/482...
Validation: 84/482...
Validation: 85/482...
Validation: 86/482...
Validation: 87/482...
Validation: 88/482...
Validation: 89/482...
Validation: 90/482...
Validation: 91/482...
Validation: 92/482...
Validation: 93/482...
Validation: 94/482...
Validation: 95/482...
Validation: 96/482...
Validation: 97/482...
Validation: 98/482...
Validation: 99/482...
Validation: 100/482...
Validation: 101/482...
Validation: 102/482...
Validation: 103/482...
Validation: 104/482...
Validation: 105/482...
Validation: 106/482...
Validation: 107/482...
Validation: 108/482...
Validation: 109/482...
Validation: 110/482...
Validation: 111/482...
Validation: 112/482...
Validation: 113/482...
Validation: 114/482...
Validation: 115/482...
Validation: 116/482...
Validation: 117/482...
Validation: 118/482...
Validation: 119/482...
Validation: 120/482...
Validation: 121/482...
Validation: 122/482...
Validation: 123/482...
Validation: 124/482...
Validation: 125/482...
Validation: 126/482...
Validation: 127/482...
Validation: 128/482...
Validation: 129/482...
Validation: 130/482...
Validation: 131/482...
Validation: 132/482...
Validation: 133/482...
Validation: 134/482...
Validation: 135/482...
Validation: 136/482...
Validation: 137/482...
Validation: 138/482...
Validation: 139/482...
Validation: 140/482...
Validation: 141/482...
Validation: 142/482...
Validation: 143/482...
Validation: 144/482...
Validation: 145/482...
Validation: 146/482...
Validation: 147/482...
Validation: 148/482...
Validation: 149/482...
Validation: 150/482...
Validation: 151/482...
Validation: 152/482...
Validation: 153/482...
Validation: 154/482...
Validation: 155/482...
Validation: 156/482...
Validation: 157/482...
Validation: 158/482...
Validation: 159/482...
Validation: 160/482...
Validation: 161/482...
Validation: 162/482...
Validation: 163/482...
Validation: 164/482...
Validation: 165/482...
Validation: 166/482...
Validation: 167/482...
Validation: 168/482...
Validation: 169/482...
Validation: 170/482...
Validation: 171/482...
Validation: 172/482...
Validation: 173/482...
Validation: 174/482...
Validation: 175/482...
Validation: 176/482...
Validation: 177/482...
Validation: 178/482...
Validation: 179/482...
Validation: 180/482...
Validation: 181/482...
Validation: 182/482...
Validation: 183/482...
Validation: 184/482...
Validation: 185/482...
Validation: 186/482...
Validation: 187/482...
Validation: 188/482...
Validation: 189/482...
Validation: 190/482...
Validation: 191/482...
Validation: 192/482...
Validation: 193/482...
Validation: 194/482...
Validation: 195/482...
Validation: 196/482...
Validation: 197/482...
Validation: 198/482...
Validation: 199/482...
Validation: 200/482...
Validation: 201/482...
Validation: 202/482...
Validation: 203/482...
Validation: 204/482...
Validation: 205/482...
Validation: 206/482...
Validation: 207/482...
Validation: 208/482...
Validation: 209/482...
Validation: 210/482...
Validation: 211/482...
Validation: 212/482...
Validation: 213/482...
Validation: 214/482...
Validation: 215/482...
Validation: 216/482...
Validation: 217/482...
Validation: 218/482...
Validation: 219/482...
Validation: 220/482...
Validation: 221/482...
Validation: 222/482...
Validation: 223/482...
Validation: 224/482...
Validation: 225/482...
Validation: 226/482...
Validation: 227/482...
Validation: 228/482...
Validation: 229/482...
Validation: 230/482...
Validation: 231/482...
Validation: 232/482...
Validation: 233/482...
Validation: 234/482...
Validation: 235/482...
Validation: 236/482...
Validation: 237/482...
Validation: 238/482...
Validation: 239/482...
Validation: 240/482...
Validation: 241/482...
Validation: 242/482...
Validation: 243/482...
Validation: 244/482...
Validation: 245/482...
Validation: 246/482...
Validation: 247/482...
Validation: 248/482...
Validation: 249/482...
Validation: 250/482...
Validation: 251/482...
Validation: 252/482...
Validation: 253/482...
Validation: 254/482...
Validation: 255/482...
Validation: 256/482...
Validation: 257/482...
Validation: 258/482...
Validation: 259/482...
Validation: 260/482...
Validation: 261/482...
Validation: 262/482...
Validation: 263/482...
Validation: 264/482...
Validation: 265/482...
Validation: 266/482...
Validation: 267/482...
Validation: 268/482...
Validation: 269/482...
Validation: 270/482...
Validation: 271/482...
Validation: 272/482...
Validation: 273/482...
Validation: 274/482...
Validation: 275/482...
Validation: 276/482...
Validation: 277/482...
Validation: 278/482...
Validation: 279/482...
Validation: 280/482...
Validation: 281/482...
Validation: 282/482...
Validation: 283/482...
Validation: 284/482...
Validation: 285/482...
Validation: 286/482...
Validation: 287/482...
Validation: 288/482...
Validation: 289/482...
Validation: 290/482...
Validation: 291/482...
Validation: 292/482...
Validation: 293/482...
Validation: 294/482...
Validation: 295/482...
Validation: 296/482...
Validation: 297/482...
Validation: 298/482...
Validation: 299/482...
Validation: 300/482...
Validation: 301/482...
Validation: 302/482...
Validation: 303/482...
Validation: 304/482...
Validation: 305/482...
Validation: 306/482...
Validation: 307/482...
Validation: 308/482...
Validation: 309/482...
Validation: 310/482...
Validation: 311/482...
Validation: 312/482...
Validation: 313/482...
Validation: 314/482...
Validation: 315/482...
Validation: 316/482...
Validation: 317/482...
Validation: 318/482...
Validation: 319/482...
Validation: 320/482...
Validation: 321/482...
Validation: 322/482...
Validation: 323/482...
Validation: 324/482...
Validation: 325/482...
Validation: 326/482...
Validation: 327/482...
Validation: 328/482...
Validation: 329/482...
Validation: 330/482...
Validation: 331/482...
Validation: 332/482...
Validation: 333/482...
Validation: 334/482...
Validation: 335/482...
Validation: 336/482...
Validation: 337/482...
Validation: 338/482...
Validation: 339/482...
Validation: 340/482...
Validation: 341/482...
Validation: 342/482...
Validation: 343/482...
Validation: 344/482...
Validation: 345/482...
Validation: 346/482...
Validation: 347/482...
Validation: 348/482...
Validation: 349/482...
Validation: 350/482...
Validation: 351/482...
Validation: 352/482...
Validation: 353/482...
Validation: 354/482...
Validation: 355/482...
Validation: 356/482...
Validation: 357/482...
Validation: 358/482...
Validation: 359/482...
Validation: 360/482...
Validation: 361/482...
Validation: 362/482...
Validation: 363/482...
Validation: 364/482...
Validation: 365/482...
Validation: 366/482...
Validation: 367/482...
Validation: 368/482...
Validation: 369/482...
Validation: 370/482...
Validation: 371/482...
Validation: 372/482...
Validation: 373/482...
Validation: 374/482...
Validation: 375/482...
Validation: 376/482...
Validation: 377/482...
Validation: 378/482...
Validation: 379/482...
Validation: 380/482...
Validation: 381/482...
Validation: 382/482...
Validation: 383/482...
Validation: 384/482...
Validation: 385/482...
Validation: 386/482...
Validation: 387/482...
Validation: 388/482...
Validation: 389/482...
Validation: 390/482...
Validation: 391/482...
Validation: 392/482...
Validation: 393/482...
Validation: 394/482...
Validation: 395/482...
Validation: 396/482...
Validation: 397/482...
Validation: 398/482...
Validation: 399/482...
Validation: 400/482...
Validation: 401/482...
Validation: 402/482...
Validation: 403/482...
Validation: 404/482...
Validation: 405/482...
Validation: 406/482...
Validation: 407/482...
Validation: 408/482...
Validation: 409/482...
Validation: 410/482...
Validation: 411/482...
Validation: 412/482...
Validation: 413/482...
Validation: 414/482...
Validation: 415/482...
Validation: 416/482...
Validation: 417/482...
Validation: 418/482...
Validation: 419/482...
Validation: 420/482...
Validation: 421/482...
Validation: 422/482...
Validation: 423/482...
Validation: 424/482...
Validation: 425/482...
Validation: 426/482...
Validation: 427/482...
Validation: 428/482...
Validation: 429/482...
Validation: 430/482...
Validation: 431/482...
Validation: 432/482...
Validation: 433/482...
Validation: 434/482...
Validation: 435/482...
Validation: 436/482...
Validation: 437/482...
Validation: 438/482...
Validation: 439/482...
Validation: 440/482...
Validation: 441/482...
Validation: 442/482...
Validation: 443/482...
Validation: 444/482...
Validation: 445/482...
Validation: 446/482...
Validation: 447/482...
Validation: 448/482...
Validation: 449/482...
Validation: 450/482...
Validation: 451/482...
Validation: 452/482...
Validation: 453/482...
Validation: 454/482...
Validation: 455/482...
Validation: 456/482...
Validation: 457/482...
Validation: 458/482...
Validation: 459/482...
Validation: 460/482...
Validation: 461/482...
Validation: 462/482...
Validation: 463/482...
Validation: 464/482...
Validation: 465/482...
Validation: 466/482...
Validation: 467/482...
Validation: 468/482...
Validation: 469/482...
Validation: 470/482...
Validation: 471/482...
Validation: 472/482...
Validation: 473/482...
Validation: 474/482...
Validation: 475/482...
Validation: 476/482...
Validation: 477/482...
Validation: 478/482...
Validation: 479/482...
Validation: 480/482...
Validation: 481/482...
Validation: 482/482...
Validation Metric: PSNR=12.60, LPIPS=0.7797...
====================================================================================================
Train: 008200/020000, Loss/MSE: t(1):5.9e-03/5.9e-03, t(8):2.0e-01/2.0e-01, t(15):3.4e-01/3.4e-01, lr:5.00e-05
Train: 008400/020000, Loss/MSE: t(1):6.2e-03/6.2e-03, t(8):2.1e-01/2.1e-01, t(15):3.5e-01/3.5e-01, lr:5.00e-05
Train: 008600/020000, Loss/MSE: t(1):5.6e-03/5.6e-03, t(8):2.1e-01/2.1e-01, t(15):3.5e-01/3.5e-01, lr:5.00e-05
Train: 008800/020000, Loss/MSE: t(1):5.8e-03/5.8e-03, t(8):2.1e-01/2.1e-01, t(15):3.6e-01/3.6e-01, lr:5.00e-05
Train: 009000/020000, Loss/MSE: t(1):6.1e-03/6.1e-03, t(8):2.0e-01/2.0e-01, t(15):3.4e-01/3.4e-01, lr:5.00e-05
Train: 009200/020000, Loss/MSE: t(1):6.4e-03/6.4e-03, t(8):2.1e-01/2.1e-01, t(15):3.5e-01/3.5e-01, lr:5.00e-05
Train: 009400/020000, Loss/MSE: t(1):6.1e-03/6.1e-03, t(8):2.0e-01/2.0e-01, t(15):3.5e-01/3.5e-01, lr:5.00e-05
Train: 009600/020000, Loss/MSE: t(1):5.5e-03/5.5e-03, t(8):2.0e-01/2.0e-01, t(15):3.5e-01/3.5e-01, lr:5.00e-05
Train: 009800/020000, Loss/MSE: t(1):5.6e-03/5.6e-03, t(8):2.1e-01/2.1e-01, t(15):3.2e-01/3.2e-01, lr:5.00e-05
Train: 010000/020000, Loss/MSE: t(1):5.7e-03/5.7e-03, t(8):2.1e-01/2.1e-01, t(15):3.5e-01/3.5e-01, lr:5.00e-05
Elapsed time: 1388.06s
====================================================================================================
Validation: 01/482...
Validation: 02/482...
Validation: 03/482...
Validation: 04/482...
Validation: 05/482...
Validation: 06/482...
Validation: 07/482...
Validation: 08/482...
Validation: 09/482...
Validation: 10/482...
Validation: 11/482...
Validation: 12/482...
Validation: 13/482...
Validation: 14/482...
Validation: 15/482...
Validation: 16/482...
Validation: 17/482...
Validation: 18/482...
Validation: 19/482...
Validation: 20/482...
Validation: 21/482...
Validation: 22/482...
Validation: 23/482...
Validation: 24/482...
Validation: 25/482...
Validation: 26/482...
Validation: 27/482...
Validation: 28/482...
Validation: 29/482...
Validation: 30/482...
Validation: 31/482...
Validation: 32/482...
Validation: 33/482...
Validation: 34/482...
Validation: 35/482...
Validation: 36/482...
Validation: 37/482...
Validation: 38/482...
Validation: 39/482...
Validation: 40/482...
Validation: 41/482...
Validation: 42/482...
Validation: 43/482...
Validation: 44/482...
Validation: 45/482...
Validation: 46/482...
Validation: 47/482...
Validation: 48/482...
Validation: 49/482...
Validation: 50/482...
Validation: 51/482...
Validation: 52/482...
Validation: 53/482...
Validation: 54/482...
Validation: 55/482...
Validation: 56/482...
Validation: 57/482...
Validation: 58/482...
Validation: 59/482...
Validation: 60/482...
Validation: 61/482...
Validation: 62/482...
Validation: 63/482...
Validation: 64/482...
Validation: 65/482...
Validation: 66/482...
Validation: 67/482...
Validation: 68/482...
Validation: 69/482...
Validation: 70/482...
Validation: 71/482...
Validation: 72/482...
Validation: 73/482...
Validation: 74/482...
Validation: 75/482...
Validation: 76/482...
Validation: 77/482...
Validation: 78/482...
Validation: 79/482...
Validation: 80/482...
Validation: 81/482...
Validation: 82/482...
Validation: 83/482...
Validation: 84/482...
Validation: 85/482...
Validation: 86/482...
Validation: 87/482...
Validation: 88/482...
Validation: 89/482...
Validation: 90/482...
Validation: 91/482...
Validation: 92/482...
Validation: 93/482...
Validation: 94/482...
Validation: 95/482...
Validation: 96/482...
Validation: 97/482...
Validation: 98/482...
Validation: 99/482...
Validation: 100/482...
Validation: 101/482...
Validation: 102/482...
Validation: 103/482...
Validation: 104/482...
Validation: 105/482...
Validation: 106/482...
Validation: 107/482...
Validation: 108/482...
Validation: 109/482...
Validation: 110/482...
Validation: 111/482...
Validation: 112/482...
Validation: 113/482...
Validation: 114/482...
Validation: 115/482...
Validation: 116/482...
Validation: 117/482...
Validation: 118/482...
Validation: 119/482...
Validation: 120/482...
Validation: 121/482...
Validation: 122/482...
Validation: 123/482...
Validation: 124/482...
Validation: 125/482...
Validation: 126/482...
Validation: 127/482...
Validation: 128/482...
Validation: 129/482...
Validation: 130/482...
Validation: 131/482...
Validation: 132/482...
Validation: 133/482...
Validation: 134/482...
Validation: 135/482...
Validation: 136/482...
Validation: 137/482...
Validation: 138/482...
Validation: 139/482...
Validation: 140/482...
Validation: 141/482...
Validation: 142/482...
Validation: 143/482...
Validation: 144/482...
Validation: 145/482...
Validation: 146/482...
Validation: 147/482...
Validation: 148/482...
Validation: 149/482...
Validation: 150/482...
Validation: 151/482...
Validation: 152/482...
Validation: 153/482...
Validation: 154/482...
Validation: 155/482...
Validation: 156/482...
Validation: 157/482...
Validation: 158/482...
Validation: 159/482...
Validation: 160/482...
Validation: 161/482...
Validation: 162/482...
Validation: 163/482...
Validation: 164/482...
Validation: 165/482...
Validation: 166/482...
Validation: 167/482...
Validation: 168/482...
Validation: 169/482...
Validation: 170/482...
Validation: 171/482...
Validation: 172/482...
Validation: 173/482...
Validation: 174/482...
Validation: 175/482...
Validation: 176/482...
Validation: 177/482...
Validation: 178/482...
Validation: 179/482...
Validation: 180/482...
Validation: 181/482...
Validation: 182/482...
Validation: 183/482...
Validation: 184/482...
Validation: 185/482...
Validation: 186/482...
Validation: 187/482...
Validation: 188/482...
Validation: 189/482...
Validation: 190/482...
Validation: 191/482...
Validation: 192/482...
Validation: 193/482...
Validation: 194/482...
Validation: 195/482...
Validation: 196/482...
Validation: 197/482...
Validation: 198/482...
Validation: 199/482...
Validation: 200/482...
Validation: 201/482...
Validation: 202/482...
Validation: 203/482...
Validation: 204/482...
Validation: 205/482...
Validation: 206/482...
Validation: 207/482...
Validation: 208/482...
Validation: 209/482...
Validation: 210/482...
Validation: 211/482...
Validation: 212/482...
Validation: 213/482...
Validation: 214/482...
Validation: 215/482...
Validation: 216/482...
Validation: 217/482...
Validation: 218/482...
Validation: 219/482...
Validation: 220/482...
Validation: 221/482...
Validation: 222/482...
Validation: 223/482...
Validation: 224/482...
Validation: 225/482...
Validation: 226/482...
Validation: 227/482...
Validation: 228/482...
Validation: 229/482...
Validation: 230/482...
Validation: 231/482...
Validation: 232/482...
Validation: 233/482...
Validation: 234/482...
Validation: 235/482...
Validation: 236/482...
Validation: 237/482...
Validation: 238/482...
Validation: 239/482...
Validation: 240/482...
Validation: 241/482...
Validation: 242/482...
Validation: 243/482...
Validation: 244/482...
Validation: 245/482...
Validation: 246/482...
Validation: 247/482...
Validation: 248/482...
Validation: 249/482...
Validation: 250/482...
Validation: 251/482...
Validation: 252/482...
Validation: 253/482...
Validation: 254/482...
Validation: 255/482...
Validation: 256/482...
Validation: 257/482...
Validation: 258/482...
Validation: 259/482...
Validation: 260/482...
Validation: 261/482...
Validation: 262/482...
Validation: 263/482...
Validation: 264/482...
Validation: 265/482...
Validation: 266/482...
Validation: 267/482...
Validation: 268/482...
Validation: 269/482...
Validation: 270/482...
Validation: 271/482...
Validation: 272/482...
Validation: 273/482...
Validation: 274/482...
Validation: 275/482...
Validation: 276/482...
Validation: 277/482...
Validation: 278/482...
Validation: 279/482...
Validation: 280/482...
Validation: 281/482...
Validation: 282/482...
Validation: 283/482...
Validation: 284/482...
Validation: 285/482...
Validation: 286/482...
Validation: 287/482...
Validation: 288/482...
Validation: 289/482...
Validation: 290/482...
Validation: 291/482...
Validation: 292/482...
Validation: 293/482...
Validation: 294/482...
Validation: 295/482...
Validation: 296/482...
Validation: 297/482...
Validation: 298/482...
Validation: 299/482...
Validation: 300/482...
Validation: 301/482...
Validation: 302/482...
Validation: 303/482...
Validation: 304/482...
Validation: 305/482...
Validation: 306/482...
Validation: 307/482...
Validation: 308/482...
Validation: 309/482...
Validation: 310/482...
Validation: 311/482...
Validation: 312/482...
Validation: 313/482...
Validation: 314/482...
Validation: 315/482...
Validation: 316/482...
Validation: 317/482...
Validation: 318/482...
Validation: 319/482...
Validation: 320/482...
Validation: 321/482...
Validation: 322/482...
Validation: 323/482...
Validation: 324/482...
Validation: 325/482...
Validation: 326/482...
Validation: 327/482...
Validation: 328/482...
Validation: 329/482...
Validation: 330/482...
Validation: 331/482...
Validation: 332/482...
Validation: 333/482...
Validation: 334/482...
Validation: 335/482...
Validation: 336/482...
Validation: 337/482...
Validation: 338/482...
Validation: 339/482...
Validation: 340/482...
Validation: 341/482...
Validation: 342/482...
Validation: 343/482...
Validation: 344/482...
Validation: 345/482...
Validation: 346/482...
Validation: 347/482...
Validation: 348/482...
Validation: 349/482...
Validation: 350/482...
Validation: 351/482...
Validation: 352/482...
Validation: 353/482...
Validation: 354/482...
Validation: 355/482...
Validation: 356/482...
Validation: 357/482...
Validation: 358/482...
Validation: 359/482...
Validation: 360/482...
Validation: 361/482...
Validation: 362/482...
Validation: 363/482...
Validation: 364/482...
Validation: 365/482...
Validation: 366/482...
Validation: 367/482...
Validation: 368/482...
Validation: 369/482...
Validation: 370/482...
Validation: 371/482...
Validation: 372/482...
Validation: 373/482...
Validation: 374/482...
Validation: 375/482...
Validation: 376/482...
Validation: 377/482...
Validation: 378/482...
Validation: 379/482...
Validation: 380/482...
Validation: 381/482...
Validation: 382/482...
Validation: 383/482...
Validation: 384/482...
Validation: 385/482...
Validation: 386/482...
Validation: 387/482...
Validation: 388/482...
Validation: 389/482...
Validation: 390/482...
Validation: 391/482...
Validation: 392/482...
Validation: 393/482...
Validation: 394/482...
Validation: 395/482...
Validation: 396/482...
Validation: 397/482...
Validation: 398/482...
Validation: 399/482...
Validation: 400/482...
Validation: 401/482...
Validation: 402/482...
Validation: 403/482...
Validation: 404/482...
Validation: 405/482...
Validation: 406/482...
Validation: 407/482...
Validation: 408/482...
Validation: 409/482...
Validation: 410/482...
Validation: 411/482...
Validation: 412/482...
Validation: 413/482...
Validation: 414/482...
Validation: 415/482...
Validation: 416/482...
Validation: 417/482...
Validation: 418/482...
Validation: 419/482...
Validation: 420/482...
Validation: 421/482...
Validation: 422/482...
Validation: 423/482...
Validation: 424/482...
Validation: 425/482...
Validation: 426/482...
Validation: 427/482...
Validation: 428/482...
Validation: 429/482...
Validation: 430/482...
Validation: 431/482...
Validation: 432/482...
Validation: 433/482...
Validation: 434/482...
Validation: 435/482...
Validation: 436/482...
Validation: 437/482...
Validation: 438/482...
Validation: 439/482...
Validation: 440/482...
Validation: 441/482...
Validation: 442/482...
Validation: 443/482...
Validation: 444/482...
Validation: 445/482...
Validation: 446/482...
Validation: 447/482...
Validation: 448/482...
Validation: 449/482...
Validation: 450/482...
Validation: 451/482...
Validation: 452/482...
Validation: 453/482...
Validation: 454/482...
Validation: 455/482...
Validation: 456/482...
Validation: 457/482...
Validation: 458/482...
Validation: 459/482...
Validation: 460/482...
Validation: 461/482...
Validation: 462/482...
Validation: 463/482...
Validation: 464/482...
Validation: 465/482...
Validation: 466/482...
Validation: 467/482...
Validation: 468/482...
Validation: 469/482...
Validation: 470/482...
Validation: 471/482...
Validation: 472/482...
Validation: 473/482...
Validation: 474/482...
Validation: 475/482...
Validation: 476/482...
Validation: 477/482...
Validation: 478/482...
Validation: 479/482...
Validation: 480/482...
Validation: 481/482...
Validation: 482/482...
Validation Metric: PSNR=12.55, LPIPS=0.7809...
====================================================================================================
Train: 010200/020000, Loss/MSE: t(1):5.7e-03/5.7e-03, t(8):2.0e-01/2.0e-01, t(15):3.6e-01/3.6e-01, lr:5.00e-05
Train: 010400/020000, Loss/MSE: t(1):5.2e-03/5.2e-03, t(8):2.1e-01/2.1e-01, t(15):3.6e-01/3.6e-01, lr:5.00e-05
Train: 010600/020000, Loss/MSE: t(1):5.5e-03/5.5e-03, t(8):2.1e-01/2.1e-01, t(15):3.5e-01/3.5e-01, lr:5.00e-05
Train: 010800/020000, Loss/MSE: t(1):5.3e-03/5.3e-03, t(8):2.1e-01/2.1e-01, t(15):3.7e-01/3.7e-01, lr:5.00e-05
Train: 011000/020000, Loss/MSE: t(1):5.0e-03/5.0e-03, t(8):2.0e-01/2.0e-01, t(15):3.4e-01/3.4e-01, lr:5.00e-05
Train: 011200/020000, Loss/MSE: t(1):5.6e-03/5.6e-03, t(8):2.1e-01/2.1e-01, t(15):3.4e-01/3.4e-01, lr:5.00e-05
Train: 011400/020000, Loss/MSE: t(1):5.3e-03/5.3e-03, t(8):2.0e-01/2.0e-01, t(15):3.4e-01/3.4e-01, lr:5.00e-05
Train: 011600/020000, Loss/MSE: t(1):4.7e-03/4.7e-03, t(8):2.1e-01/2.1e-01, t(15):3.2e-01/3.2e-01, lr:5.00e-05
Train: 011800/020000, Loss/MSE: t(1):4.9e-03/4.9e-03, t(8):2.1e-01/2.1e-01, t(15):3.4e-01/3.4e-01, lr:5.00e-05
Train: 012000/020000, Loss/MSE: t(1):4.8e-03/4.8e-03, t(8):2.0e-01/2.0e-01, t(15):3.5e-01/3.5e-01, lr:5.00e-05
Elapsed time: 1397.81s
====================================================================================================
Validation: 01/482...
Validation: 02/482...
Validation: 03/482...
Validation: 04/482...
Validation: 05/482...
Validation: 06/482...
Validation: 07/482...
Validation: 08/482...
Validation: 09/482...
Validation: 10/482...
Validation: 11/482...
Validation: 12/482...
Validation: 13/482...
Validation: 14/482...
Validation: 15/482...
Validation: 16/482...
Validation: 17/482...
Validation: 18/482...
Validation: 19/482...
Validation: 20/482...
Validation: 21/482...
Validation: 22/482...
Validation: 23/482...
Validation: 24/482...
Validation: 25/482...
Validation: 26/482...
Validation: 27/482...
Validation: 28/482...
Validation: 29/482...
Validation: 30/482...
Validation: 31/482...
Validation: 32/482...
Validation: 33/482...
Validation: 34/482...
Validation: 35/482...
Validation: 36/482...
Validation: 37/482...
Validation: 38/482...
Validation: 39/482...
Validation: 40/482...
Validation: 41/482...
Validation: 42/482...
Validation: 43/482...
Validation: 44/482...
Validation: 45/482...
Validation: 46/482...
Validation: 47/482...
Validation: 48/482...
Validation: 49/482...
Validation: 50/482...
Validation: 51/482...
Validation: 52/482...
Validation: 53/482...
Validation: 54/482...
Validation: 55/482...
Validation: 56/482...
Validation: 57/482...
Validation: 58/482...
Validation: 59/482...
Validation: 60/482...
Validation: 61/482...
Validation: 62/482...
Validation: 63/482...
Validation: 64/482...
Validation: 65/482...
Validation: 66/482...
Validation: 67/482...
Validation: 68/482...
Validation: 69/482...
Validation: 70/482...
Validation: 71/482...
Validation: 72/482...
Validation: 73/482...
Validation: 74/482...
Validation: 75/482...
Validation: 76/482...
Validation: 77/482...
Validation: 78/482...
Validation: 79/482...
Validation: 80/482...
Validation: 81/482...
Validation: 82/482...
Validation: 83/482...
Validation: 84/482...
Validation: 85/482...
Validation: 86/482...
Validation: 87/482...
Validation: 88/482...
Validation: 89/482...
Validation: 90/482...
Validation: 91/482...
Validation: 92/482...
Validation: 93/482...
Validation: 94/482...
Validation: 95/482...
Validation: 96/482...
Validation: 97/482...
Validation: 98/482...
Validation: 99/482...
Validation: 100/482...
Validation: 101/482...
Validation: 102/482...
Validation: 103/482...
Validation: 104/482...
Validation: 105/482...
Validation: 106/482...
Validation: 107/482...
Validation: 108/482...
Validation: 109/482...
Validation: 110/482...
Validation: 111/482...
Validation: 112/482...
Validation: 113/482...
Validation: 114/482...
Validation: 115/482...
Validation: 116/482...
Validation: 117/482...
Validation: 118/482...
Validation: 119/482...
Validation: 120/482...
Validation: 121/482...
Validation: 122/482...
Validation: 123/482...
Validation: 124/482...
Validation: 125/482...
Validation: 126/482...
Validation: 127/482...
Validation: 128/482...
Validation: 129/482...
Validation: 130/482...
Validation: 131/482...
Validation: 132/482...
Validation: 133/482...
Validation: 134/482...
Validation: 135/482...
Validation: 136/482...
Validation: 137/482...
Validation: 138/482...
Validation: 139/482...
Validation: 140/482...
Validation: 141/482...
Validation: 142/482...
Validation: 143/482...
Validation: 144/482...
Validation: 145/482...
Validation: 146/482...
Validation: 147/482...
Validation: 148/482...
Validation: 149/482...
Validation: 150/482...
Validation: 151/482...
Validation: 152/482...
Validation: 153/482...
Validation: 154/482...
Validation: 155/482...
Validation: 156/482...
Validation: 157/482...
Validation: 158/482...
Validation: 159/482...
Validation: 160/482...
Validation: 161/482...
Validation: 162/482...
Validation: 163/482...
Validation: 164/482...
Validation: 165/482...
Validation: 166/482...
Validation: 167/482...
Validation: 168/482...
Validation: 169/482...
Validation: 170/482...
Validation: 171/482...
Validation: 172/482...
Validation: 173/482...
Validation: 174/482...
Validation: 175/482...
Validation: 176/482...
Validation: 177/482...
Validation: 178/482...
Validation: 179/482...
Validation: 180/482...
Validation: 181/482...
Validation: 182/482...
Validation: 183/482...
Validation: 184/482...
Validation: 185/482...
Validation: 186/482...
Validation: 187/482...
Validation: 188/482...
Validation: 189/482...
Validation: 190/482...
Validation: 191/482...
Validation: 192/482...
Validation: 193/482...
Validation: 194/482...
Validation: 195/482...
Validation: 196/482...
Validation: 197/482...
Validation: 198/482...
Validation: 199/482...
Validation: 200/482...
Validation: 201/482...
Validation: 202/482...
Validation: 203/482...
Validation: 204/482...
Validation: 205/482...
Validation: 206/482...
Validation: 207/482...
Validation: 208/482...
Validation: 209/482...
Validation: 210/482...
Validation: 211/482...
Validation: 212/482...
Validation: 213/482...
Validation: 214/482...
Validation: 215/482...
Validation: 216/482...
Validation: 217/482...
Validation: 218/482...
Validation: 219/482...
Validation: 220/482...
Validation: 221/482...
Validation: 222/482...
Validation: 223/482...
Validation: 224/482...
Validation: 225/482...
Validation: 226/482...
Validation: 227/482...
Validation: 228/482...
Validation: 229/482...
Validation: 230/482...
Validation: 231/482...
Validation: 232/482...
Validation: 233/482...
Validation: 234/482...
Validation: 235/482...
Validation: 236/482...
Validation: 237/482...
Validation: 238/482...
Validation: 239/482...
Validation: 240/482...
Validation: 241/482...
Validation: 242/482...
Validation: 243/482...
Validation: 244/482...
Validation: 245/482...
Validation: 246/482...
Validation: 247/482...
Validation: 248/482...
Validation: 249/482...
Validation: 250/482...
Validation: 251/482...
Validation: 252/482...
Validation: 253/482...
Validation: 254/482...
Validation: 255/482...
Validation: 256/482...
Validation: 257/482...
Validation: 258/482...
Validation: 259/482...
Validation: 260/482...
Validation: 261/482...
Validation: 262/482...
Validation: 263/482...
Validation: 264/482...
Validation: 265/482...
Validation: 266/482...
Validation: 267/482...
Validation: 268/482...
Validation: 269/482...
Validation: 270/482...
Validation: 271/482...
Validation: 272/482...
Validation: 273/482...
Validation: 274/482...
Validation: 275/482...
Validation: 276/482...
Validation: 277/482...
Validation: 278/482...
Validation: 279/482...
Validation: 280/482...
Validation: 281/482...
Validation: 282/482...
Validation: 283/482...
Validation: 284/482...
Validation: 285/482...
Validation: 286/482...
Validation: 287/482...
Validation: 288/482...
Validation: 289/482...
Validation: 290/482...
Validation: 291/482...
Validation: 292/482...
Validation: 293/482...
Validation: 294/482...
Validation: 295/482...
Validation: 296/482...
Validation: 297/482...
Validation: 298/482...
Validation: 299/482...
Validation: 300/482...
Validation: 301/482...
Validation: 302/482...
Validation: 303/482...
Validation: 304/482...
Validation: 305/482...
Validation: 306/482...
Validation: 307/482...
Validation: 308/482...
Validation: 309/482...
Validation: 310/482...
Validation: 311/482...
Validation: 312/482...
Validation: 313/482...
Validation: 314/482...
Validation: 315/482...
Validation: 316/482...
Validation: 317/482...
Validation: 318/482...
Validation: 319/482...
Validation: 320/482...
Validation: 321/482...
Validation: 322/482...
Validation: 323/482...
Validation: 324/482...
Validation: 325/482...
Validation: 326/482...
Validation: 327/482...
Validation: 328/482...
Validation: 329/482...
Validation: 330/482...
Validation: 331/482...
Validation: 332/482...
Validation: 333/482...
Validation: 334/482...
Validation: 335/482...
Validation: 336/482...
Validation: 337/482...
Validation: 338/482...
Validation: 339/482...
Validation: 340/482...
Validation: 341/482...
Validation: 342/482...
Validation: 343/482...
Validation: 344/482...
Validation: 345/482...
Validation: 346/482...
Validation: 347/482...
Validation: 348/482...
Validation: 349/482...
Validation: 350/482...
Validation: 351/482...
Validation: 352/482...
Validation: 353/482...
Validation: 354/482...
Validation: 355/482...
Validation: 356/482...
Validation: 357/482...
Validation: 358/482...
Validation: 359/482...
Validation: 360/482...
Validation: 361/482...
Validation: 362/482...
Validation: 363/482...
Validation: 364/482...
Validation: 365/482...
Validation: 366/482...
Validation: 367/482...
Validation: 368/482...
Validation: 369/482...
Validation: 370/482...
Validation: 371/482...
Validation: 372/482...
Validation: 373/482...
Validation: 374/482...
Validation: 375/482...
Validation: 376/482...
Validation: 377/482...
Validation: 378/482...
Validation: 379/482...
Validation: 380/482...
Validation: 381/482...
Validation: 382/482...
Validation: 383/482...
Validation: 384/482...
Validation: 385/482...
Validation: 386/482...
Validation: 387/482...
Validation: 388/482...
Validation: 389/482...
Validation: 390/482...
Validation: 391/482...
Validation: 392/482...
Validation: 393/482...
Validation: 394/482...
Validation: 395/482...
Validation: 396/482...
Validation: 397/482...
Validation: 398/482...
Validation: 399/482...
Validation: 400/482...
Validation: 401/482...
Validation: 402/482...
Validation: 403/482...
Validation: 404/482...
Validation: 405/482...
Validation: 406/482...
Validation: 407/482...
Validation: 408/482...
Validation: 409/482...
Validation: 410/482...
Validation: 411/482...
Validation: 412/482...
Validation: 413/482...
Validation: 414/482...
Validation: 415/482...
Validation: 416/482...
Validation: 417/482...
Validation: 418/482...
Validation: 419/482...
Validation: 420/482...
Validation: 421/482...
Validation: 422/482...
Validation: 423/482...
Validation: 424/482...
Validation: 425/482...
Validation: 426/482...
Validation: 427/482...
Validation: 428/482...
Validation: 429/482...
Validation: 430/482...
Validation: 431/482...
Validation: 432/482...
Validation: 433/482...
Validation: 434/482...
Validation: 435/482...
Validation: 436/482...
Validation: 437/482...
Validation: 438/482...
Validation: 439/482...
Validation: 440/482...
Validation: 441/482...
Validation: 442/482...
Validation: 443/482...
Validation: 444/482...
Validation: 445/482...
Validation: 446/482...
Validation: 447/482...
Validation: 448/482...
Validation: 449/482...
Validation: 450/482...
Validation: 451/482...
Validation: 452/482...
Validation: 453/482...
Validation: 454/482...
Validation: 455/482...
Validation: 456/482...
Validation: 457/482...
Validation: 458/482...
Validation: 459/482...
Validation: 460/482...
Validation: 461/482...
Validation: 462/482...
Validation: 463/482...
Validation: 464/482...
Validation: 465/482...
Validation: 466/482...
Validation: 467/482...
Validation: 468/482...
Validation: 469/482...
Validation: 470/482...
Validation: 471/482...
Validation: 472/482...
Validation: 473/482...
Validation: 474/482...
Validation: 475/482...
Validation: 476/482...
Validation: 477/482...
Validation: 478/482...
Validation: 479/482...
Validation: 480/482...
Validation: 481/482...
Validation: 482/482...
Validation Metric: PSNR=12.76, LPIPS=0.7746...
====================================================================================================
Train: 012200/020000, Loss/MSE: t(1):5.6e-03/5.6e-03, t(8):2.0e-01/2.0e-01, t(15):3.3e-01/3.3e-01, lr:5.00e-05
Train: 012400/020000, Loss/MSE: t(1):4.5e-03/4.5e-03, t(8):2.0e-01/2.0e-01, t(15):3.5e-01/3.5e-01, lr:5.00e-05
Train: 012600/020000, Loss/MSE: t(1):4.8e-03/4.8e-03, t(8):2.0e-01/2.0e-01, t(15):3.3e-01/3.3e-01, lr:5.00e-05
Train: 012800/020000, Loss/MSE: t(1):5.1e-03/5.1e-03, t(8):2.0e-01/2.0e-01, t(15):3.5e-01/3.5e-01, lr:5.00e-05
Train: 013000/020000, Loss/MSE: t(1):4.3e-03/4.3e-03, t(8):2.1e-01/2.1e-01, t(15):3.4e-01/3.4e-01, lr:5.00e-05
Train: 013200/020000, Loss/MSE: t(1):4.8e-03/4.8e-03, t(8):2.0e-01/2.0e-01, t(15):3.3e-01/3.3e-01, lr:5.00e-05
Train: 013400/020000, Loss/MSE: t(1):4.4e-03/4.4e-03, t(8):2.0e-01/2.0e-01, t(15):3.2e-01/3.2e-01, lr:5.00e-05
Train: 013600/020000, Loss/MSE: t(1):4.1e-03/4.1e-03, t(8):1.9e-01/1.9e-01, t(15):3.1e-01/3.1e-01, lr:5.00e-05
Train: 013800/020000, Loss/MSE: t(1):4.6e-03/4.6e-03, t(8):2.0e-01/2.0e-01, t(15):3.5e-01/3.5e-01, lr:5.00e-05
Train: 014000/020000, Loss/MSE: t(1):4.5e-03/4.5e-03, t(8):2.0e-01/2.0e-01, t(15):3.6e-01/3.6e-01, lr:5.00e-05
Elapsed time: 1357.22s
====================================================================================================
Validation: 01/482...
Validation: 02/482...
Validation: 03/482...
Validation: 04/482...
Validation: 05/482...
Validation: 06/482...
Validation: 07/482...
Validation: 08/482...
Validation: 09/482...
Validation: 10/482...
Validation: 11/482...
Validation: 12/482...
Validation: 13/482...
Validation: 14/482...
Validation: 15/482...
Validation: 16/482...
Validation: 17/482...
Validation: 18/482...
Validation: 19/482...
Validation: 20/482...
Validation: 21/482...
Validation: 22/482...
Validation: 23/482...
Validation: 24/482...
Validation: 25/482...
Validation: 26/482...
Validation: 27/482...
Validation: 28/482...
Validation: 29/482...
Validation: 30/482...
Validation: 31/482...
Validation: 32/482...
Validation: 33/482...
Validation: 34/482...
Validation: 35/482...
Validation: 36/482...
Validation: 37/482...
Validation: 38/482...
Validation: 39/482...
Validation: 40/482...
Validation: 41/482...
Validation: 42/482...
Validation: 43/482...
Validation: 44/482...
Validation: 45/482...
Validation: 46/482...
Validation: 47/482...
Validation: 48/482...
Validation: 49/482...
Validation: 50/482...
Validation: 51/482...
Validation: 52/482...
Validation: 53/482...
Validation: 54/482...
Validation: 55/482...
Validation: 56/482...
Validation: 57/482...
Validation: 58/482...
Validation: 59/482...
Validation: 60/482...
Validation: 61/482...
Validation: 62/482...
Validation: 63/482...
Validation: 64/482...
Validation: 65/482...
Validation: 66/482...
Validation: 67/482...
Validation: 68/482...
Validation: 69/482...
Validation: 70/482...
Validation: 71/482...
Validation: 72/482...
Validation: 73/482...
Validation: 74/482...
Validation: 75/482...
Validation: 76/482...
Validation: 77/482...
Validation: 78/482...
Validation: 79/482...
Validation: 80/482...
Validation: 81/482...
Validation: 82/482...
Validation: 83/482...
Validation: 84/482...
Validation: 85/482...
Validation: 86/482...
Validation: 87/482...
Validation: 88/482...
Validation: 89/482...
Validation: 90/482...
Validation: 91/482...
Validation: 92/482...
Validation: 93/482...
Validation: 94/482...
Validation: 95/482...
Validation: 96/482...
Validation: 97/482...
Validation: 98/482...
Validation: 99/482...
Validation: 100/482...
Validation: 101/482...
Validation: 102/482...
Validation: 103/482...
Validation: 104/482...
Validation: 105/482...
Validation: 106/482...
Validation: 107/482...
Validation: 108/482...
Validation: 109/482...
Validation: 110/482...
Validation: 111/482...
Validation: 112/482...
Validation: 113/482...
Validation: 114/482...
Validation: 115/482...
Validation: 116/482...
Validation: 117/482...
Validation: 118/482...
Validation: 119/482...
Validation: 120/482...
Validation: 121/482...
Validation: 122/482...
Validation: 123/482...
Validation: 124/482...
Validation: 125/482...
Validation: 126/482...
Validation: 127/482...
Validation: 128/482...
Validation: 129/482...
Validation: 130/482...
Validation: 131/482...
Validation: 132/482...
Validation: 133/482...
Validation: 134/482...
Validation: 135/482...
Validation: 136/482...
Validation: 137/482...
Validation: 138/482...
Validation: 139/482...
Validation: 140/482...
Validation: 141/482...
Validation: 142/482...
Validation: 143/482...
Validation: 144/482...
Validation: 145/482...
Validation: 146/482...
Validation: 147/482...
Validation: 148/482...
Validation: 149/482...
Validation: 150/482...
Validation: 151/482...
Validation: 152/482...
Validation: 153/482...
Validation: 154/482...
Validation: 155/482...
Validation: 156/482...
Validation: 157/482...
Validation: 158/482...
Validation: 159/482...
Validation: 160/482...
Validation: 161/482...
Validation: 162/482...
Validation: 163/482...
Validation: 164/482...
Validation: 165/482...
Validation: 166/482...
Validation: 167/482...
Validation: 168/482...
Validation: 169/482...
Validation: 170/482...
Validation: 171/482...
Validation: 172/482...
Validation: 173/482...
Validation: 174/482...
Validation: 175/482...
Validation: 176/482...
Validation: 177/482...
Validation: 178/482...
Validation: 179/482...
Validation: 180/482...
Validation: 181/482...
Validation: 182/482...
Validation: 183/482...
Validation: 184/482...
Validation: 185/482...
Validation: 186/482...
Validation: 187/482...
Validation: 188/482...
Validation: 189/482...
Validation: 190/482...
Validation: 191/482...
Validation: 192/482...
Validation: 193/482...
Validation: 194/482...
Validation: 195/482...
Validation: 196/482...
Validation: 197/482...
Validation: 198/482...
Validation: 199/482...
Validation: 200/482...
Validation: 201/482...
Validation: 202/482...
Validation: 203/482...
Validation: 204/482...
Validation: 205/482...
Validation: 206/482...
Validation: 207/482...
Validation: 208/482...
Validation: 209/482...
Validation: 210/482...
Validation: 211/482...
Validation: 212/482...
Validation: 213/482...
Validation: 214/482...
Validation: 215/482...
Validation: 216/482...
Validation: 217/482...
Validation: 218/482...
Validation: 219/482...
Validation: 220/482...
Validation: 221/482...
Validation: 222/482...
Validation: 223/482...
Validation: 224/482...
Validation: 225/482...
Validation: 226/482...
Validation: 227/482...
Validation: 228/482...
Validation: 229/482...
Validation: 230/482...
Validation: 231/482...
Validation: 232/482...
Validation: 233/482...
Validation: 234/482...
Validation: 235/482...
Validation: 236/482...
Validation: 237/482...
Validation: 238/482...
Validation: 239/482...
Validation: 240/482...
Validation: 241/482...
Validation: 242/482...
Validation: 243/482...
Validation: 244/482...
Validation: 245/482...
Validation: 246/482...
Validation: 247/482...
Validation: 248/482...
Validation: 249/482...
Validation: 250/482...
Validation: 251/482...
Validation: 252/482...
Validation: 253/482...
Validation: 254/482...
Validation: 255/482...
Validation: 256/482...
Validation: 257/482...
Validation: 258/482...
Validation: 259/482...
Validation: 260/482...
Validation: 261/482...
Validation: 262/482...
Validation: 263/482...
Validation: 264/482...
Validation: 265/482...
Validation: 266/482...
Validation: 267/482...
Validation: 268/482...
Validation: 269/482...
Validation: 270/482...
Validation: 271/482...
Validation: 272/482...
Validation: 273/482...
Validation: 274/482...
Validation: 275/482...
Validation: 276/482...
Validation: 277/482...
Validation: 278/482...
Validation: 279/482...
Validation: 280/482...
Validation: 281/482...
Validation: 282/482...
Validation: 283/482...
Validation: 284/482...
Validation: 285/482...
Validation: 286/482...
Validation: 287/482...
Validation: 288/482...
Validation: 289/482...
Validation: 290/482...
Validation: 291/482...
Validation: 292/482...
Validation: 293/482...
Validation: 294/482...
Validation: 295/482...
Validation: 296/482...
Validation: 297/482...
Validation: 298/482...
Validation: 299/482...
Validation: 300/482...
Validation: 301/482...
Validation: 302/482...
Validation: 303/482...
Validation: 304/482...
Validation: 305/482...
Validation: 306/482...
Validation: 307/482...
Validation: 308/482...
Validation: 309/482...
Validation: 310/482...
Validation: 311/482...
Validation: 312/482...
Validation: 313/482...
Validation: 314/482...
Validation: 315/482...
Validation: 316/482...
Validation: 317/482...
Validation: 318/482...
Validation: 319/482...
Validation: 320/482...
Validation: 321/482...
Validation: 322/482...
Validation: 323/482...
Validation: 324/482...
Validation: 325/482...
Validation: 326/482...
Validation: 327/482...
Validation: 328/482...
Validation: 329/482...
Validation: 330/482...
Validation: 331/482...
Validation: 332/482...
Validation: 333/482...
Validation: 334/482...
Validation: 335/482...
Validation: 336/482...
Validation: 337/482...
Validation: 338/482...
Validation: 339/482...
Validation: 340/482...
Validation: 341/482...
Validation: 342/482...
Validation: 343/482...
Validation: 344/482...
Validation: 345/482...
Validation: 346/482...
Validation: 347/482...
Validation: 348/482...
Validation: 349/482...
Validation: 350/482...
Validation: 351/482...
Validation: 352/482...
Validation: 353/482...
Validation: 354/482...
Validation: 355/482...
Validation: 356/482...
Validation: 357/482...
Validation: 358/482...
Validation: 359/482...
Validation: 360/482...
Validation: 361/482...
Validation: 362/482...
Validation: 363/482...
Validation: 364/482...
Validation: 365/482...
Validation: 366/482...
Validation: 367/482...
Validation: 368/482...
Validation: 369/482...
Validation: 370/482...
Validation: 371/482...
Validation: 372/482...
Validation: 373/482...
Validation: 374/482...
Validation: 375/482...
Validation: 376/482...
Validation: 377/482...
Validation: 378/482...
Validation: 379/482...
Validation: 380/482...
Validation: 381/482...
Validation: 382/482...
Validation: 383/482...
Validation: 384/482...
Validation: 385/482...
Validation: 386/482...
Validation: 387/482...
Validation: 388/482...
Validation: 389/482...
Validation: 390/482...
Validation: 391/482...
Validation: 392/482...
Validation: 393/482...
Validation: 394/482...
Validation: 395/482...
Validation: 396/482...
Validation: 397/482...
Validation: 398/482...
Validation: 399/482...
Validation: 400/482...
Validation: 401/482...
Validation: 402/482...
Validation: 403/482...
Validation: 404/482...
Validation: 405/482...
Validation: 406/482...
Validation: 407/482...
Validation: 408/482...
Validation: 409/482...
Validation: 410/482...
Validation: 411/482...
Validation: 412/482...
Validation: 413/482...
Validation: 414/482...
Validation: 415/482...
Validation: 416/482...
Validation: 417/482...
Validation: 418/482...
Validation: 419/482...
Validation: 420/482...
Validation: 421/482...
Validation: 422/482...
Validation: 423/482...
Validation: 424/482...
Validation: 425/482...
Validation: 426/482...
Validation: 427/482...
Validation: 428/482...
Validation: 429/482...
Validation: 430/482...
Validation: 431/482...
Validation: 432/482...
Validation: 433/482...
Validation: 434/482...
Validation: 435/482...
Validation: 436/482...
Validation: 437/482...
Validation: 438/482...
Validation: 439/482...
Validation: 440/482...
Validation: 441/482...
Validation: 442/482...
Validation: 443/482...
Validation: 444/482...
Validation: 445/482...
Validation: 446/482...
Validation: 447/482...
Validation: 448/482...
Validation: 449/482...
Validation: 450/482...
Validation: 451/482...
Validation: 452/482...
Validation: 453/482...
Validation: 454/482...
Validation: 455/482...
Validation: 456/482...
Validation: 457/482...
Validation: 458/482...
Validation: 459/482...
Validation: 460/482...
Validation: 461/482...
Validation: 462/482...
Validation: 463/482...
Validation: 464/482...
Validation: 465/482...
Validation: 466/482...
Validation: 467/482...
Validation: 468/482...
Validation: 469/482...
Validation: 470/482...
Validation: 471/482...
Validation: 472/482...
Validation: 473/482...
Validation: 474/482...
Validation: 475/482...
Validation: 476/482...
Validation: 477/482...
Validation: 478/482...
Validation: 479/482...
Validation: 480/482...
Validation: 481/482...
Validation: 482/482...
Validation Metric: PSNR=12.74, LPIPS=0.7762...
====================================================================================================
Train: 014200/020000, Loss/MSE: t(1):4.4e-03/4.4e-03, t(8):1.9e-01/1.9e-01, t(15):3.2e-01/3.2e-01, lr:5.00e-05
Train: 014400/020000, Loss/MSE: t(1):4.6e-03/4.6e-03, t(8):1.9e-01/1.9e-01, t(15):3.6e-01/3.6e-01, lr:5.00e-05
Train: 014600/020000, Loss/MSE: t(1):4.2e-03/4.2e-03, t(8):1.9e-01/1.9e-01, t(15):3.3e-01/3.3e-01, lr:5.00e-05
Train: 014800/020000, Loss/MSE: t(1):4.7e-03/4.7e-03, t(8):2.0e-01/2.0e-01, t(15):3.2e-01/3.2e-01, lr:5.00e-05
Train: 015000/020000, Loss/MSE: t(1):4.6e-03/4.6e-03, t(8):1.9e-01/1.9e-01, t(15):3.4e-01/3.4e-01, lr:5.00e-05
Train: 015200/020000, Loss/MSE: t(1):4.4e-03/4.4e-03, t(8):1.9e-01/1.9e-01, t(15):3.0e-01/3.0e-01, lr:5.00e-05
Train: 015400/020000, Loss/MSE: t(1):4.6e-03/4.6e-03, t(8):1.9e-01/1.9e-01, t(15):3.3e-01/3.3e-01, lr:5.00e-05
Train: 015600/020000, Loss/MSE: t(1):4.2e-03/4.2e-03, t(8):1.9e-01/1.9e-01, t(15):3.6e-01/3.6e-01, lr:5.00e-05
Train: 015800/020000, Loss/MSE: t(1):4.1e-03/4.1e-03, t(8):2.0e-01/2.0e-01, t(15):3.3e-01/3.3e-01, lr:5.00e-05
Train: 016000/020000, Loss/MSE: t(1):4.2e-03/4.2e-03, t(8):2.0e-01/2.0e-01, t(15):3.3e-01/3.3e-01, lr:5.00e-05
Elapsed time: 1343.80s
====================================================================================================
Validation: 01/482...
Validation: 02/482...
Validation: 03/482...
Validation: 04/482...
Validation: 05/482...
Validation: 06/482...
Validation: 07/482...
Validation: 08/482...
Validation: 09/482...
Validation: 10/482...
Validation: 11/482...
Validation: 12/482...
Validation: 13/482...
Validation: 14/482...
Validation: 15/482...
Validation: 16/482...
Validation: 17/482...
Validation: 18/482...
Validation: 19/482...
Validation: 20/482...
Validation: 21/482...
Validation: 22/482...
Validation: 23/482...
Validation: 24/482...
Validation: 25/482...
Validation: 26/482...
Validation: 27/482...
Validation: 28/482...
Validation: 29/482...
Validation: 30/482...
Validation: 31/482...
Validation: 32/482...
Validation: 33/482...
Validation: 34/482...
Validation: 35/482...
Validation: 36/482...
Validation: 37/482...
Validation: 38/482...
Validation: 39/482...
Validation: 40/482...
Validation: 41/482...
Validation: 42/482...
Validation: 43/482...
Validation: 44/482...
Validation: 45/482...
Validation: 46/482...
Validation: 47/482...
Validation: 48/482...
Validation: 49/482...
Validation: 50/482...
Validation: 51/482...
Validation: 52/482...
Validation: 53/482...
Validation: 54/482...
Validation: 55/482...
Validation: 56/482...
Validation: 57/482...
Validation: 58/482...
Validation: 59/482...
Validation: 60/482...
Validation: 61/482...
Validation: 62/482...
Validation: 63/482...
Validation: 64/482...
Validation: 65/482...
Validation: 66/482...
Validation: 67/482...
Validation: 68/482...
Validation: 69/482...
Validation: 70/482...
Validation: 71/482...
Validation: 72/482...
Validation: 73/482...
Validation: 74/482...
Validation: 75/482...
Validation: 76/482...
Validation: 77/482...
Validation: 78/482...
Validation: 79/482...
Validation: 80/482...
Validation: 81/482...
Validation: 82/482...
Validation: 83/482...
Validation: 84/482...
Validation: 85/482...
Validation: 86/482...
Validation: 87/482...
Validation: 88/482...
Validation: 89/482...
Validation: 90/482...
Validation: 91/482...
Validation: 92/482...
Validation: 93/482...
Validation: 94/482...
Validation: 95/482...
Validation: 96/482...
Validation: 97/482...
Validation: 98/482...
Validation: 99/482...
Validation: 100/482...
Validation: 101/482...
Validation: 102/482...
Validation: 103/482...
Validation: 104/482...
Validation: 105/482...
Validation: 106/482...
Validation: 107/482...
Validation: 108/482...
Validation: 109/482...
Validation: 110/482...
Validation: 111/482...
Validation: 112/482...
Validation: 113/482...
Validation: 114/482...
Validation: 115/482...
Validation: 116/482...
Validation: 117/482...
Validation: 118/482...
Validation: 119/482...
Validation: 120/482...
Validation: 121/482...
Validation: 122/482...
Validation: 123/482...
Validation: 124/482...
Validation: 125/482...
Validation: 126/482...
Validation: 127/482...
Validation: 128/482...
Validation: 129/482...
Validation: 130/482...
Validation: 131/482...
Validation: 132/482...
Validation: 133/482...
Validation: 134/482...
Validation: 135/482...
Validation: 136/482...
Validation: 137/482...
Validation: 138/482...
Validation: 139/482...
Validation: 140/482...
Validation: 141/482...
Validation: 142/482...
Validation: 143/482...
Validation: 144/482...
Validation: 145/482...
Validation: 146/482...
Validation: 147/482...
Validation: 148/482...
Validation: 149/482...
Validation: 150/482...
Validation: 151/482...
Validation: 152/482...
Validation: 153/482...
Validation: 154/482...
Validation: 155/482...
Validation: 156/482...
Validation: 157/482...
Validation: 158/482...
Validation: 159/482...
Validation: 160/482...
Validation: 161/482...
Validation: 162/482...
Validation: 163/482...
Validation: 164/482...
Validation: 165/482...
Validation: 166/482...
Validation: 167/482...
Validation: 168/482...
Validation: 169/482...
Validation: 170/482...
Validation: 171/482...
Validation: 172/482...
Validation: 173/482...
Validation: 174/482...
Validation: 175/482...
Validation: 176/482...
Validation: 177/482...
Validation: 178/482...
Validation: 179/482...
Validation: 180/482...
Validation: 181/482...
Validation: 182/482...
Validation: 183/482...
Validation: 184/482...
Validation: 185/482...
Validation: 186/482...
Validation: 187/482...
Validation: 188/482...
Validation: 189/482...
Validation: 190/482...
Validation: 191/482...
Validation: 192/482...
Validation: 193/482...
Validation: 194/482...
Validation: 195/482...
Validation: 196/482...
Validation: 197/482...
Validation: 198/482...
Validation: 199/482...
Validation: 200/482...
Validation: 201/482...
Validation: 202/482...
Validation: 203/482...
Validation: 204/482...
Validation: 205/482...
Validation: 206/482...
Validation: 207/482...
Validation: 208/482...
Validation: 209/482...
Validation: 210/482...
Validation: 211/482...
Validation: 212/482...
Validation: 213/482...
Validation: 214/482...
Validation: 215/482...
Validation: 216/482...
Validation: 217/482...
Validation: 218/482...
Validation: 219/482...
Validation: 220/482...
Validation: 221/482...
Validation: 222/482...
Validation: 223/482...
Validation: 224/482...
Validation: 225/482...
Validation: 226/482...
Validation: 227/482...
Validation: 228/482...
Validation: 229/482...
Validation: 230/482...
Validation: 231/482...
Validation: 232/482...
Validation: 233/482...
Validation: 234/482...
Validation: 235/482...
Validation: 236/482...
Validation: 237/482...
Validation: 238/482...
Validation: 239/482...
Validation: 240/482...
Validation: 241/482...
Validation: 242/482...
Validation: 243/482...
Validation: 244/482...
Validation: 245/482...
Validation: 246/482...
Validation: 247/482...
Validation: 248/482...
Validation: 249/482...
Validation: 250/482...
Validation: 251/482...
Validation: 252/482...
Validation: 253/482...
Validation: 254/482...
Validation: 255/482...
Validation: 256/482...
Validation: 257/482...
Validation: 258/482...
Validation: 259/482...
Validation: 260/482...
Validation: 261/482...
Validation: 262/482...
Validation: 263/482...
Validation: 264/482...
Validation: 265/482...
Validation: 266/482...
Validation: 267/482...
Validation: 268/482...
Validation: 269/482...
Validation: 270/482...
Validation: 271/482...
Validation: 272/482...
Validation: 273/482...
Validation: 274/482...
Validation: 275/482...
Validation: 276/482...
Validation: 277/482...
Validation: 278/482...
Validation: 279/482...
Validation: 280/482...
Validation: 281/482...
Validation: 282/482...
Validation: 283/482...
Validation: 284/482...
Validation: 285/482...
Validation: 286/482...
Validation: 287/482...
Validation: 288/482...
Validation: 289/482...
Validation: 290/482...
Validation: 291/482...
Validation: 292/482...
Validation: 293/482...
Validation: 294/482...
Validation: 295/482...
Validation: 296/482...
Validation: 297/482...
Validation: 298/482...
Validation: 299/482...
Validation: 300/482...
Validation: 301/482...
Validation: 302/482...
Validation: 303/482...
Validation: 304/482...
Validation: 305/482...
Validation: 306/482...
Validation: 307/482...
Validation: 308/482...
Validation: 309/482...
Validation: 310/482...
Validation: 311/482...
Validation: 312/482...
Validation: 313/482...
Validation: 314/482...
Validation: 315/482...
Validation: 316/482...
Validation: 317/482...
Validation: 318/482...
Validation: 319/482...
Validation: 320/482...
Validation: 321/482...
Validation: 322/482...
Validation: 323/482...
Validation: 324/482...
Validation: 325/482...
Validation: 326/482...
Validation: 327/482...
Validation: 328/482...
Validation: 329/482...
Validation: 330/482...
Validation: 331/482...
Validation: 332/482...
Validation: 333/482...
Validation: 334/482...
Validation: 335/482...
Validation: 336/482...
Validation: 337/482...
Validation: 338/482...
Validation: 339/482...
Validation: 340/482...
Validation: 341/482...
Validation: 342/482...
Validation: 343/482...
Validation: 344/482...
Validation: 345/482...
Validation: 346/482...
Validation: 347/482...
Validation: 348/482...
Validation: 349/482...
Validation: 350/482...
Validation: 351/482...
Validation: 352/482...
Validation: 353/482...
Validation: 354/482...
Validation: 355/482...
Validation: 356/482...
Validation: 357/482...
Validation: 358/482...
Validation: 359/482...
Validation: 360/482...
Validation: 361/482...
Validation: 362/482...
Validation: 363/482...
Validation: 364/482...
Validation: 365/482...
Validation: 366/482...
Validation: 367/482...
Validation: 368/482...
Validation: 369/482...
Validation: 370/482...
Validation: 371/482...
Validation: 372/482...
Validation: 373/482...
Validation: 374/482...
Validation: 375/482...
Validation: 376/482...
Validation: 377/482...
Validation: 378/482...
Validation: 379/482...
Validation: 380/482...
Validation: 381/482...
Validation: 382/482...
Validation: 383/482...
Validation: 384/482...
Validation: 385/482...
Validation: 386/482...
Validation: 387/482...
Validation: 388/482...
Validation: 389/482...
Validation: 390/482...
Validation: 391/482...
Validation: 392/482...
Validation: 393/482...
Validation: 394/482...
Validation: 395/482...
Validation: 396/482...
Validation: 397/482...
Validation: 398/482...
Validation: 399/482...
Validation: 400/482...
Validation: 401/482...
Validation: 402/482...
Validation: 403/482...
Validation: 404/482...
Validation: 405/482...
Validation: 406/482...
Validation: 407/482...
Validation: 408/482...
Validation: 409/482...
Validation: 410/482...
Validation: 411/482...
Validation: 412/482...
Validation: 413/482...
Validation: 414/482...
Validation: 415/482...
Validation: 416/482...
Validation: 417/482...
Validation: 418/482...
Validation: 419/482...
Validation: 420/482...
Validation: 421/482...
Validation: 422/482...
Validation: 423/482...
Validation: 424/482...
Validation: 425/482...
Validation: 426/482...
Validation: 427/482...
Validation: 428/482...
Validation: 429/482...
Validation: 430/482...
Validation: 431/482...
Validation: 432/482...
Validation: 433/482...
Validation: 434/482...
Validation: 435/482...
Validation: 436/482...
Validation: 437/482...
Validation: 438/482...
Validation: 439/482...
Validation: 440/482...
Validation: 441/482...
Validation: 442/482...
Validation: 443/482...
Validation: 444/482...
Validation: 445/482...
Validation: 446/482...
Validation: 447/482...
Validation: 448/482...
Validation: 449/482...
Validation: 450/482...
Validation: 451/482...
Validation: 452/482...
Validation: 453/482...
Validation: 454/482...
Validation: 455/482...
Validation: 456/482...
Validation: 457/482...
Validation: 458/482...
Validation: 459/482...
Validation: 460/482...
Validation: 461/482...
Validation: 462/482...
Validation: 463/482...
Validation: 464/482...
Validation: 465/482...
Validation: 466/482...
Validation: 467/482...
Validation: 468/482...
Validation: 469/482...
Validation: 470/482...
Validation: 471/482...
Validation: 472/482...
Validation: 473/482...
Validation: 474/482...
Validation: 475/482...
Validation: 476/482...
Validation: 477/482...
Validation: 478/482...
Validation: 479/482...
Validation: 480/482...
Validation: 481/482...
Validation: 482/482...
Validation Metric: PSNR=12.58, LPIPS=0.7786...
====================================================================================================
Train: 016200/020000, Loss/MSE: t(1):4.3e-03/4.3e-03, t(8):2.0e-01/2.0e-01, t(15):3.1e-01/3.1e-01, lr:5.00e-05
Train: 016400/020000, Loss/MSE: t(1):4.0e-03/4.0e-03, t(8):1.9e-01/1.9e-01, t(15):3.4e-01/3.4e-01, lr:5.00e-05
Train: 016600/020000, Loss/MSE: t(1):3.8e-03/3.8e-03, t(8):2.0e-01/2.0e-01, t(15):3.3e-01/3.3e-01, lr:5.00e-05
Train: 016800/020000, Loss/MSE: t(1):4.0e-03/4.0e-03, t(8):2.0e-01/2.0e-01, t(15):3.1e-01/3.1e-01, lr:5.00e-05
Train: 017000/020000, Loss/MSE: t(1):4.2e-03/4.2e-03, t(8):1.9e-01/1.9e-01, t(15):3.1e-01/3.1e-01, lr:5.00e-05
Train: 017200/020000, Loss/MSE: t(1):4.0e-03/4.0e-03, t(8):2.0e-01/2.0e-01, t(15):3.2e-01/3.2e-01, lr:5.00e-05
Train: 017400/020000, Loss/MSE: t(1):3.9e-03/3.9e-03, t(8):2.0e-01/2.0e-01, t(15):3.2e-01/3.2e-01, lr:5.00e-05
Train: 017600/020000, Loss/MSE: t(1):4.0e-03/4.0e-03, t(8):1.9e-01/1.9e-01, t(15):3.2e-01/3.2e-01, lr:5.00e-05
Train: 017800/020000, Loss/MSE: t(1):3.9e-03/3.9e-03, t(8):2.0e-01/2.0e-01, t(15):3.4e-01/3.4e-01, lr:5.00e-05
Train: 018000/020000, Loss/MSE: t(1):3.9e-03/3.9e-03, t(8):1.9e-01/1.9e-01, t(15):3.3e-01/3.3e-01, lr:5.00e-05
Elapsed time: 1340.67s
====================================================================================================
Validation: 01/482...
Validation: 02/482...
Validation: 03/482...
Validation: 04/482...
Validation: 05/482...
Validation: 06/482...
Validation: 07/482...
Validation: 08/482...
Validation: 09/482...
Validation: 10/482...
Validation: 11/482...
Validation: 12/482...
Validation: 13/482...
Validation: 14/482...
Validation: 15/482...
Validation: 16/482...
Validation: 17/482...
Validation: 18/482...
Validation: 19/482...
Validation: 20/482...
Validation: 21/482...
Validation: 22/482...
Validation: 23/482...
Validation: 24/482...
Validation: 25/482...
Validation: 26/482...
Validation: 27/482...
Validation: 28/482...
Validation: 29/482...
Validation: 30/482...
Validation: 31/482...
Validation: 32/482...
Validation: 33/482...
Validation: 34/482...
Validation: 35/482...
Validation: 36/482...
Validation: 37/482...
Validation: 38/482...
Validation: 39/482...
Validation: 40/482...
Validation: 41/482...
Validation: 42/482...
Validation: 43/482...
Validation: 44/482...
Validation: 45/482...
Validation: 46/482...
Validation: 47/482...
Validation: 48/482...
Validation: 49/482...
Validation: 50/482...
Validation: 51/482...
Validation: 52/482...
Validation: 53/482...
Validation: 54/482...
Validation: 55/482...
Validation: 56/482...
Validation: 57/482...
Validation: 58/482...
Validation: 59/482...
Validation: 60/482...
Validation: 61/482...
Validation: 62/482...
Validation: 63/482...
Validation: 64/482...
Validation: 65/482...
Validation: 66/482...
Validation: 67/482...
Validation: 68/482...
Validation: 69/482...
Validation: 70/482...
Validation: 71/482...
Validation: 72/482...
Validation: 73/482...
Validation: 74/482...
Validation: 75/482...
Validation: 76/482...
Validation: 77/482...
Validation: 78/482...
Validation: 79/482...
Validation: 80/482...
Validation: 81/482...
Validation: 82/482...
Validation: 83/482...
Validation: 84/482...
Validation: 85/482...
Validation: 86/482...
Validation: 87/482...
Validation: 88/482...
Validation: 89/482...
Validation: 90/482...
Validation: 91/482...
Validation: 92/482...
Validation: 93/482...
Validation: 94/482...
Validation: 95/482...
Validation: 96/482...
Validation: 97/482...
Validation: 98/482...
Validation: 99/482...
Validation: 100/482...
Validation: 101/482...
Validation: 102/482...
Validation: 103/482...
Validation: 104/482...
Validation: 105/482...
Validation: 106/482...
Validation: 107/482...
Validation: 108/482...
Validation: 109/482...
Validation: 110/482...
Validation: 111/482...
Validation: 112/482...
Validation: 113/482...
Validation: 114/482...
Validation: 115/482...
Validation: 116/482...
Validation: 117/482...
Validation: 118/482...
Validation: 119/482...
Validation: 120/482...
Validation: 121/482...
Validation: 122/482...
Validation: 123/482...
Validation: 124/482...
Validation: 125/482...
Validation: 126/482...
Validation: 127/482...
Validation: 128/482...
Validation: 129/482...
Validation: 130/482...
Validation: 131/482...
Validation: 132/482...
Validation: 133/482...
Validation: 134/482...
Validation: 135/482...
Validation: 136/482...
Validation: 137/482...
Validation: 138/482...
Validation: 139/482...
Validation: 140/482...
Validation: 141/482...
Validation: 142/482...
Validation: 143/482...
Validation: 144/482...
Validation: 145/482...
Validation: 146/482...
Validation: 147/482...
Validation: 148/482...
Validation: 149/482...
Validation: 150/482...
Validation: 151/482...
Validation: 152/482...
Validation: 153/482...
Validation: 154/482...
Validation: 155/482...
Validation: 156/482...
Validation: 157/482...
Validation: 158/482...
Validation: 159/482...
Validation: 160/482...
Validation: 161/482...
Validation: 162/482...
Validation: 163/482...
Validation: 164/482...
Validation: 165/482...
Validation: 166/482...
Validation: 167/482...
Validation: 168/482...
Validation: 169/482...
Validation: 170/482...
Validation: 171/482...
Validation: 172/482...
Validation: 173/482...
Validation: 174/482...
Validation: 175/482...
Validation: 176/482...
Validation: 177/482...
Validation: 178/482...
Validation: 179/482...
Validation: 180/482...
Validation: 181/482...
Validation: 182/482...
Validation: 183/482...
Validation: 184/482...
Validation: 185/482...
Validation: 186/482...
Validation: 187/482...
Validation: 188/482...
Validation: 189/482...
Validation: 190/482...
Validation: 191/482...
Validation: 192/482...
Validation: 193/482...
Validation: 194/482...
Validation: 195/482...
Validation: 196/482...
Validation: 197/482...
Validation: 198/482...
Validation: 199/482...
Validation: 200/482...
Validation: 201/482...
Validation: 202/482...
Validation: 203/482...
Validation: 204/482...
Validation: 205/482...
Validation: 206/482...
Validation: 207/482...
Validation: 208/482...
Validation: 209/482...
Validation: 210/482...
Validation: 211/482...
Validation: 212/482...
Validation: 213/482...
Validation: 214/482...
Validation: 215/482...
Validation: 216/482...
Validation: 217/482...
Validation: 218/482...
Validation: 219/482...
Validation: 220/482...
Validation: 221/482...
Validation: 222/482...
Validation: 223/482...
Validation: 224/482...
Validation: 225/482...
Validation: 226/482...
Validation: 227/482...
Validation: 228/482...
Validation: 229/482...
Validation: 230/482...
Validation: 231/482...
Validation: 232/482...
Validation: 233/482...
Validation: 234/482...
Validation: 235/482...
Validation: 236/482...
Validation: 237/482...
Validation: 238/482...
Validation: 239/482...
Validation: 240/482...
Validation: 241/482...
Validation: 242/482...
Validation: 243/482...
Validation: 244/482...
Validation: 245/482...
Validation: 246/482...
Validation: 247/482...
Validation: 248/482...
Validation: 249/482...
Validation: 250/482...
Validation: 251/482...
Validation: 252/482...
Validation: 253/482...
Validation: 254/482...
Validation: 255/482...
Validation: 256/482...
Validation: 257/482...
Validation: 258/482...
Validation: 259/482...
Validation: 260/482...
Validation: 261/482...
Validation: 262/482...
Validation: 263/482...
Validation: 264/482...
Validation: 265/482...
Validation: 266/482...
Validation: 267/482...
Validation: 268/482...
Validation: 269/482...
Validation: 270/482...
Validation: 271/482...
Validation: 272/482...
Validation: 273/482...
Validation: 274/482...
Validation: 275/482...
Validation: 276/482...
Validation: 277/482...
Validation: 278/482...
Validation: 279/482...
Validation: 280/482...
Validation: 281/482...
Validation: 282/482...
Validation: 283/482...
Validation: 284/482...
Validation: 285/482...
Validation: 286/482...
Validation: 287/482...
Validation: 288/482...
Validation: 289/482...
Validation: 290/482...
Validation: 291/482...
Validation: 292/482...
Validation: 293/482...
Validation: 294/482...
Validation: 295/482...
Validation: 296/482...
Validation: 297/482...
Validation: 298/482...
Validation: 299/482...
Validation: 300/482...
Validation: 301/482...
Validation: 302/482...
Validation: 303/482...
Validation: 304/482...
Validation: 305/482...
Validation: 306/482...
Validation: 307/482...
Validation: 308/482...
Validation: 309/482...
Validation: 310/482...
Validation: 311/482...
Validation: 312/482...
Validation: 313/482...
Validation: 314/482...
Validation: 315/482...
Validation: 316/482...
Validation: 317/482...
Validation: 318/482...
Validation: 319/482...
Validation: 320/482...
Validation: 321/482...
Validation: 322/482...
Validation: 323/482...
Validation: 324/482...
Validation: 325/482...
Validation: 326/482...
Validation: 327/482...
Validation: 328/482...
Validation: 329/482...
Validation: 330/482...
Validation: 331/482...
Validation: 332/482...
Validation: 333/482...
Validation: 334/482...
Validation: 335/482...
Validation: 336/482...
Validation: 337/482...
Validation: 338/482...
Validation: 339/482...
Validation: 340/482...
Validation: 341/482...
Validation: 342/482...
Validation: 343/482...
Validation: 344/482...
Validation: 345/482...
Validation: 346/482...
Validation: 347/482...
Validation: 348/482...
Validation: 349/482...
Validation: 350/482...
Validation: 351/482...
Validation: 352/482...
Validation: 353/482...
Validation: 354/482...
Validation: 355/482...
Validation: 356/482...
Validation: 357/482...
Validation: 358/482...
Validation: 359/482...
Validation: 360/482...
Validation: 361/482...
Validation: 362/482...
Validation: 363/482...
Validation: 364/482...
Validation: 365/482...
Validation: 366/482...
Validation: 367/482...
Validation: 368/482...
Validation: 369/482...
Validation: 370/482...
Validation: 371/482...
Validation: 372/482...
Validation: 373/482...
Validation: 374/482...
Validation: 375/482...
Validation: 376/482...
Validation: 377/482...
Validation: 378/482...
Validation: 379/482...
Validation: 380/482...
Validation: 381/482...
Validation: 382/482...
Validation: 383/482...
Validation: 384/482...
Validation: 385/482...
Validation: 386/482...
Validation: 387/482...
Validation: 388/482...
Validation: 389/482...
Validation: 390/482...
Validation: 391/482...
Validation: 392/482...
Validation: 393/482...
Validation: 394/482...
Validation: 395/482...
Validation: 396/482...
Validation: 397/482...
Validation: 398/482...
Validation: 399/482...
Validation: 400/482...
Validation: 401/482...
Validation: 402/482...
Validation: 403/482...
Validation: 404/482...
Validation: 405/482...
Validation: 406/482...
Validation: 407/482...
Validation: 408/482...
Validation: 409/482...
Validation: 410/482...
Validation: 411/482...
Validation: 412/482...
Validation: 413/482...
Validation: 414/482...
Validation: 415/482...
Validation: 416/482...
Validation: 417/482...
Validation: 418/482...
Validation: 419/482...
Validation: 420/482...
Validation: 421/482...
Validation: 422/482...
Validation: 423/482...
Validation: 424/482...
Validation: 425/482...
Validation: 426/482...
Validation: 427/482...
Validation: 428/482...
Validation: 429/482...
Validation: 430/482...
Validation: 431/482...
Validation: 432/482...
Validation: 433/482...
Validation: 434/482...
Validation: 435/482...
Validation: 436/482...
Validation: 437/482...
Validation: 438/482...
Validation: 439/482...
Validation: 440/482...
Validation: 441/482...
Validation: 442/482...
Validation: 443/482...
Validation: 444/482...
Validation: 445/482...
Validation: 446/482...
Validation: 447/482...
Validation: 448/482...
Validation: 449/482...
Validation: 450/482...
Validation: 451/482...
Validation: 452/482...
Validation: 453/482...
Validation: 454/482...
Validation: 455/482...
Validation: 456/482...
Validation: 457/482...
Validation: 458/482...
Validation: 459/482...
Validation: 460/482...
Validation: 461/482...
Validation: 462/482...
Validation: 463/482...
Validation: 464/482...
Validation: 465/482...
Validation: 466/482...
Validation: 467/482...
Validation: 468/482...
Validation: 469/482...
Validation: 470/482...
Validation: 471/482...
Validation: 472/482...
Validation: 473/482...
Validation: 474/482...
Validation: 475/482...
Validation: 476/482...
Validation: 477/482...
Validation: 478/482...
Validation: 479/482...
Validation: 480/482...
Validation: 481/482...
Validation: 482/482...
Validation Metric: PSNR=12.61, LPIPS=0.7783...
====================================================================================================
Train: 018200/020000, Loss/MSE: t(1):3.8e-03/3.8e-03, t(8):1.9e-01/1.9e-01, t(15):3.6e-01/3.6e-01, lr:5.00e-05
Train: 018400/020000, Loss/MSE: t(1):4.5e-03/4.5e-03, t(8):2.0e-01/2.0e-01, t(15):3.8e-01/3.8e-01, lr:5.00e-05
Train: 018600/020000, Loss/MSE: t(1):4.0e-03/4.0e-03, t(8):1.9e-01/1.9e-01, t(15):3.2e-01/3.2e-01, lr:5.00e-05
Train: 018800/020000, Loss/MSE: t(1):4.0e-03/4.0e-03, t(8):1.9e-01/1.9e-01, t(15):3.3e-01/3.3e-01, lr:5.00e-05
Train: 019000/020000, Loss/MSE: t(1):3.7e-03/3.7e-03, t(8):2.0e-01/2.0e-01, t(15):3.5e-01/3.5e-01, lr:5.00e-05
Train: 019200/020000, Loss/MSE: t(1):3.8e-03/3.8e-03, t(8):2.0e-01/2.0e-01, t(15):3.1e-01/3.1e-01, lr:5.00e-05
Train: 019400/020000, Loss/MSE: t(1):3.7e-03/3.7e-03, t(8):1.9e-01/1.9e-01, t(15):3.5e-01/3.5e-01, lr:5.00e-05
Train: 019600/020000, Loss/MSE: t(1):3.8e-03/3.8e-03, t(8):1.9e-01/1.9e-01, t(15):3.2e-01/3.2e-01, lr:5.00e-05
Train: 019800/020000, Loss/MSE: t(1):3.8e-03/3.8e-03, t(8):2.0e-01/2.0e-01, t(15):3.3e-01/3.3e-01, lr:5.00e-05
Train: 020000/020000, Loss/MSE: t(1):3.4e-03/3.4e-03, t(8):1.9e-01/1.9e-01, t(15):3.3e-01/3.3e-01, lr:5.00e-05
Elapsed time: 1337.76s
====================================================================================================
Validation: 01/482...
Validation: 02/482...
Validation: 03/482...
Validation: 04/482...
Validation: 05/482...
Validation: 06/482...
Validation: 07/482...
Validation: 08/482...
Validation: 09/482...
Validation: 10/482...
Validation: 11/482...
Validation: 12/482...
Validation: 13/482...
Validation: 14/482...
Validation: 15/482...
Validation: 16/482...
Validation: 17/482...
Validation: 18/482...
Validation: 19/482...
Validation: 20/482...
Validation: 21/482...
Validation: 22/482...
Validation: 23/482...
Validation: 24/482...
Validation: 25/482...
Validation: 26/482...
Validation: 27/482...
Validation: 28/482...
Validation: 29/482...
Validation: 30/482...
Validation: 31/482...
Validation: 32/482...
Validation: 33/482...
Validation: 34/482...
Validation: 35/482...
Validation: 36/482...
Validation: 37/482...
Validation: 38/482...
Validation: 39/482...
Validation: 40/482...
Validation: 41/482...
Validation: 42/482...
Validation: 43/482...
Validation: 44/482...
Validation: 45/482...
Validation: 46/482...
Validation: 47/482...
Validation: 48/482...
Validation: 49/482...
Validation: 50/482...
Validation: 51/482...
Validation: 52/482...
Validation: 53/482...
Validation: 54/482...
Validation: 55/482...
Validation: 56/482...
Validation: 57/482...
Validation: 58/482...
Validation: 59/482...
Validation: 60/482...
Validation: 61/482...
Validation: 62/482...
Validation: 63/482...
Validation: 64/482...
Validation: 65/482...
Validation: 66/482...
Validation: 67/482...
Validation: 68/482...
Validation: 69/482...
Validation: 70/482...
Validation: 71/482...
Validation: 72/482...
Validation: 73/482...
Validation: 74/482...
Validation: 75/482...
Validation: 76/482...
Validation: 77/482...
Validation: 78/482...
Validation: 79/482...
Validation: 80/482...
Validation: 81/482...
Validation: 82/482...
Validation: 83/482...
Validation: 84/482...
Validation: 85/482...
Validation: 86/482...
Validation: 87/482...
Validation: 88/482...
Validation: 89/482...
Validation: 90/482...
Validation: 91/482...
Validation: 92/482...
Validation: 93/482...
Validation: 94/482...
Validation: 95/482...
Validation: 96/482...
Validation: 97/482...
Validation: 98/482...
Validation: 99/482...
Validation: 100/482...
Validation: 101/482...
Validation: 102/482...
Validation: 103/482...
Validation: 104/482...
Validation: 105/482...
Validation: 106/482...
Validation: 107/482...
Validation: 108/482...
Validation: 109/482...
Validation: 110/482...
Validation: 111/482...
Validation: 112/482...
Validation: 113/482...
Validation: 114/482...
Validation: 115/482...
Validation: 116/482...
Validation: 117/482...
Validation: 118/482...
Validation: 119/482...
Validation: 120/482...
Validation: 121/482...
Validation: 122/482...
Validation: 123/482...
Validation: 124/482...
Validation: 125/482...
Validation: 126/482...
Validation: 127/482...
Validation: 128/482...
Validation: 129/482...
Validation: 130/482...
Validation: 131/482...
Validation: 132/482...
Validation: 133/482...
Validation: 134/482...
Validation: 135/482...
Validation: 136/482...
Validation: 137/482...
Validation: 138/482...
Validation: 139/482...
Validation: 140/482...
Validation: 141/482...
Validation: 142/482...
Validation: 143/482...
Validation: 144/482...
Validation: 145/482...
Validation: 146/482...
Validation: 147/482...
Validation: 148/482...
Validation: 149/482...
Validation: 150/482...
Validation: 151/482...
Validation: 152/482...
Validation: 153/482...
Validation: 154/482...
Validation: 155/482...
Validation: 156/482...
Validation: 157/482...
Validation: 158/482...
Validation: 159/482...
Validation: 160/482...
Validation: 161/482...
Validation: 162/482...
Validation: 163/482...
Validation: 164/482...
Validation: 165/482...
Validation: 166/482...
Validation: 167/482...
Validation: 168/482...
Validation: 169/482...
Validation: 170/482...
Validation: 171/482...
Validation: 172/482...
Validation: 173/482...
Validation: 174/482...
Validation: 175/482...
Validation: 176/482...
Validation: 177/482...
Validation: 178/482...
Validation: 179/482...
Validation: 180/482...
Validation: 181/482...
Validation: 182/482...
Validation: 183/482...
Validation: 184/482...
Validation: 185/482...
Validation: 186/482...
Validation: 187/482...
Validation: 188/482...
Validation: 189/482...
Validation: 190/482...
Validation: 191/482...
Validation: 192/482...
Validation: 193/482...
Validation: 194/482...
Validation: 195/482...
Validation: 196/482...
Validation: 197/482...
Validation: 198/482...
Validation: 199/482...
Validation: 200/482...
Validation: 201/482...
Validation: 202/482...
Validation: 203/482...
Validation: 204/482...
Validation: 205/482...
Validation: 206/482...
Validation: 207/482...
Validation: 208/482...
Validation: 209/482...
Validation: 210/482...
Validation: 211/482...
Validation: 212/482...
Validation: 213/482...
Validation: 214/482...
Validation: 215/482...
Validation: 216/482...
Validation: 217/482...
Validation: 218/482...
Validation: 219/482...
Validation: 220/482...
Validation: 221/482...
Validation: 222/482...
Validation: 223/482...
Validation: 224/482...
Validation: 225/482...
Validation: 226/482...
Validation: 227/482...
Validation: 228/482...
Validation: 229/482...
Validation: 230/482...
Validation: 231/482...
Validation: 232/482...
Validation: 233/482...
Validation: 234/482...
Validation: 235/482...
Validation: 236/482...
Validation: 237/482...
Validation: 238/482...
Validation: 239/482...
Validation: 240/482...
Validation: 241/482...
Validation: 242/482...
Validation: 243/482...
Validation: 244/482...
Validation: 245/482...
Validation: 246/482...
Validation: 247/482...
Validation: 248/482...
Validation: 249/482...
Validation: 250/482...
Validation: 251/482...
Validation: 252/482...
Validation: 253/482...
Validation: 254/482...
Validation: 255/482...
Validation: 256/482...
Validation: 257/482...
Validation: 258/482...
Validation: 259/482...
Validation: 260/482...
Validation: 261/482...
Validation: 262/482...
Validation: 263/482...
Validation: 264/482...
Validation: 265/482...
Validation: 266/482...
Validation: 267/482...
Validation: 268/482...
Validation: 269/482...
Validation: 270/482...
Validation: 271/482...
Validation: 272/482...
Validation: 273/482...
Validation: 274/482...
Validation: 275/482...
Validation: 276/482...
Validation: 277/482...
Validation: 278/482...
Validation: 279/482...
Validation: 280/482...
Validation: 281/482...
Validation: 282/482...
Validation: 283/482...
Validation: 284/482...
Validation: 285/482...
Validation: 286/482...
Validation: 287/482...
Validation: 288/482...
Validation: 289/482...
Validation: 290/482...
Validation: 291/482...
Validation: 292/482...
Validation: 293/482...
Validation: 294/482...
Validation: 295/482...
Validation: 296/482...
Validation: 297/482...
Validation: 298/482...
Validation: 299/482...
Validation: 300/482...
Validation: 301/482...
Validation: 302/482...
Validation: 303/482...
Validation: 304/482...
Validation: 305/482...
Validation: 306/482...
Validation: 307/482...
Validation: 308/482...
Validation: 309/482...
Validation: 310/482...
Validation: 311/482...
Validation: 312/482...
Validation: 313/482...
Validation: 314/482...
Validation: 315/482...
Validation: 316/482...
Validation: 317/482...
Validation: 318/482...
Validation: 319/482...
Validation: 320/482...
Validation: 321/482...
Validation: 322/482...
Validation: 323/482...
Validation: 324/482...
Validation: 325/482...
Validation: 326/482...
Validation: 327/482...
Validation: 328/482...
Validation: 329/482...
Validation: 330/482...
Validation: 331/482...
Validation: 332/482...
Validation: 333/482...
Validation: 334/482...
Validation: 335/482...
Validation: 336/482...
Validation: 337/482...
Validation: 338/482...
Validation: 339/482...
Validation: 340/482...
Validation: 341/482...
Validation: 342/482...
Validation: 343/482...
Validation: 344/482...
Validation: 345/482...
Validation: 346/482...
Validation: 347/482...
Validation: 348/482...
Validation: 349/482...
Validation: 350/482...
Validation: 351/482...
Validation: 352/482...
Validation: 353/482...
Validation: 354/482...
Validation: 355/482...
Validation: 356/482...
Validation: 357/482...
Validation: 358/482...
Validation: 359/482...
Validation: 360/482...
Validation: 361/482...
Validation: 362/482...
Validation: 363/482...
Validation: 364/482...
Validation: 365/482...
Validation: 366/482...
Validation: 367/482...
Validation: 368/482...
Validation: 369/482...
Validation: 370/482...
Validation: 371/482...
Validation: 372/482...
Validation: 373/482...
Validation: 374/482...
Validation: 375/482...
Validation: 376/482...
Validation: 377/482...
Validation: 378/482...
Validation: 379/482...
Validation: 380/482...
Validation: 381/482...
Validation: 382/482...
Validation: 383/482...
Validation: 384/482...
Validation: 385/482...
Validation: 386/482...
Validation: 387/482...
Validation: 388/482...
Validation: 389/482...
Validation: 390/482...
Validation: 391/482...
Validation: 392/482...
Validation: 393/482...
Validation: 394/482...
Validation: 395/482...
Validation: 396/482...
Validation: 397/482...
Validation: 398/482...
Validation: 399/482...
Validation: 400/482...
Validation: 401/482...
Validation: 402/482...
Validation: 403/482...
Validation: 404/482...
Validation: 405/482...
Validation: 406/482...
Validation: 407/482...
Validation: 408/482...
Validation: 409/482...
Validation: 410/482...
Validation: 411/482...
Validation: 412/482...
Validation: 413/482...
Validation: 414/482...
Validation: 415/482...
Validation: 416/482...
Validation: 417/482...
Validation: 418/482...
Validation: 419/482...
Validation: 420/482...
Validation: 421/482...
Validation: 422/482...
Validation: 423/482...
Validation: 424/482...
Validation: 425/482...
Validation: 426/482...
Validation: 427/482...
Validation: 428/482...
Validation: 429/482...
Validation: 430/482...
Validation: 431/482...
Validation: 432/482...
Validation: 433/482...
Validation: 434/482...
Validation: 435/482...
Validation: 436/482...
Validation: 437/482...
Validation: 438/482...
Validation: 439/482...
Validation: 440/482...
Validation: 441/482...
Validation: 442/482...
Validation: 443/482...
Validation: 444/482...
Validation: 445/482...
Validation: 446/482...
Validation: 447/482...
Validation: 448/482...
Validation: 449/482...
Validation: 450/482...
Validation: 451/482...
Validation: 452/482...
Validation: 453/482...
Validation: 454/482...
Validation: 455/482...
Validation: 456/482...
Validation: 457/482...
Validation: 458/482...
Validation: 459/482...
Validation: 460/482...
Validation: 461/482...
Validation: 462/482...
Validation: 463/482...
Validation: 464/482...
Validation: 465/482...
Validation: 466/482...
Validation: 467/482...
Validation: 468/482...
Validation: 469/482...
Validation: 470/482...
Validation: 471/482...
Validation: 472/482...
Validation: 473/482...
Validation: 474/482...
Validation: 475/482...
Validation: 476/482...
Validation: 477/482...
Validation: 478/482...
Validation: 479/482...
Validation: 480/482...
Validation: 481/482...
Validation: 482/482...
Validation Metric: PSNR=12.61, LPIPS=0.7793...
====================================================================================================
2026-07-14 01:03:55,074 [INFO] Entrenamiento completado. Checkpoints en: models\resshift_finetuned\resshift_fold_5_s15_lr5e5
======================================================================
ENTRENAMIENTO RESSHIFT K-FOLD V2
  Folds     : ['fold_1', 'fold_2', 'fold_3', 'fold_4', 'fold_5']
  Variantes : ['s15_lr5e5']
  Iteraciones: 20000
======================================================================

[1/5] ============================================================
  Fold    : fold_1
  Variante: s15_lr5e5  (scale=4, lr=5e-05)
  Exp     : resshift_fold_1_s15_lr5e5
==================================================================
CMD: E:\Anaconda\envs\resshift\python.exe scripts/diffusion/train_resshift.py --hr_dir data\sr_kfold\fold_1\train\hr --lr_dir data\sr_kfold\fold_1\train\lr --val_hr_dir data\sr_kfold\fold_1\val\hr --val_lr_dir data\sr_kfold\fold_1\val\lr --scale 4 --lr 5e-05 --iterations 20000 --batch_size 2 --save_freq 2000 --output_dir models\resshift_finetuned --exp_name resshift_fold_1_s15_lr5e5 --seed 42 --grad_accum_steps 2 --num_workers 2 --val_freq 2000 --augment --config ResShift/configs/realsr_swinunet_realesrgan256.yaml

[OK] resshift_fold_1_s15_lr5e5 completado.

[2/5] ============================================================
  Fold    : fold_2
  Variante: s15_lr5e5  (scale=4, lr=5e-05)
  Exp     : resshift_fold_2_s15_lr5e5
==================================================================
CMD: E:\Anaconda\envs\resshift\python.exe scripts/diffusion/train_resshift.py --hr_dir data\sr_kfold\fold_2\train\hr --lr_dir data\sr_kfold\fold_2\train\lr --val_hr_dir data\sr_kfold\fold_2\val\hr --val_lr_dir data\sr_kfold\fold_2\val\lr --scale 4 --lr 5e-05 --iterations 20000 --batch_size 2 --save_freq 2000 --output_dir models\resshift_finetuned --exp_name resshift_fold_2_s15_lr5e5 --seed 42 --grad_accum_steps 2 --num_workers 2 --val_freq 2000 --augment --config ResShift/configs/realsr_swinunet_realesrgan256.yaml

[OK] resshift_fold_2_s15_lr5e5 completado.

[3/5] ============================================================
  Fold    : fold_3
  Variante: s15_lr5e5  (scale=4, lr=5e-05)
  Exp     : resshift_fold_3_s15_lr5e5
==================================================================
CMD: E:\Anaconda\envs\resshift\python.exe scripts/diffusion/train_resshift.py --hr_dir data\sr_kfold\fold_3\train\hr --lr_dir data\sr_kfold\fold_3\train\lr --val_hr_dir data\sr_kfold\fold_3\val\hr --val_lr_dir data\sr_kfold\fold_3\val\lr --scale 4 --lr 5e-05 --iterations 20000 --batch_size 2 --save_freq 2000 --output_dir models\resshift_finetuned --exp_name resshift_fold_3_s15_lr5e5 --seed 42 --grad_accum_steps 2 --num_workers 2 --val_freq 2000 --augment --config ResShift/configs/realsr_swinunet_realesrgan256.yaml

[OK] resshift_fold_3_s15_lr5e5 completado.

[4/5] ============================================================
  Fold    : fold_4
  Variante: s15_lr5e5  (scale=4, lr=5e-05)
  Exp     : resshift_fold_4_s15_lr5e5
==================================================================
CMD: E:\Anaconda\envs\resshift\python.exe scripts/diffusion/train_resshift.py --hr_dir data\sr_kfold\fold_4\train\hr --lr_dir data\sr_kfold\fold_4\train\lr --val_hr_dir data\sr_kfold\fold_4\val\hr --val_lr_dir data\sr_kfold\fold_4\val\lr --scale 4 --lr 5e-05 --iterations 20000 --batch_size 2 --save_freq 2000 --output_dir models\resshift_finetuned --exp_name resshift_fold_4_s15_lr5e5 --seed 42 --grad_accum_steps 2 --num_workers 2 --val_freq 2000 --augment --config ResShift/configs/realsr_swinunet_realesrgan256.yaml

[OK] resshift_fold_4_s15_lr5e5 completado.

[5/5] ============================================================
  Fold    : fold_5
  Variante: s15_lr5e5  (scale=4, lr=5e-05)
  Exp     : resshift_fold_5_s15_lr5e5
==================================================================
CMD: E:\Anaconda\envs\resshift\python.exe scripts/diffusion/train_resshift.py --hr_dir data\sr_kfold\fold_5\train\hr --lr_dir data\sr_kfold\fold_5\train\lr --val_hr_dir data\sr_kfold\fold_5\val\hr --val_lr_dir data\sr_kfold\fold_5\val\lr --scale 4 --lr 5e-05 --iterations 20000 --batch_size 2 --save_freq 2000 --output_dir models\resshift_finetuned --exp_name resshift_fold_5_s15_lr5e5 --seed 42 --grad_accum_steps 2 --num_workers 2 --val_freq 2000 --augment --config ResShift/configs/realsr_swinunet_realesrgan256.yaml

[OK] resshift_fold_5_s15_lr5e5 completado.

======================================================================
RESUMEN
  Total experimentos : 5
  Fallidos           : 0
======================================================================
